local_time	last_changed	flag	category	scope	sector	car_number	event_id	state	message
09-24 16:17:42	2026-09-24T08:17:42.037138+00:00		Other				2026-09-24T08:17:40|Other|PINK HEAD PADDING MATERIAL MUST BE USED	PINK HEAD PADDING MATERIAL MUST BE USED	PINK HEAD PADDING MATERIAL MUST BE USED
09-24 16:22:10	2026-09-24T08:22:10.212279+00:00	YELLOW	Flag	Sector	10		2026-09-24T08:22:08|Flag|YELLOW IN TRACK SECTOR 10	YELLOW IN TRACK SECTOR 10	YELLOW IN TRACK SECTOR 10
09-24 16:22:20	2026-09-24T08:22:20.872375+00:00	DOUBLE YELLOW	Flag	Sector	19		2026-09-24T08:22:19|Flag|DOUBLE YELLOW IN TRACK SECTOR 19	DOUBLE YELLOW IN TRACK SECTOR 19	DOUBLE YELLOW IN TRACK SECTOR 19
09-24 16:22:20	2026-09-24T08:22:20.918705+00:00	YELLOW	Flag	Sector	18		2026-09-24T08:22:19|Flag|YELLOW IN TRACK SECTOR 18	YELLOW IN TRACK SECTOR 18	YELLOW IN TRACK SECTOR 18
09-24 16:22:25	2026-09-24T08:22:25.796867+00:00	CLEAR	Flag	Sector	10		2026-09-24T08:22:24|Flag|CLEAR IN TRACK SECTOR 10	CLEAR IN TRACK SECTOR 10	CLEAR IN TRACK SECTOR 10
09-24 16:22:39	2026-09-24T08:22:39.223209+00:00	CLEAR	Flag	Sector	18		2026-09-24T08:22:37|Flag|CLEAR IN TRACK SECTOR 18	CLEAR IN TRACK SECTOR 18	CLEAR IN TRACK SECTOR 18
09-24 16:24:14	2026-09-24T08:24:14.454229+00:00	CLEAR	Flag	Sector	3		2026-09-24T08:24:12|Flag|CLEAR IN TRACK SECTOR 3	CLEAR IN TRACK SECTOR 3	CLEAR IN TRACK SECTOR 3
09-24 16:24:17	2026-09-24T08:24:17.440839+00:00	CLEAR	Flag	Sector	7		2026-09-24T08:24:15|Flag|CLEAR IN TRACK SECTOR 7	CLEAR IN TRACK SECTOR 7	CLEAR IN TRACK SECTOR 7
09-24 16:24:21	2026-09-24T08:24:21.960257+00:00	CLEAR	Flag	Sector	8		2026-09-24T08:24:20|Flag|CLEAR IN TRACK SECTOR 8	CLEAR IN TRACK SECTOR 8	CLEAR IN TRACK SECTOR 8
09-24 16:24:23	2026-09-24T08:24:23.133699+00:00	CLEAR	Flag	Sector	9		2026-09-24T08:24:21|Flag|CLEAR IN TRACK SECTOR 9	CLEAR IN TRACK SECTOR 9	CLEAR IN TRACK SECTOR 9
09-24 16:24:25	2026-09-24T08:24:25.556859+00:00	CLEAR	Flag	Sector	19		2026-09-24T08:24:23|Flag|CLEAR IN TRACK SECTOR 19	CLEAR IN TRACK SECTOR 19	CLEAR IN TRACK SECTOR 19
09-24 16:30:02	2026-09-24T08:30:02.564749+00:00	GREEN	Flag	Track			2026-09-24T08:30:00|Flag|GREEN LIGHT - PIT EXIT OPEN	GREEN LIGHT - PIT EXIT OPEN	GREEN LIGHT - PIT EXIT OPEN
09-24 16:53:41	2026-09-24T08:53:41.312694+00:00	DOUBLE YELLOW	Flag	Sector	9		2026-09-24T08:53:39|Flag|DOUBLE YELLOW IN TRACK SECTOR 9	DOUBLE YELLOW IN TRACK SECTOR 9	DOUBLE YELLOW IN TRACK SECTOR 9
09-24 16:53:41	2026-09-24T08:53:41.314648+00:00	YELLOW	Flag	Sector	8		2026-09-24T08:53:39|Flag|YELLOW IN TRACK SECTOR 8	YELLOW IN TRACK SECTOR 8	YELLOW IN TRACK SECTOR 8
09-24 16:54:19	2026-09-24T08:54:19.703969+00:00		SafetyCar				2026-09-24T08:54:17|SafetyCar|VSC DEPLOYED	VSC DEPLOYED	VSC DEPLOYED
09-24 16:54:31	2026-09-24T08:54:31.510549+00:00		Other				2026-09-24T08:54:29|Other|MARSHALS ON TRACK AT TURN 7	MARSHALS ON TRACK AT TURN 7	MARSHALS ON TRACK AT TURN 7
09-24 16:55:43	2026-09-24T08:55:43.824267+00:00		SafetyCar				2026-09-24T08:55:42|SafetyCar|VSC ENDING	VSC ENDING	VSC ENDING
09-24 16:55:57	2026-09-24T08:55:57.107888+00:00	CLEAR	Flag	Track			2026-09-24T08:55:55|Flag|TRACK CLEAR	TRACK CLEAR	TRACK CLEAR
09-24 16:55:57	2026-09-24T08:55:57.230078+00:00	CLEAR	Flag	Sector	8		2026-09-24T08:55:55|Flag|CLEAR IN TRACK SECTOR 8	CLEAR IN TRACK SECTOR 8	CLEAR IN TRACK SECTOR 8
09-24 16:55:57	2026-09-24T08:55:57.247036+00:00	CLEAR	Flag	Sector	9		2026-09-24T08:55:55|Flag|CLEAR IN TRACK SECTOR 9	CLEAR IN TRACK SECTOR 9	CLEAR IN TRACK SECTOR 9
09-24 16:55:59	2026-09-24T08:55:59.851817+00:00		Other				2026-09-24T08:55:57|Other|OVERTAKE ENABLED	OVERTAKE ENABLED	OVERTAKE ENABLED
09-24 16:56:45	2026-09-24T08:56:45.382862+00:00		Other				2026-09-24T08:56:43|Other|CAR 6 (HAD) LAP DELETED - TRACK LIMITS AT TURN 15 LAP 9 12:47:43 (PIT)	CAR 6 (HAD) LAP DELETED - TRACK LIMITS AT TURN 15 LAP 9 12:47:43 (PIT)	CAR 6 (HAD) LAP DELETED - TRACK LIMITS AT TURN 15 LAP 9 12:47:43 (PIT)
09-24 16:57:40	2026-09-24T08:57:40.398391+00:00		Other				2026-09-24T08:57:38|Other|CAR 77 (BOT) TIME 2:23.403 DELETED - DOUBLE YELLOW AT TURN 7 LAP 6 12:53:52	CAR 77 (BOT) TIME 2:23.403 DELETED - DOUBLE YELLOW AT TURN 7 LAP 6 12:53:52	CAR 77 (BOT) TIME 2:23.403 DELETED - DOUBLE YELLOW AT TURN 7 LAP 6 12:53:52
09-24 16:57:56	2026-09-24T08:57:56.774448+00:00		Other				2026-09-24T08:57:54|Other|CAR 23 (ALB) LAP DELETED - DOUBLE YELLOW AT TURN 7 LAP 13 12:53:58 (PIT)	CAR 23 (ALB) LAP DELETED - DOUBLE YELLOW AT TURN 7 LAP 13 12:53:58 (PIT)	CAR 23 (ALB) LAP DELETED - DOUBLE YELLOW AT TURN 7 LAP 13 12:53:58 (PIT)
09-24 16:57:59	2026-09-24T08:57:59.263522+00:00		Other				2026-09-24T08:57:57|Other|CAR 10 (GAS) TIME 2:20.065 DELETED - DOUBLE YELLOW AT TURN 7 LAP 7 12:54:16	CAR 10 (GAS) TIME 2:20.065 DELETED - DOUBLE YELLOW AT TURN 7 LAP 7 12:54:16	CAR 10 (GAS) TIME 2:20.065 DELETED - DOUBLE YELLOW AT TURN 7 LAP 7 12:54:16
09-24 16:58:29	2026-09-24T08:58:29.168071+00:00	YELLOW	Flag	Sector	5		2026-09-24T08:58:27|Flag|YELLOW IN TRACK SECTOR 5	YELLOW IN TRACK SECTOR 5	YELLOW IN TRACK SECTOR 5
09-24 16:58:29	2026-09-24T08:58:29.170036+00:00	YELLOW	Flag	Sector	4		2026-09-24T08:58:27|Flag|YELLOW IN TRACK SECTOR 4	YELLOW IN TRACK SECTOR 4	YELLOW IN TRACK SECTOR 4
09-24 16:59:02	2026-09-24T08:59:02.641560+00:00	DOUBLE YELLOW	Flag	Sector	5		2026-09-24T08:59:00|Flag|DOUBLE YELLOW IN TRACK SECTOR 5	DOUBLE YELLOW IN TRACK SECTOR 5	DOUBLE YELLOW IN TRACK SECTOR 5
09-24 16:59:14	2026-09-24T08:59:14.820717+00:00	CLEAR	Flag	Sector	5		2026-09-24T08:59:13|Flag|CLEAR IN TRACK SECTOR 5	CLEAR IN TRACK SECTOR 5	CLEAR IN TRACK SECTOR 5
09-24 16:59:16	2026-09-24T08:59:16.565544+00:00	CLEAR	Flag	Sector	4		2026-09-24T08:59:14|Flag|CLEAR IN TRACK SECTOR 4	CLEAR IN TRACK SECTOR 4	CLEAR IN TRACK SECTOR 4
09-24 17:00:54	2026-09-24T09:00:54.347476+00:00		Other				2026-09-24T09:00:52|Other|CAR 18 (STR) TIME 2:17.464 DELETED - DOUBLE YELLOW AT TURN 3 LAP 10 12:59:00	CAR 18 (STR) TIME 2:17.464 DELETED - DOUBLE YELLOW AT TURN 3 LAP 10 12:59:00	CAR 18 (STR) TIME 2:17.464 DELETED - DOUBLE YELLOW AT TURN 3 LAP 10 12:59:00
09-24 17:01:26	2026-09-24T09:01:26.685734+00:00		Other				2026-09-24T09:01:23|Other|CAR 30 (LAW) TIME 2:05.277 DELETED - DOUBLE YELLOW AT TURN 3 LAP 12 12:59:00	CAR 30 (LAW) TIME 2:05.277 DELETED - DOUBLE YELLOW AT TURN 3 LAP 12 12:59:00	CAR 30 (LAW) TIME 2:05.277 DELETED - DOUBLE YELLOW AT TURN 3 LAP 12 12:59:00
09-24 17:01:39	2026-09-24T09:01:39.618879+00:00		Other				2026-09-24T09:01:37|Other|CAR 63 (RUS) TIME 3:03.205 DELETED - TRACK LIMITS AT TURN 3 LAP 11 12:58:28	CAR 63 (RUS) TIME 3:03.205 DELETED - TRACK LIMITS AT TURN 3 LAP 11 12:58:28	CAR 63 (RUS) TIME 3:03.205 DELETED - TRACK LIMITS AT TURN 3 LAP 11 12:58:28
09-24 17:01:49	2026-09-24T09:01:49.604820+00:00		Other				2026-09-24T09:01:47|Other|CAR 3 (VER) TIME 2:22.507 DELETED - DOUBLE YELLOW AT TURN 3 LAP 10 12:59:07	CAR 3 (VER) TIME 2:22.507 DELETED - DOUBLE YELLOW AT TURN 3 LAP 10 12:59:07	CAR 3 (VER) TIME 2:22.507 DELETED - DOUBLE YELLOW AT TURN 3 LAP 10 12:59:07
09-24 17:01:51	2026-09-24T09:01:51.618693+00:00		Other				2026-09-24T09:01:49|Other|CAR 81 (PIA) LAP DELETED - DOUBLE YELLOW AT TURN 3 LAP 10 12:59:11 (PIT)	CAR 81 (PIA) LAP DELETED - DOUBLE YELLOW AT TURN 3 LAP 10 12:59:11 (PIT)	CAR 81 (PIA) LAP DELETED - DOUBLE YELLOW AT TURN 3 LAP 10 12:59:11 (PIT)
09-24 17:01:52	2026-09-24T09:01:52.332234+00:00		Other				2026-09-24T09:01:50|Other|CAR 3 (VER) TIME 2:22.507 DELETED - TRACK LIMITS AT TURN 1 LAP 10 12:58:36	CAR 3 (VER) TIME 2:22.507 DELETED - TRACK LIMITS AT TURN 1 LAP 10 12:58:36	CAR 3 (VER) TIME 2:22.507 DELETED - TRACK LIMITS AT TURN 1 LAP 10 12:58:36
09-24 17:02:18	2026-09-24T09:02:18.555325+00:00	YELLOW	Flag	Sector	10		2026-09-24T09:02:16|Flag|YELLOW IN TRACK SECTOR 10	YELLOW IN TRACK SECTOR 10	YELLOW IN TRACK SECTOR 10
09-24 17:02:18	2026-09-24T09:02:18.572830+00:00	YELLOW	Flag	Sector	9		2026-09-24T09:02:16|Flag|YELLOW IN TRACK SECTOR 9	YELLOW IN TRACK SECTOR 9	YELLOW IN TRACK SECTOR 9
09-24 17:02:19	2026-09-24T09:02:19.874629+00:00		Other				2026-09-24T09:02:18|Other|INCIDENT INVOLVING ALL CARS NOTED - RACE CONTROL TEST	INCIDENT INVOLVING ALL CARS NOTED - RACE CONTROL TEST	INCIDENT INVOLVING ALL CARS NOTED - RACE CONTROL TEST
09-24 17:02:32	2026-09-24T09:02:32.416077+00:00	CLEAR	Flag	Sector	9		2026-09-24T09:02:30|Flag|CLEAR IN TRACK SECTOR 9	CLEAR IN TRACK SECTOR 9	CLEAR IN TRACK SECTOR 9
09-24 17:02:34	2026-09-24T09:02:34.264723+00:00	CLEAR	Flag	Sector	10		2026-09-24T09:02:32|Flag|CLEAR IN TRACK SECTOR 10	CLEAR IN TRACK SECTOR 10	CLEAR IN TRACK SECTOR 10
09-24 17:03:39	2026-09-24T09:03:39.937379+00:00		Other				2026-09-24T09:03:38|Other|CAR 5 (BOR) TIME 2:17.229 DELETED - TRACK LIMITS AT TURN 9 LAP 9 13:02:05	CAR 5 (BOR) TIME 2:17.229 DELETED - TRACK LIMITS AT TURN 9 LAP 9 13:02:05	CAR 5 (BOR) TIME 2:17.229 DELETED - TRACK LIMITS AT TURN 9 LAP 9 13:02:05
09-24 17:04:03	2026-09-24T09:04:03.276142+00:00	YELLOW	Flag	Sector	2		2026-09-24T09:04:01|Flag|YELLOW IN TRACK SECTOR 2	YELLOW IN TRACK SECTOR 2	YELLOW IN TRACK SECTOR 2
09-24 17:04:03	2026-09-24T09:04:03.300624+00:00	YELLOW	Flag	Sector	1		2026-09-24T09:04:01|Flag|YELLOW IN TRACK SECTOR 1	YELLOW IN TRACK SECTOR 1	YELLOW IN TRACK SECTOR 1
09-24 17:04:08	2026-09-24T09:04:08.742405+00:00	CLEAR	Flag	Sector	2		2026-09-24T09:04:06|Flag|CLEAR IN TRACK SECTOR 2	CLEAR IN TRACK SECTOR 2	CLEAR IN TRACK SECTOR 2
09-24 17:04:09	2026-09-24T09:04:09.662782+00:00	CLEAR	Flag	Sector	1		2026-09-24T09:04:07|Flag|CLEAR IN TRACK SECTOR 1	CLEAR IN TRACK SECTOR 1	CLEAR IN TRACK SECTOR 1
09-24 17:06:08	2026-09-24T09:06:08.403911+00:00		Other				2026-09-24T09:06:06|Other|TURN 7 INCIDENT INVOLVING CAR 77 (BOT) NOTED - YELLOW FLAG INFRINGEMENT (13:02:16)	TURN 7 INCIDENT INVOLVING CAR 77 (BOT) NOTED - YELLOW FLAG INFRINGEMENT (13:02:16)	TURN 7 INCIDENT INVOLVING CAR 77 (BOT) NOTED - YELLOW FLAG INFRINGEMENT (13:02:16)
09-24 17:06:21	2026-09-24T09:06:21.047670+00:00		Other				2026-09-24T09:06:19|Other|CAR 81 (PIA) TIME 2:17.138 DELETED - TRACK LIMITS AT TURN 1 LAP 12 13:04:01	CAR 81 (PIA) TIME 2:17.138 DELETED - TRACK LIMITS AT TURN 1 LAP 12 13:04:01	CAR 81 (PIA) TIME 2:17.138 DELETED - TRACK LIMITS AT TURN 1 LAP 12 13:04:01
09-24 17:06:59	2026-09-24T09:06:59.075284+00:00		Other				2026-09-24T09:06:56|Other|FIA STEWARDS: TURN 7 INCIDENT INVOLVING CAR 77 (BOT) WILL BE INVESTIGATED AFTER THE SESSION - YELLOW FLAG INFRINGEMENT (13:02:16)	FIA STEWARDS: TURN 7 INCIDENT INVOLVING CAR 77 (BOT) WILL BE INVESTIGATED AFTER THE SESSION - YELLOW FLAG INFRINGEMENT (13:02:16)	FIA STEWARDS: TURN 7 INCIDENT INVOLVING CAR 77 (BOT) WILL BE INVESTIGATED AFTER THE SESSION - YELLOW FLAG INFRINGEMENT (13:02:16)
09-24 17:07:39	2026-09-24T09:07:39.845255+00:00		Other				2026-09-24T09:07:37|Other|FIA STEWARDS: INCIDENT INVOLVING ALL CARS UNDER INVESTIGATION - RACE CONTROL TEST	FIA STEWARDS: INCIDENT INVOLVING ALL CARS UNDER INVESTIGATION - RACE CONTROL TEST	FIA STEWARDS: INCIDENT INVOLVING ALL CARS UNDER INVESTIGATION - RACE CONTROL TEST
09-24 17:07:47	2026-09-24T09:07:47.613549+00:00		Other				2026-09-24T09:07:45|Other|CAR 16 (LEC) TIME 2:25.947 DELETED - TRACK LIMITS AT TURN 1 LAP 15 13:04:48	CAR 16 (LEC) TIME 2:25.947 DELETED - TRACK LIMITS AT TURN 1 LAP 15 13:04:48	CAR 16 (LEC) TIME 2:25.947 DELETED - TRACK LIMITS AT TURN 1 LAP 15 13:04:48
09-24 17:11:27	2026-09-24T09:11:27.406556+00:00		Other				2026-09-24T09:11:25|Other|CAR 14 (ALO) TIME 2:18.636 DELETED - TRACK LIMITS AT TURN 1 LAP 15 13:09:08	CAR 14 (ALO) TIME 2:18.636 DELETED - TRACK LIMITS AT TURN 1 LAP 15 13:09:08	CAR 14 (ALO) TIME 2:18.636 DELETED - TRACK LIMITS AT TURN 1 LAP 15 13:09:08
09-24 17:13:38	2026-09-24T09:13:38.607838+00:00		Other				2026-09-24T09:13:36|Other|FIA STEWARDS: INCIDENT INVOLVING ALL CARS NO FURTHER ACTION - RACE CONTROL TEST	FIA STEWARDS: INCIDENT INVOLVING ALL CARS NO FURTHER ACTION - RACE CONTROL TEST	FIA STEWARDS: INCIDENT INVOLVING ALL CARS NO FURTHER ACTION - RACE CONTROL TEST
09-24 17:26:22	2026-09-24T09:26:22.689001+00:00		Other				2026-09-24T09:20:38|Other|CAR 63 (RUS) TIME 7:41.014 DELETED - TRACK LIMITS AT TURN 15 LAP 17 13:18:11	CAR 63 (RUS) TIME 7:41.014 DELETED - TRACK LIMITS AT TURN 15 LAP 17 13:18:11	CAR 63 (RUS) TIME 7:41.014 DELETED - TRACK LIMITS AT TURN 15 LAP 17 13:18:11
09-24 17:26:22	2026-09-24T09:26:22.691272+00:00		Other				2026-09-24T09:23:26|Other|CAR 41 (LIN) TIME 2:23.391 DELETED - TRACK LIMITS AT TURN 1 LAP 19 13:21:00	CAR 41 (LIN) TIME 2:23.391 DELETED - TRACK LIMITS AT TURN 1 LAP 19 13:21:00	CAR 41 (LIN) TIME 2:23.391 DELETED - TRACK LIMITS AT TURN 1 LAP 19 13:21:00
09-24 17:26:22	2026-09-24T09:26:22.692850+00:00	YELLOW	Flag	Sector	9		2026-09-24T09:24:10|Flag|YELLOW IN TRACK SECTOR 9	YELLOW IN TRACK SECTOR 9	YELLOW IN TRACK SECTOR 9
09-24 17:26:22	2026-09-24T09:26:22.694251+00:00	YELLOW	Flag	Sector	8		2026-09-24T09:24:10|Flag|YELLOW IN TRACK SECTOR 8	YELLOW IN TRACK SECTOR 8	YELLOW IN TRACK SECTOR 8
09-24 17:26:22	2026-09-24T09:26:22.696724+00:00	YELLOW	Flag	Sector	6		2026-09-24T09:25:00|Flag|YELLOW IN TRACK SECTOR 6	YELLOW IN TRACK SECTOR 6	YELLOW IN TRACK SECTOR 6
09-24 17:26:22	2026-09-24T09:26:22.698222+00:00	YELLOW	Flag	Sector	5		2026-09-24T09:25:00|Flag|YELLOW IN TRACK SECTOR 5	YELLOW IN TRACK SECTOR 5	YELLOW IN TRACK SECTOR 5
09-24 17:26:23	2026-09-24T09:26:23.299622+00:00		SafetyCar				2026-09-24T09:25:19|SafetyCar|VSC DEPLOYED	VSC DEPLOYED	VSC DEPLOYED
09-24 17:26:23	2026-09-24T09:26:23.301576+00:00		Other				2026-09-24T09:25:28|Other|MARSHALS ON TRACK AT TURN 4	MARSHALS ON TRACK AT TURN 4	MARSHALS ON TRACK AT TURN 4
09-24 17:26:23	2026-09-24T09:26:23.303059+00:00	CLEAR	Flag	Sector	9		2026-09-24T09:26:11|Flag|CLEAR IN TRACK SECTOR 9	CLEAR IN TRACK SECTOR 9	CLEAR IN TRACK SECTOR 9
09-24 17:26:23	2026-09-24T09:26:23.304453+00:00	CLEAR	Flag	Sector	8		2026-09-24T09:26:11|Flag|CLEAR IN TRACK SECTOR 8	CLEAR IN TRACK SECTOR 8	CLEAR IN TRACK SECTOR 8
09-24 17:26:23	2026-09-24T09:26:23.307390+00:00		Other				2026-09-24T09:26:15|Other|CAR 10 (GAS) TIME 2:37.683 DELETED - TRACK LIMITS AT TURN 1 LAP 19 13:23:27	CAR 10 (GAS) TIME 2:37.683 DELETED - TRACK LIMITS AT TURN 1 LAP 19 13:23:27	CAR 10 (GAS) TIME 2:37.683 DELETED - TRACK LIMITS AT TURN 1 LAP 19 13:23:27
09-24 17:26:30	2026-09-24T09:26:30.887275+00:00		SafetyCar				2026-09-24T09:26:28|SafetyCar|VSC ENDING	VSC ENDING	VSC ENDING
09-24 17:26:41	2026-09-24T09:26:41.575726+00:00	CLEAR	Flag	Track			2026-09-24T09:26:39|Flag|TRACK CLEAR	TRACK CLEAR	TRACK CLEAR
09-24 17:26:41	2026-09-24T09:26:41.717268+00:00	CLEAR	Flag	Sector	5		2026-09-24T09:26:39|Flag|CLEAR IN TRACK SECTOR 5	CLEAR IN TRACK SECTOR 5	CLEAR IN TRACK SECTOR 5
09-24 17:26:41	2026-09-24T09:26:41.741121+00:00	CLEAR	Flag	Sector	6		2026-09-24T09:26:39|Flag|CLEAR IN TRACK SECTOR 6	CLEAR IN TRACK SECTOR 6	CLEAR IN TRACK SECTOR 6
09-24 17:26:48	2026-09-24T09:26:48.133814+00:00	YELLOW	Flag	Sector	6		2026-09-24T09:26:45|Flag|YELLOW IN TRACK SECTOR 6	YELLOW IN TRACK SECTOR 6	YELLOW IN TRACK SECTOR 6
09-24 17:26:48	2026-09-24T09:26:48.135766+00:00	YELLOW	Flag	Sector	5		2026-09-24T09:26:46|Flag|YELLOW IN TRACK SECTOR 5	YELLOW IN TRACK SECTOR 5	YELLOW IN TRACK SECTOR 5
09-24 17:26:50	2026-09-24T09:26:50.215955+00:00	CLEAR	Flag	Sector	6		2026-09-24T09:26:48|Flag|CLEAR IN TRACK SECTOR 6	CLEAR IN TRACK SECTOR 6	CLEAR IN TRACK SECTOR 6
09-24 17:26:53	2026-09-24T09:26:53.439990+00:00	CLEAR	Flag	Sector	5		2026-09-24T09:26:51|Flag|CLEAR IN TRACK SECTOR 5	CLEAR IN TRACK SECTOR 5	CLEAR IN TRACK SECTOR 5
09-24 17:27:18	2026-09-24T09:27:18.630410+00:00		Other				2026-09-24T09:27:16|Other|CAR 41 (LIN) TIME 3:23.426 DELETED - TRACK LIMITS AT TURN 7 LAP 20 13:24:09	CAR 41 (LIN) TIME 3:23.426 DELETED - TRACK LIMITS AT TURN 7 LAP 20 13:24:09	CAR 41 (LIN) TIME 3:23.426 DELETED - TRACK LIMITS AT TURN 7 LAP 20 13:24:09
09-24 17:27:35	2026-09-24T09:27:35.010477+00:00		Other				2026-09-24T09:27:33|Other|CAR 18 (STR) TIME 2:28.239 DELETED - TRACK LIMITS AT TURN 1 LAP 19 13:24:31	CAR 18 (STR) TIME 2:28.239 DELETED - TRACK LIMITS AT TURN 1 LAP 19 13:24:31	CAR 18 (STR) TIME 2:28.239 DELETED - TRACK LIMITS AT TURN 1 LAP 19 13:24:31
09-24 17:30:02	2026-09-24T09:30:02.371379+00:00	CHEQUERED	Flag	Track			2026-09-24T09:30:00|Flag|CHEQUERED FLAG	CHEQUERED FLAG	CHEQUERED FLAG
09-24 17:30:09	2026-09-24T09:30:09.181024+00:00		Other				2026-09-24T09:30:07|Other|FIRST CAR TO TAKE THE FLAG - CAR 43 (COL)	FIRST CAR TO TAKE THE FLAG - CAR 43 (COL)	FIRST CAR TO TAKE THE FLAG - CAR 43 (COL)
09-24 17:30:33	2026-09-24T09:30:33.865552+00:00		Other				2026-09-24T09:30:32|Other|CAR 10 (GAS) TIME 2:15.967 DELETED - TRACK LIMITS AT TURN 1 LAP 21 13:28:18	CAR 10 (GAS) TIME 2:15.967 DELETED - TRACK LIMITS AT TURN 1 LAP 21 13:28:18	CAR 10 (GAS) TIME 2:15.967 DELETED - TRACK LIMITS AT TURN 1 LAP 21 13:28:18
09-24 17:35:11	2026-09-24T09:35:11.767402+00:00	YELLOW	Flag	Sector	9		2026-09-24T09:35:10|Flag|YELLOW IN TRACK SECTOR 9	YELLOW IN TRACK SECTOR 9	YELLOW IN TRACK SECTOR 9
09-24 17:35:11	2026-09-24T09:35:11.806645+00:00	YELLOW	Flag	Sector	8		2026-09-24T09:35:10|Flag|YELLOW IN TRACK SECTOR 8	YELLOW IN TRACK SECTOR 8	YELLOW IN TRACK SECTOR 8
09-24 17:35:37	2026-09-24T09:35:37.499542+00:00	DOUBLE YELLOW	Flag	Sector	9		2026-09-24T09:35:35|Flag|DOUBLE YELLOW IN TRACK SECTOR 9	DOUBLE YELLOW IN TRACK SECTOR 9	DOUBLE YELLOW IN TRACK SECTOR 9
09-24 17:35:47	2026-09-24T09:35:47.319660+00:00	CLEAR	Flag	Sector	9		2026-09-24T09:35:45|Flag|CLEAR IN TRACK SECTOR 9	CLEAR IN TRACK SECTOR 9	CLEAR IN TRACK SECTOR 9
09-24 17:35:47	2026-09-24T09:35:47.377023+00:00	CLEAR	Flag	Sector	8		2026-09-24T09:35:45|Flag|CLEAR IN TRACK SECTOR 8	CLEAR IN TRACK SECTOR 8	CLEAR IN TRACK SECTOR 8
09-24 17:38:09	2026-09-24T09:38:09.888223+00:00	YELLOW	Flag	Sector	6		2026-09-24T09:38:08|Flag|YELLOW IN TRACK SECTOR 6	YELLOW IN TRACK SECTOR 6	YELLOW IN TRACK SECTOR 6
09-24 17:38:16	2026-09-24T09:38:16.439272+00:00	CLEAR	Flag	Sector	6		2026-09-24T09:38:14|Flag|CLEAR IN TRACK SECTOR 6	CLEAR IN TRACK SECTOR 6	CLEAR IN TRACK SECTOR 6
09-24 17:38:44	2026-09-24T09:38:44.503448+00:00	YELLOW	Flag	Sector	6		2026-09-24T09:38:42|Flag|YELLOW IN TRACK SECTOR 6	YELLOW IN TRACK SECTOR 6	YELLOW IN TRACK SECTOR 6
09-24 17:45:36	2026-09-24T09:45:36.177062+00:00		Other				2026-09-24T09:45:34|Other|RISK OF RAIN FOR F2 QUALIFYING IS 0%	RISK OF RAIN FOR F2 QUALIFYING IS 0%	RISK OF RAIN FOR F2 QUALIFYING IS 0%
09-24 20:00:02	2026-09-24T12:00:02.350458+00:00	GREEN	Flag	Track			2026-09-24T12:00:00|Flag|GREEN LIGHT - PIT EXIT OPEN	GREEN LIGHT - PIT EXIT OPEN	GREEN LIGHT - PIT EXIT OPEN
09-24 20:03:05	2026-09-24T12:03:05.354380+00:00		Other				2026-09-24T12:03:03|Other|CAR 43 (COL) LAP DELETED - TRACK LIMITS AT TURN 2 LAP 2 16:00:36	CAR 43 (COL) LAP DELETED - TRACK LIMITS AT TURN 2 LAP 2 16:00:36	CAR 43 (COL) LAP DELETED - TRACK LIMITS AT TURN 2 LAP 2 16:00:36
09-24 20:15:42	2026-09-24T12:15:42.836995+00:00		Other				2026-09-24T12:15:41|Other|CAR 44 (HAM) TIME 2:10.489 DELETED - TRACK LIMITS AT TURN 1 LAP 6 16:12:28	CAR 44 (HAM) TIME 2:10.489 DELETED - TRACK LIMITS AT TURN 1 LAP 6 16:12:28	CAR 44 (HAM) TIME 2:10.489 DELETED - TRACK LIMITS AT TURN 1 LAP 6 16:12:28
09-24 20:16:57	2026-09-24T12:16:57.719762+00:00	YELLOW	Flag	Sector	14		2026-09-24T12:16:55|Flag|YELLOW IN TRACK SECTOR 14	YELLOW IN TRACK SECTOR 14	YELLOW IN TRACK SECTOR 14
09-24 20:16:57	2026-09-24T12:16:57.752887+00:00	YELLOW	Flag	Sector	13		2026-09-24T12:16:55|Flag|YELLOW IN TRACK SECTOR 13	YELLOW IN TRACK SECTOR 13	YELLOW IN TRACK SECTOR 13
09-24 20:16:58	2026-09-24T12:16:58.436034+00:00	DOUBLE YELLOW	Flag	Sector	14		2026-09-24T12:16:56|Flag|DOUBLE YELLOW IN TRACK SECTOR 14	DOUBLE YELLOW IN TRACK SECTOR 14	DOUBLE YELLOW IN TRACK SECTOR 14
09-24 20:17:01	2026-09-24T12:17:01.244380+00:00	CLEAR	Flag	Sector	14		2026-09-24T12:16:59|Flag|CLEAR IN TRACK SECTOR 14	CLEAR IN TRACK SECTOR 14	CLEAR IN TRACK SECTOR 14
09-24 20:17:01	2026-09-24T12:17:01.738306+00:00		Other				2026-09-24T12:16:59|Other|TRACK SURFACE SLIPPERY IN TRACK SECTOR 14	TRACK SURFACE SLIPPERY IN TRACK SECTOR 14	TRACK SURFACE SLIPPERY IN TRACK SECTOR 14
09-24 20:17:05	2026-09-24T12:17:05.925170+00:00	CLEAR	Flag	Sector	13		2026-09-24T12:17:04|Flag|CLEAR IN TRACK SECTOR 13	CLEAR IN TRACK SECTOR 13	CLEAR IN TRACK SECTOR 13
09-24 20:17:39	2026-09-24T12:17:39.063411+00:00		Other				2026-09-24T12:17:36|Other|CAR 6 (HAD) LAP DELETED - TRACK LIMITS AT TURN 1 LAP 7 16:15:01 (PIT)	CAR 6 (HAD) LAP DELETED - TRACK LIMITS AT TURN 1 LAP 7 16:15:01 (PIT)	CAR 6 (HAD) LAP DELETED - TRACK LIMITS AT TURN 1 LAP 7 16:15:01 (PIT)
09-24 20:18:17	2026-09-24T12:18:17.249216+00:00	YELLOW	Flag	Sector	5		2026-09-24T12:18:14|Flag|YELLOW IN TRACK SECTOR 5	YELLOW IN TRACK SECTOR 5	YELLOW IN TRACK SECTOR 5
09-24 20:18:17	2026-09-24T12:18:17.251060+00:00	YELLOW	Flag	Sector	4		2026-09-24T12:18:15|Flag|YELLOW IN TRACK SECTOR 4	YELLOW IN TRACK SECTOR 4	YELLOW IN TRACK SECTOR 4
09-24 20:18:27	2026-09-24T12:18:27.800768+00:00	DOUBLE YELLOW	Flag	Sector	5		2026-09-24T12:18:25|Flag|DOUBLE YELLOW IN TRACK SECTOR 5	DOUBLE YELLOW IN TRACK SECTOR 5	DOUBLE YELLOW IN TRACK SECTOR 5
09-24 20:18:32	2026-09-24T12:18:32.904802+00:00	CLEAR	Flag	Sector	5		2026-09-24T12:18:31|Flag|CLEAR IN TRACK SECTOR 5	CLEAR IN TRACK SECTOR 5	CLEAR IN TRACK SECTOR 5
09-24 20:18:34	2026-09-24T12:18:34.031081+00:00	CLEAR	Flag	Sector	4		2026-09-24T12:18:32|Flag|CLEAR IN TRACK SECTOR 4	CLEAR IN TRACK SECTOR 4	CLEAR IN TRACK SECTOR 4
09-24 20:18:43	2026-09-24T12:18:43.944011+00:00	YELLOW	Flag	Sector	10		2026-09-24T12:18:41|Flag|YELLOW IN TRACK SECTOR 10	YELLOW IN TRACK SECTOR 10	YELLOW IN TRACK SECTOR 10
09-24 20:18:43	2026-09-24T12:18:43.945845+00:00	YELLOW	Flag	Sector	11		2026-09-24T12:18:41|Flag|YELLOW IN TRACK SECTOR 11	YELLOW IN TRACK SECTOR 11	YELLOW IN TRACK SECTOR 11
09-24 20:18:59	2026-09-24T12:18:59.875210+00:00	RED	Flag	Track			2026-09-24T12:18:57|Flag|RED FLAG	RED FLAG	RED FLAG
09-24 20:19:00	2026-09-24T12:19:00.299799+00:00	CLEAR	Flag	Sector	10		2026-09-24T12:18:57|Flag|CLEAR IN TRACK SECTOR 10	CLEAR IN TRACK SECTOR 10	CLEAR IN TRACK SECTOR 10
09-24 20:19:00	2026-09-24T12:19:00.301752+00:00	CLEAR	Flag	Sector	11		2026-09-24T12:18:57|Flag|CLEAR IN TRACK SECTOR 11	CLEAR IN TRACK SECTOR 11	CLEAR IN TRACK SECTOR 11
09-24 20:19:10	2026-09-24T12:19:10.223007+00:00	YELLOW	Flag	Sector	10		2026-09-24T12:19:08|Flag|YELLOW IN TRACK SECTOR 10	YELLOW IN TRACK SECTOR 10	YELLOW IN TRACK SECTOR 10
09-24 20:19:10	2026-09-24T12:19:10.483236+00:00	YELLOW	Flag	Sector	9		2026-09-24T12:19:08|Flag|YELLOW IN TRACK SECTOR 9	YELLOW IN TRACK SECTOR 9	YELLOW IN TRACK SECTOR 9
09-24 20:19:53	2026-09-24T12:19:53.095612+00:00	DOUBLE YELLOW	Flag	Sector	11		2026-09-24T12:19:51|Flag|DOUBLE YELLOW IN TRACK SECTOR 11	DOUBLE YELLOW IN TRACK SECTOR 11	DOUBLE YELLOW IN TRACK SECTOR 11
09-24 20:19:53	2026-09-24T12:19:53.110868+00:00	DOUBLE YELLOW	Flag	Sector	10		2026-09-24T12:19:51|Flag|DOUBLE YELLOW IN TRACK SECTOR 10	DOUBLE YELLOW IN TRACK SECTOR 10	DOUBLE YELLOW IN TRACK SECTOR 10
09-24 20:21:34	2026-09-24T12:21:34.021267+00:00	CLEAR	Flag	Track			2026-09-24T12:21:31|Flag|TRACK CLEAR	TRACK CLEAR	TRACK CLEAR
09-24 20:21:37	2026-09-24T12:21:37.396763+00:00	DOUBLE YELLOW	Flag	Sector	11		2026-09-24T12:21:35|Flag|DOUBLE YELLOW IN TRACK SECTOR 11	DOUBLE YELLOW IN TRACK SECTOR 11	DOUBLE YELLOW IN TRACK SECTOR 11
09-24 20:21:37	2026-09-24T12:21:37.451408+00:00	DOUBLE YELLOW	Flag	Sector	10		2026-09-24T12:21:35|Flag|DOUBLE YELLOW IN TRACK SECTOR 10	DOUBLE YELLOW IN TRACK SECTOR 10	DOUBLE YELLOW IN TRACK SECTOR 10
09-24 20:21:40	2026-09-24T12:21:40.849628+00:00		Other				2026-09-24T12:21:39|Other|CAR 23 (ALB) LAP DELETED - DOUBLE YELLOW AT TURN 14 LAP 9 16:16:55 (PIT)	CAR 23 (ALB) LAP DELETED - DOUBLE YELLOW AT TURN 14 LAP 9 16:16:55 (PIT)	CAR 23 (ALB) LAP DELETED - DOUBLE YELLOW AT TURN 14 LAP 9 16:16:55 (PIT)
09-24 20:22:16	2026-09-24T12:22:16.733369+00:00	YELLOW	Flag	Sector	9		2026-09-24T12:22:14|Flag|YELLOW IN TRACK SECTOR 9	YELLOW IN TRACK SECTOR 9	YELLOW IN TRACK SECTOR 9
09-24 20:22:41	2026-09-24T12:22:41.782398+00:00		Other				2026-09-24T12:22:39|Other|CAR 16 (LEC) TIME 1:52.546 DELETED - DOUBLE YELLOW AT TURN 14 LAP 8 16:16:56	CAR 16 (LEC) TIME 1:52.546 DELETED - DOUBLE YELLOW AT TURN 14 LAP 8 16:16:56	CAR 16 (LEC) TIME 1:52.546 DELETED - DOUBLE YELLOW AT TURN 14 LAP 8 16:16:56
09-24 20:22:51	2026-09-24T12:22:51.525721+00:00		Other				2026-09-24T12:22:48|Other|CAR 5 (BOR) TIME 2:26.624 DELETED - DOUBLE YELLOW AT TURN 14 LAP 9 16:16:58	CAR 5 (BOR) TIME 2:26.624 DELETED - DOUBLE YELLOW AT TURN 14 LAP 9 16:16:58	CAR 5 (BOR) TIME 2:26.624 DELETED - DOUBLE YELLOW AT TURN 14 LAP 9 16:16:58
09-24 20:24:09	2026-09-24T12:24:09.908764+00:00		Other				2026-09-24T12:24:08|Other|CAR 23 (ALB) LAP DELETED - TRACK LIMITS AT TURN 15 LAP 9 16:17:00 (PIT)	CAR 23 (ALB) LAP DELETED - TRACK LIMITS AT TURN 15 LAP 9 16:17:00 (PIT)	CAR 23 (ALB) LAP DELETED - TRACK LIMITS AT TURN 15 LAP 9 16:17:00 (PIT)
09-24 20:24:20	2026-09-24T12:24:20.032342+00:00		Other				2026-09-24T12:24:18|Other|CAR 5 (BOR) LAP DELETED - DOUBLE YELLOW AT TURN 3 LAP 10 16:18:25 (PIT)	CAR 5 (BOR) LAP DELETED - DOUBLE YELLOW AT TURN 3 LAP 10 16:18:25 (PIT)	CAR 5 (BOR) LAP DELETED - DOUBLE YELLOW AT TURN 3 LAP 10 16:18:25 (PIT)
09-24 20:24:27	2026-09-24T12:24:27.016999+00:00		Other				2026-09-24T12:24:24|Other|CAR 55 (SAI) LAP DELETED - DOUBLE YELLOW AT TURN 3 LAP 6 16:18:25 (PIT)	CAR 55 (SAI) LAP DELETED - DOUBLE YELLOW AT TURN 3 LAP 6 16:18:25 (PIT)	CAR 55 (SAI) LAP DELETED - DOUBLE YELLOW AT TURN 3 LAP 6 16:18:25 (PIT)
09-24 20:25:04	2026-09-24T12:25:04.188035+00:00		Other				2026-09-24T12:25:02|Other|OVERTAKE ENABLED	OVERTAKE ENABLED	OVERTAKE ENABLED
09-24 20:25:40	2026-09-24T12:25:40.380310+00:00	DOUBLE YELLOW	Flag	Sector	9		2026-09-24T12:25:38|Flag|DOUBLE YELLOW IN TRACK SECTOR 9	DOUBLE YELLOW IN TRACK SECTOR 9	DOUBLE YELLOW IN TRACK SECTOR 9
09-24 20:26:42	2026-09-24T12:26:42.482203+00:00	CLEAR	Flag	Sector	9		2026-09-24T12:26:40|Flag|CLEAR IN TRACK SECTOR 9	CLEAR IN TRACK SECTOR 9	CLEAR IN TRACK SECTOR 9
09-24 20:26:50	2026-09-24T12:26:50.851942+00:00	YELLOW	Flag	Sector	9		2026-09-24T12:26:48|Flag|YELLOW IN TRACK SECTOR 9	YELLOW IN TRACK SECTOR 9	YELLOW IN TRACK SECTOR 9
09-24 20:26:50	2026-09-24T12:26:50.853940+00:00	CLEAR	Flag	Sector	11		2026-09-24T12:26:48|Flag|CLEAR IN TRACK SECTOR 11	CLEAR IN TRACK SECTOR 11	CLEAR IN TRACK SECTOR 11
09-24 20:27:13	2026-09-24T12:27:13.973383+00:00	CLEAR	Flag	Sector	9		2026-09-24T12:27:11|Flag|CLEAR IN TRACK SECTOR 9	CLEAR IN TRACK SECTOR 9	CLEAR IN TRACK SECTOR 9
09-24 20:27:18	2026-09-24T12:27:18.385184+00:00	CLEAR	Flag	Sector	10		2026-09-24T12:27:16|Flag|CLEAR IN TRACK SECTOR 10	CLEAR IN TRACK SECTOR 10	CLEAR IN TRACK SECTOR 10
09-24 20:28:35	2026-09-24T12:28:35.647124+00:00		Other				2026-09-24T12:28:33|Other|SESSION WILL RESUME AT 16:29	SESSION WILL RESUME AT 16:29	SESSION WILL RESUME AT 16:29
09-24 20:29:02	2026-09-24T12:29:02.425338+00:00	GREEN	Flag	Track			2026-09-24T12:29:00|Flag|GREEN LIGHT - PIT EXIT OPEN	GREEN LIGHT - PIT EXIT OPEN	GREEN LIGHT - PIT EXIT OPEN
09-24 20:30:32	2026-09-24T12:30:32.563382+00:00	YELLOW	Flag	Sector	3		2026-09-24T12:30:30|Flag|YELLOW IN TRACK SECTOR 3	YELLOW IN TRACK SECTOR 3	YELLOW IN TRACK SECTOR 3
09-24 20:30:32	2026-09-24T12:30:32.676350+00:00	YELLOW	Flag	Sector	2		2026-09-24T12:30:30|Flag|YELLOW IN TRACK SECTOR 2	YELLOW IN TRACK SECTOR 2	YELLOW IN TRACK SECTOR 2
09-24 20:31:29	2026-09-24T12:31:29.697593+00:00	CLEAR	Flag	Sector	3		2026-09-24T12:31:27|Flag|CLEAR IN TRACK SECTOR 3	CLEAR IN TRACK SECTOR 3	CLEAR IN TRACK SECTOR 3
09-24 20:31:29	2026-09-24T12:31:29.699520+00:00	CLEAR	Flag	Sector	2		2026-09-24T12:31:27|Flag|CLEAR IN TRACK SECTOR 2	CLEAR IN TRACK SECTOR 2	CLEAR IN TRACK SECTOR 2
09-24 20:33:54	2026-09-24T12:33:54.404611+00:00	YELLOW	Flag	Sector	5		2026-09-24T12:33:52|Flag|YELLOW IN TRACK SECTOR 5	YELLOW IN TRACK SECTOR 5	YELLOW IN TRACK SECTOR 5
09-24 20:33:54	2026-09-24T12:33:54.441473+00:00	YELLOW	Flag	Sector	4		2026-09-24T12:33:52|Flag|YELLOW IN TRACK SECTOR 4	YELLOW IN TRACK SECTOR 4	YELLOW IN TRACK SECTOR 4
09-24 20:34:05	2026-09-24T12:34:05.970109+00:00	CLEAR	Flag	Sector	5		2026-09-24T12:34:01|Flag|CLEAR IN TRACK SECTOR 5	CLEAR IN TRACK SECTOR 5	CLEAR IN TRACK SECTOR 5
09-24 20:34:05	2026-09-24T12:34:05.972252+00:00	CLEAR	Flag	Sector	4		2026-09-24T12:34:03|Flag|CLEAR IN TRACK SECTOR 4	CLEAR IN TRACK SECTOR 4	CLEAR IN TRACK SECTOR 4
09-24 20:35:15	2026-09-24T12:35:15.202514+00:00		Other				2026-09-24T12:35:13|Other|TURN 19 INCIDENT INVOLVING CAR 44 (HAM) NOTED - IMPEDING (16:33:21)	TURN 19 INCIDENT INVOLVING CAR 44 (HAM) NOTED - IMPEDING (16:33:21)	TURN 19 INCIDENT INVOLVING CAR 44 (HAM) NOTED - IMPEDING (16:33:21)
09-24 20:35:47	2026-09-24T12:35:47.692162+00:00		Other				2026-09-24T12:35:45|Other|CAR 10 (GAS) TIME 2:16.194 DELETED - TRACK LIMITS AT TURN 3 LAP 11 16:33:52	CAR 10 (GAS) TIME 2:16.194 DELETED - TRACK LIMITS AT TURN 3 LAP 11 16:33:52	CAR 10 (GAS) TIME 2:16.194 DELETED - TRACK LIMITS AT TURN 3 LAP 11 16:33:52
09-24 20:38:32	2026-09-24T12:38:32.853324+00:00		Other				2026-09-24T12:38:30|Other|CAR 55 (SAI) TIME 2:32.711 DELETED - TRACK LIMITS AT TURN 15 LAP 10 16:37:36	CAR 55 (SAI) TIME 2:32.711 DELETED - TRACK LIMITS AT TURN 15 LAP 10 16:37:36	CAR 55 (SAI) TIME 2:32.711 DELETED - TRACK LIMITS AT TURN 15 LAP 10 16:37:36
09-24 20:40:32	2026-09-24T12:40:32.650066+00:00	YELLOW	Flag	Sector	2		2026-09-24T12:40:29|Flag|YELLOW IN TRACK SECTOR 2	YELLOW IN TRACK SECTOR 2	YELLOW IN TRACK SECTOR 2
09-24 20:40:32	2026-09-24T12:40:32.652170+00:00	YELLOW	Flag	Sector	1		2026-09-24T12:40:30|Flag|YELLOW IN TRACK SECTOR 1	YELLOW IN TRACK SECTOR 1	YELLOW IN TRACK SECTOR 1
09-24 20:40:36	2026-09-24T12:40:36.578597+00:00	CLEAR	Flag	Sector	2		2026-09-24T12:40:33|Flag|CLEAR IN TRACK SECTOR 2	CLEAR IN TRACK SECTOR 2	CLEAR IN TRACK SECTOR 2
09-24 20:40:46	2026-09-24T12:40:46.421515+00:00	CLEAR	Flag	Sector	1		2026-09-24T12:40:44|Flag|CLEAR IN TRACK SECTOR 1	CLEAR IN TRACK SECTOR 1	CLEAR IN TRACK SECTOR 1
09-24 20:41:07	2026-09-24T12:41:07.794444+00:00		Other				2026-09-24T12:41:05|Other|FIA STEWARDS: TURN 19 INCIDENT INVOLVING CAR 44 (HAM) WILL BE INVESTIGATED AFTER THE SESSION - IMPEDING (16:33:21)	FIA STEWARDS: TURN 19 INCIDENT INVOLVING CAR 44 (HAM) WILL BE INVESTIGATED AFTER THE SESSION - IMPEDING (16:33:21)	FIA STEWARDS: TURN 19 INCIDENT INVOLVING CAR 44 (HAM) WILL BE INVESTIGATED AFTER THE SESSION - IMPEDING (16:33:21)
09-24 20:41:10	2026-09-24T12:41:10.338892+00:00		Other				2026-09-24T12:41:08|Other|CAR 63 (RUS) TIME 2:13.440 DELETED - TRACK LIMITS AT TURN 1 LAP 14 16:38:55	CAR 63 (RUS) TIME 2:13.440 DELETED - TRACK LIMITS AT TURN 1 LAP 14 16:38:55	CAR 63 (RUS) TIME 2:13.440 DELETED - TRACK LIMITS AT TURN 1 LAP 14 16:38:55
09-24 20:43:06	2026-09-24T12:43:06.730068+00:00		Other				2026-09-24T12:43:04|Other|CAR 5 (BOR) TIME 2:24.397 DELETED - TRACK LIMITS AT TURN 1 LAP 15 16:40:28	CAR 5 (BOR) TIME 2:24.397 DELETED - TRACK LIMITS AT TURN 1 LAP 15 16:40:28	CAR 5 (BOR) TIME 2:24.397 DELETED - TRACK LIMITS AT TURN 1 LAP 15 16:40:28
09-24 20:49:53	2026-09-24T12:49:53.374604+00:00	YELLOW	Flag	Sector	15		2026-09-24T12:49:51|Flag|YELLOW IN TRACK SECTOR 15	YELLOW IN TRACK SECTOR 15	YELLOW IN TRACK SECTOR 15
09-24 20:49:53	2026-09-24T12:49:53.376630+00:00	YELLOW	Flag	Sector	14		2026-09-24T12:49:51|Flag|YELLOW IN TRACK SECTOR 14	YELLOW IN TRACK SECTOR 14	YELLOW IN TRACK SECTOR 14
09-24 20:50:10	2026-09-24T12:50:10.860827+00:00	DOUBLE YELLOW	Flag	Sector	15		2026-09-24T12:50:09|Flag|DOUBLE YELLOW IN TRACK SECTOR 15	DOUBLE YELLOW IN TRACK SECTOR 15	DOUBLE YELLOW IN TRACK SECTOR 15
09-24 20:50:18	2026-09-24T12:50:18.861079+00:00	CLEAR	Flag	Sector	15		2026-09-24T12:50:16|Flag|CLEAR IN TRACK SECTOR 15	CLEAR IN TRACK SECTOR 15	CLEAR IN TRACK SECTOR 15
09-24 20:50:19	2026-09-24T12:50:19.160917+00:00	CLEAR	Flag	Sector	14		2026-09-24T12:50:16|Flag|CLEAR IN TRACK SECTOR 14	CLEAR IN TRACK SECTOR 14	CLEAR IN TRACK SECTOR 14
09-24 20:50:58	2026-09-24T12:50:58.927281+00:00		Other				2026-09-24T12:50:56|Other|CAR 77 (BOT) TIME 1:56.901 DELETED - TRACK LIMITS AT TURN 15 LAP 18 16:50:08	CAR 77 (BOT) TIME 1:56.901 DELETED - TRACK LIMITS AT TURN 15 LAP 18 16:50:08	CAR 77 (BOT) TIME 1:56.901 DELETED - TRACK LIMITS AT TURN 15 LAP 18 16:50:08
09-24 20:51:03	2026-09-24T12:51:03.085901+00:00		Other				2026-09-24T12:51:01|Other|CAR 31 (OCO) TIME 2:24.275 DELETED - TRACK LIMITS AT TURN 15 LAP 17 16:49:55	CAR 31 (OCO) TIME 2:24.275 DELETED - TRACK LIMITS AT TURN 15 LAP 17 16:49:55	CAR 31 (OCO) TIME 2:24.275 DELETED - TRACK LIMITS AT TURN 15 LAP 17 16:49:55
09-24 20:51:20	2026-09-24T12:51:20.911653+00:00		Other				2026-09-24T12:51:19|Other|CAR 6 (HAD) TIME 10:31.983 DELETED - DOUBLE YELLOW AT TURN 15 LAP 13 16:50:14	CAR 6 (HAD) TIME 10:31.983 DELETED - DOUBLE YELLOW AT TURN 15 LAP 13 16:50:14	CAR 6 (HAD) TIME 10:31.983 DELETED - DOUBLE YELLOW AT TURN 15 LAP 13 16:50:14
09-24 20:51:39	2026-09-24T12:51:39.451161+00:00		Other				2026-09-24T12:51:37|Other|CAR 55 (SAI) TIME 6:10.026 DELETED - TRACK LIMITS AT TURN 15 LAP 14 16:49:55	CAR 55 (SAI) TIME 6:10.026 DELETED - TRACK LIMITS AT TURN 15 LAP 14 16:49:55	CAR 55 (SAI) TIME 6:10.026 DELETED - TRACK LIMITS AT TURN 15 LAP 14 16:49:55
09-24 20:58:03	2026-09-24T12:58:03.266654+00:00	YELLOW	Flag	Sector	15		2026-09-24T12:58:01|Flag|YELLOW IN TRACK SECTOR 15	YELLOW IN TRACK SECTOR 15	YELLOW IN TRACK SECTOR 15
09-24 20:58:03	2026-09-24T12:58:03.723465+00:00	YELLOW	Flag	Sector	14		2026-09-24T12:58:01|Flag|YELLOW IN TRACK SECTOR 14	YELLOW IN TRACK SECTOR 14	YELLOW IN TRACK SECTOR 14
09-24 20:58:13	2026-09-24T12:58:13.834545+00:00	CLEAR	Flag	Sector	15		2026-09-24T12:58:11|Flag|CLEAR IN TRACK SECTOR 15	CLEAR IN TRACK SECTOR 15	CLEAR IN TRACK SECTOR 15
09-24 20:58:15	2026-09-24T12:58:15.348208+00:00	CLEAR	Flag	Sector	14		2026-09-24T12:58:12|Flag|CLEAR IN TRACK SECTOR 14	CLEAR IN TRACK SECTOR 14	CLEAR IN TRACK SECTOR 14
09-24 20:58:54	2026-09-24T12:58:54.192768+00:00		Other				2026-09-24T12:58:52|Other|CAR 3 (VER) TIME 2:05.376 DELETED - TRACK LIMITS AT TURN 15 LAP 20 16:58:04	CAR 3 (VER) TIME 2:05.376 DELETED - TRACK LIMITS AT TURN 15 LAP 20 16:58:04	CAR 3 (VER) TIME 2:05.376 DELETED - TRACK LIMITS AT TURN 15 LAP 20 16:58:04
09-24 21:00:03	2026-09-24T13:00:03.419734+00:00	CHEQUERED	Flag	Track			2026-09-24T13:00:00|Flag|CHEQUERED FLAG	CHEQUERED FLAG	CHEQUERED FLAG
09-24 21:00:19	2026-09-24T13:00:19.894208+00:00		Other				2026-09-24T13:00:18|Other|FIRST CAR TO TAKE THE FLAG - CAR 5 (BOR)	FIRST CAR TO TAKE THE FLAG - CAR 5 (BOR)	FIRST CAR TO TAKE THE FLAG - CAR 5 (BOR)
09-24 21:13:36	2026-09-24T13:13:36.278209+00:00	YELLOW	Flag	Sector	2		2026-09-24T13:13:34|Flag|YELLOW IN TRACK SECTOR 2	YELLOW IN TRACK SECTOR 2	YELLOW IN TRACK SECTOR 2
09-24 21:13:36	2026-09-24T13:13:36.315604+00:00	YELLOW	Flag	Sector	1		2026-09-24T13:13:34|Flag|YELLOW IN TRACK SECTOR 1	YELLOW IN TRACK SECTOR 1	YELLOW IN TRACK SECTOR 1
09-24 21:13:38	2026-09-24T13:13:38.211185+00:00	DOUBLE YELLOW	Flag	Sector	2		2026-09-24T13:13:36|Flag|DOUBLE YELLOW IN TRACK SECTOR 2	DOUBLE YELLOW IN TRACK SECTOR 2	DOUBLE YELLOW IN TRACK SECTOR 2
09-24 21:14:21	2026-09-24T13:14:21.094687+00:00	DOUBLE YELLOW	Flag	Sector	14		2026-09-24T13:14:19|Flag|DOUBLE YELLOW IN TRACK SECTOR 14	DOUBLE YELLOW IN TRACK SECTOR 14	DOUBLE YELLOW IN TRACK SECTOR 14
09-24 21:14:21	2026-09-24T13:14:21.117853+00:00	YELLOW	Flag	Sector	13		2026-09-24T13:14:19|Flag|YELLOW IN TRACK SECTOR 13	YELLOW IN TRACK SECTOR 13	YELLOW IN TRACK SECTOR 13
09-24 21:14:27	2026-09-24T13:14:27.000266+00:00	CLEAR	Flag	Sector	14		2026-09-24T13:14:24|Flag|CLEAR IN TRACK SECTOR 14	CLEAR IN TRACK SECTOR 14	CLEAR IN TRACK SECTOR 14
09-24 21:14:30	2026-09-24T13:14:30.584060+00:00	CLEAR	Flag	Sector	13		2026-09-24T13:14:28|Flag|CLEAR IN TRACK SECTOR 13	CLEAR IN TRACK SECTOR 13	CLEAR IN TRACK SECTOR 13
09-24 21:14:40	2026-09-24T13:14:40.841960+00:00	DOUBLE YELLOW	Flag	Sector	11		2026-09-24T13:14:39|Flag|DOUBLE YELLOW IN TRACK SECTOR 11	DOUBLE YELLOW IN TRACK SECTOR 11	DOUBLE YELLOW IN TRACK SECTOR 11
09-24 21:16:00	2026-09-24T13:16:00.749141+00:00	CLEAR	Flag	Sector	1		2026-09-24T13:15:58|Flag|CLEAR IN TRACK SECTOR 1	CLEAR IN TRACK SECTOR 1	CLEAR IN TRACK SECTOR 1
09-25 16:30:02	2026-09-25T08:30:02.374448+00:00	GREEN	Flag	Track			2026-09-25T08:30:00|Flag|GREEN LIGHT - PIT EXIT OPEN	GREEN LIGHT - PIT EXIT OPEN	GREEN LIGHT - PIT EXIT OPEN
09-25 16:41:14	2026-09-25T08:41:14.753099+00:00		Other				2026-09-25T08:41:11|Other|TRACK SURFACE SLIPPERY IN TRACK SECTOR 19	TRACK SURFACE SLIPPERY IN TRACK SECTOR 19	TRACK SURFACE SLIPPERY IN TRACK SECTOR 19
09-25 16:41:44	2026-09-25T08:41:44.330175+00:00		SafetyCar				2026-09-25T08:41:41|SafetyCar|VSC DEPLOYED	VSC DEPLOYED	VSC DEPLOYED
09-25 16:41:44	2026-09-25T08:41:44.363814+00:00	CLEAR	Flag	Sector	19		2026-09-25T08:41:41|Flag|CLEAR IN TRACK SECTOR 19	CLEAR IN TRACK SECTOR 19	CLEAR IN TRACK SECTOR 19
09-25 16:41:48	2026-09-25T08:41:48.177022+00:00	DOUBLE YELLOW	Flag	Sector	19		2026-09-25T08:41:46|Flag|DOUBLE YELLOW IN TRACK SECTOR 19	DOUBLE YELLOW IN TRACK SECTOR 19	DOUBLE YELLOW IN TRACK SECTOR 19
09-25 16:41:48	2026-09-25T08:41:48.199177+00:00	YELLOW	Flag	Sector	18		2026-09-25T08:41:46|Flag|YELLOW IN TRACK SECTOR 18	YELLOW IN TRACK SECTOR 18	YELLOW IN TRACK SECTOR 18
09-25 16:41:50	2026-09-25T08:41:50.580169+00:00	CLEAR	Flag	Sector	18		2026-09-25T08:41:48|Flag|CLEAR IN TRACK SECTOR 18	CLEAR IN TRACK SECTOR 18	CLEAR IN TRACK SECTOR 18
09-25 16:41:56	2026-09-25T08:41:56.361821+00:00	CLEAR	Flag	Sector	19		2026-09-25T08:41:54|Flag|CLEAR IN TRACK SECTOR 19	CLEAR IN TRACK SECTOR 19	CLEAR IN TRACK SECTOR 19
09-25 16:42:00	2026-09-25T08:42:00.423723+00:00		SafetyCar				2026-09-25T08:41:58|SafetyCar|VSC ENDING	VSC ENDING	VSC ENDING
09-25 16:42:14	2026-09-25T08:42:14.414347+00:00	CLEAR	Flag	Track			2026-09-25T08:42:12|Flag|TRACK CLEAR	TRACK CLEAR	TRACK CLEAR
09-25 16:44:20	2026-09-25T08:44:20.283279+00:00		Other				2026-09-25T08:44:18|Other|CAR 41 (LIN) TIME 2:11.369 DELETED - TRACK LIMITS AT TURN 16 LAP 4 12:43:42	CAR 41 (LIN) TIME 2:11.369 DELETED - TRACK LIMITS AT TURN 16 LAP 4 12:43:42	CAR 41 (LIN) TIME 2:11.369 DELETED - TRACK LIMITS AT TURN 16 LAP 4 12:43:42
09-25 16:54:20	2026-09-25T08:54:20.884251+00:00	YELLOW	Flag	Sector	2		2026-09-25T08:54:19|Flag|YELLOW IN TRACK SECTOR 2	YELLOW IN TRACK SECTOR 2	YELLOW IN TRACK SECTOR 2
09-25 16:54:20	2026-09-25T08:54:20.931285+00:00	YELLOW	Flag	Sector	1		2026-09-25T08:54:19|Flag|YELLOW IN TRACK SECTOR 1	YELLOW IN TRACK SECTOR 1	YELLOW IN TRACK SECTOR 1
09-25 16:54:24	2026-09-25T08:54:24.816902+00:00	CLEAR	Flag	Sector	2		2026-09-25T08:54:23|Flag|CLEAR IN TRACK SECTOR 2	CLEAR IN TRACK SECTOR 2	CLEAR IN TRACK SECTOR 2
09-25 16:54:26	2026-09-25T08:54:26.585863+00:00	CLEAR	Flag	Sector	1		2026-09-25T08:54:24|Flag|CLEAR IN TRACK SECTOR 1	CLEAR IN TRACK SECTOR 1	CLEAR IN TRACK SECTOR 1
09-25 16:56:55	2026-09-25T08:56:55.613616+00:00		Other				2026-09-25T08:56:53|Other|CAR 11 (PER) TIME 2:23.618 DELETED - TRACK LIMITS AT TURN 1 LAP 6 12:54:15	CAR 11 (PER) TIME 2:23.618 DELETED - TRACK LIMITS AT TURN 1 LAP 6 12:54:15	CAR 11 (PER) TIME 2:23.618 DELETED - TRACK LIMITS AT TURN 1 LAP 6 12:54:15
09-25 16:58:37	2026-09-25T08:58:37.979234+00:00		Other				2026-09-25T08:58:36|Other|CAR 44 (HAM) TIME 2:29.665 DELETED - TRACK LIMITS AT TURN 15 LAP 8 12:57:40	CAR 44 (HAM) TIME 2:29.665 DELETED - TRACK LIMITS AT TURN 15 LAP 8 12:57:40	CAR 44 (HAM) TIME 2:29.665 DELETED - TRACK LIMITS AT TURN 15 LAP 8 12:57:40
09-25 16:58:49	2026-09-25T08:58:49.365802+00:00	YELLOW	Flag	Sector	6		2026-09-25T08:58:47|Flag|YELLOW IN TRACK SECTOR 6	YELLOW IN TRACK SECTOR 6	YELLOW IN TRACK SECTOR 6
09-25 16:58:49	2026-09-25T08:58:49.382569+00:00	YELLOW	Flag	Sector	5		2026-09-25T08:58:47|Flag|YELLOW IN TRACK SECTOR 5	YELLOW IN TRACK SECTOR 5	YELLOW IN TRACK SECTOR 5
09-25 16:58:55	2026-09-25T08:58:55.995450+00:00	CLEAR	Flag	Sector	5		2026-09-25T08:58:54|Flag|CLEAR IN TRACK SECTOR 5	CLEAR IN TRACK SECTOR 5	CLEAR IN TRACK SECTOR 5
09-25 16:58:57	2026-09-25T08:58:57.460849+00:00	CLEAR	Flag	Sector	6		2026-09-25T08:58:55|Flag|CLEAR IN TRACK SECTOR 6	CLEAR IN TRACK SECTOR 6	CLEAR IN TRACK SECTOR 6
09-25 16:59:12	2026-09-25T08:59:12.810319+00:00	YELLOW	Flag	Sector	6		2026-09-25T08:59:10|Flag|YELLOW IN TRACK SECTOR 6	YELLOW IN TRACK SECTOR 6	YELLOW IN TRACK SECTOR 6
09-25 16:59:12	2026-09-25T08:59:12.878790+00:00	YELLOW	Flag	Sector	5		2026-09-25T08:59:10|Flag|YELLOW IN TRACK SECTOR 5	YELLOW IN TRACK SECTOR 5	YELLOW IN TRACK SECTOR 5
09-25 16:59:15	2026-09-25T08:59:15.077587+00:00	CLEAR	Flag	Sector	5		2026-09-25T08:59:13|Flag|CLEAR IN TRACK SECTOR 5	CLEAR IN TRACK SECTOR 5	CLEAR IN TRACK SECTOR 5
09-25 16:59:16	2026-09-25T08:59:16.376071+00:00	CLEAR	Flag	Sector	6		2026-09-25T08:59:14|Flag|CLEAR IN TRACK SECTOR 6	CLEAR IN TRACK SECTOR 6	CLEAR IN TRACK SECTOR 6
09-25 17:00:22	2026-09-25T09:00:22.945925+00:00	YELLOW	Flag	Sector	2		2026-09-25T09:00:20|Flag|YELLOW IN TRACK SECTOR 2	YELLOW IN TRACK SECTOR 2	YELLOW IN TRACK SECTOR 2
09-25 17:00:22	2026-09-25T09:00:22.947863+00:00	YELLOW	Flag	Sector	1		2026-09-25T09:00:20|Flag|YELLOW IN TRACK SECTOR 1	YELLOW IN TRACK SECTOR 1	YELLOW IN TRACK SECTOR 1
09-25 17:00:24	2026-09-25T09:00:24.935745+00:00	CLEAR	Flag	Sector	2		2026-09-25T09:00:23|Flag|CLEAR IN TRACK SECTOR 2	CLEAR IN TRACK SECTOR 2	CLEAR IN TRACK SECTOR 2
09-25 17:00:27	2026-09-25T09:00:27.397609+00:00	CLEAR	Flag	Sector	1		2026-09-25T09:00:25|Flag|CLEAR IN TRACK SECTOR 1	CLEAR IN TRACK SECTOR 1	CLEAR IN TRACK SECTOR 1
09-25 17:01:22	2026-09-25T09:01:22.652655+00:00	YELLOW	Flag	Sector	15		2026-09-25T09:01:20|Flag|YELLOW IN TRACK SECTOR 15	YELLOW IN TRACK SECTOR 15	YELLOW IN TRACK SECTOR 15
09-25 17:01:22	2026-09-25T09:01:22.654550+00:00	YELLOW	Flag	Sector	14		2026-09-25T09:01:20|Flag|YELLOW IN TRACK SECTOR 14	YELLOW IN TRACK SECTOR 14	YELLOW IN TRACK SECTOR 14
09-25 17:01:31	2026-09-25T09:01:31.924470+00:00	CLEAR	Flag	Sector	14		2026-09-25T09:01:30|Flag|CLEAR IN TRACK SECTOR 14	CLEAR IN TRACK SECTOR 14	CLEAR IN TRACK SECTOR 14
09-25 17:01:34	2026-09-25T09:01:34.313575+00:00	CLEAR	Flag	Sector	15		2026-09-25T09:01:32|Flag|CLEAR IN TRACK SECTOR 15	CLEAR IN TRACK SECTOR 15	CLEAR IN TRACK SECTOR 15
09-25 17:02:12	2026-09-25T09:02:12.882154+00:00	YELLOW	Flag	Sector	6		2026-09-25T09:02:11|Flag|YELLOW IN TRACK SECTOR 6	YELLOW IN TRACK SECTOR 6	YELLOW IN TRACK SECTOR 6
09-25 17:02:12	2026-09-25T09:02:12.943425+00:00	YELLOW	Flag	Sector	5		2026-09-25T09:02:11|Flag|YELLOW IN TRACK SECTOR 5	YELLOW IN TRACK SECTOR 5	YELLOW IN TRACK SECTOR 5
09-25 17:02:23	2026-09-25T09:02:23.542659+00:00	DOUBLE YELLOW	Flag	Sector	6		2026-09-25T09:02:21|Flag|DOUBLE YELLOW IN TRACK SECTOR 6	DOUBLE YELLOW IN TRACK SECTOR 6	DOUBLE YELLOW IN TRACK SECTOR 6
09-25 17:02:26	2026-09-25T09:02:26.120707+00:00	CLEAR	Flag	Sector	6		2026-09-25T09:02:24|Flag|CLEAR IN TRACK SECTOR 6	CLEAR IN TRACK SECTOR 6	CLEAR IN TRACK SECTOR 6
09-25 17:02:26	2026-09-25T09:02:26.384390+00:00	CLEAR	Flag	Sector	5		2026-09-25T09:02:24|Flag|CLEAR IN TRACK SECTOR 5	CLEAR IN TRACK SECTOR 5	CLEAR IN TRACK SECTOR 5
09-25 17:02:59	2026-09-25T09:02:59.120700+00:00	YELLOW	Flag	Sector	5		2026-09-25T09:02:57|Flag|YELLOW IN TRACK SECTOR 5	YELLOW IN TRACK SECTOR 5	YELLOW IN TRACK SECTOR 5
09-25 17:02:59	2026-09-25T09:02:59.145466+00:00	YELLOW	Flag	Sector	4		2026-09-25T09:02:57|Flag|YELLOW IN TRACK SECTOR 4	YELLOW IN TRACK SECTOR 4	YELLOW IN TRACK SECTOR 4
09-25 17:03:05	2026-09-25T09:03:05.668825+00:00	DOUBLE YELLOW	Flag	Sector	5		2026-09-25T09:03:03|Flag|DOUBLE YELLOW IN TRACK SECTOR 5	DOUBLE YELLOW IN TRACK SECTOR 5	DOUBLE YELLOW IN TRACK SECTOR 5
09-25 17:03:11	2026-09-25T09:03:11.730360+00:00	CLEAR	Flag	Sector	5		2026-09-25T09:03:09|Flag|CLEAR IN TRACK SECTOR 5	CLEAR IN TRACK SECTOR 5	CLEAR IN TRACK SECTOR 5
09-25 17:03:11	2026-09-25T09:03:11.754806+00:00	CLEAR	Flag	Sector	4		2026-09-25T09:03:09|Flag|CLEAR IN TRACK SECTOR 4	CLEAR IN TRACK SECTOR 4	CLEAR IN TRACK SECTOR 4
09-25 17:03:21	2026-09-25T09:03:21.462348+00:00		Other				2026-09-25T09:03:19|Other|CAR 3 (VER) LAP DELETED - TRACK LIMITS AT TURN 15 LAP 9 13:01:18 (PIT)	CAR 3 (VER) LAP DELETED - TRACK LIMITS AT TURN 15 LAP 9 13:01:18 (PIT)	CAR 3 (VER) LAP DELETED - TRACK LIMITS AT TURN 15 LAP 9 13:01:18 (PIT)
09-25 17:03:23	2026-09-25T09:03:23.384227+00:00		Other				2026-09-25T09:03:20|Other|CAR 44 (HAM) TIME 2:19.925 DELETED - TRACK LIMITS AT TURN 1 LAP 10 13:00:17	CAR 44 (HAM) TIME 2:19.925 DELETED - TRACK LIMITS AT TURN 1 LAP 10 13:00:17	CAR 44 (HAM) TIME 2:19.925 DELETED - TRACK LIMITS AT TURN 1 LAP 10 13:00:17
09-25 17:03:32	2026-09-25T09:03:32.547328+00:00		Other				2026-09-25T09:03:30|Other|INCIDENT INVOLVING CAR 55 (SAI) NOTED - YELLOW FLAG INFRINGEMENT (12:59:11)	INCIDENT INVOLVING CAR 55 (SAI) NOTED - YELLOW FLAG INFRINGEMENT (12:59:11)	INCIDENT INVOLVING CAR 55 (SAI) NOTED - YELLOW FLAG INFRINGEMENT (12:59:11)
09-25 17:03:51	2026-09-25T09:03:51.045380+00:00	YELLOW	Flag	Sector	5		2026-09-25T09:03:49|Flag|YELLOW IN TRACK SECTOR 5	YELLOW IN TRACK SECTOR 5	YELLOW IN TRACK SECTOR 5
09-25 17:03:51	2026-09-25T09:03:51.047303+00:00	YELLOW	Flag	Sector	4		2026-09-25T09:03:49|Flag|YELLOW IN TRACK SECTOR 4	YELLOW IN TRACK SECTOR 4	YELLOW IN TRACK SECTOR 4
09-25 17:03:57	2026-09-25T09:03:57.426491+00:00	DOUBLE YELLOW	Flag	Sector	5		2026-09-25T09:03:55|Flag|DOUBLE YELLOW IN TRACK SECTOR 5	DOUBLE YELLOW IN TRACK SECTOR 5	DOUBLE YELLOW IN TRACK SECTOR 5
09-25 17:03:58	2026-09-25T09:03:58.055073+00:00	CLEAR	Flag	Sector	5		2026-09-25T09:03:56|Flag|CLEAR IN TRACK SECTOR 5	CLEAR IN TRACK SECTOR 5	CLEAR IN TRACK SECTOR 5
09-25 17:03:58	2026-09-25T09:03:58.358649+00:00	CLEAR	Flag	Sector	4		2026-09-25T09:03:56|Flag|CLEAR IN TRACK SECTOR 4	CLEAR IN TRACK SECTOR 4	CLEAR IN TRACK SECTOR 4
09-25 17:04:08	2026-09-25T09:04:08.422004+00:00		Other				2026-09-25T09:04:06|Other|CAR 12 (ANT) LAP DELETED - TRACK LIMITS AT TURN 4 LAP 10 13:02:11 (PIT)	CAR 12 (ANT) LAP DELETED - TRACK LIMITS AT TURN 4 LAP 10 13:02:11 (PIT)	CAR 12 (ANT) LAP DELETED - TRACK LIMITS AT TURN 4 LAP 10 13:02:11 (PIT)
09-25 17:04:09	2026-09-25T09:04:09.759284+00:00	YELLOW	Flag	Sector	6		2026-09-25T09:04:07|Flag|YELLOW IN TRACK SECTOR 6	YELLOW IN TRACK SECTOR 6	YELLOW IN TRACK SECTOR 6
09-25 17:04:09	2026-09-25T09:04:09.832565+00:00	YELLOW	Flag	Sector	5		2026-09-25T09:04:08|Flag|YELLOW IN TRACK SECTOR 5	YELLOW IN TRACK SECTOR 5	YELLOW IN TRACK SECTOR 5
09-25 17:04:19	2026-09-25T09:04:19.387364+00:00	DOUBLE YELLOW	Flag	Sector	6		2026-09-25T09:04:17|Flag|DOUBLE YELLOW IN TRACK SECTOR 6	DOUBLE YELLOW IN TRACK SECTOR 6	DOUBLE YELLOW IN TRACK SECTOR 6
09-25 17:04:24	2026-09-25T09:04:24.094284+00:00	YELLOW	Flag	Sector	6		2026-09-25T09:04:22|Flag|YELLOW IN TRACK SECTOR 6	YELLOW IN TRACK SECTOR 6	YELLOW IN TRACK SECTOR 6
09-25 17:04:25	2026-09-25T09:04:25.864181+00:00	CLEAR	Flag	Sector	5		2026-09-25T09:04:23|Flag|CLEAR IN TRACK SECTOR 5	CLEAR IN TRACK SECTOR 5	CLEAR IN TRACK SECTOR 5
09-25 17:04:27	2026-09-25T09:04:27.102048+00:00	CLEAR	Flag	Sector	6		2026-09-25T09:04:25|Flag|CLEAR IN TRACK SECTOR 6	CLEAR IN TRACK SECTOR 6	CLEAR IN TRACK SECTOR 6
09-25 17:04:57	2026-09-25T09:04:57.361307+00:00		Other				2026-09-25T09:04:55|Other|CAR 41 (LIN) TIME 2:09.194 DELETED - DOUBLE YELLOW AT TURN 3 LAP 12 13:03:03	CAR 41 (LIN) TIME 2:09.194 DELETED - DOUBLE YELLOW AT TURN 3 LAP 12 13:03:03	CAR 41 (LIN) TIME 2:09.194 DELETED - DOUBLE YELLOW AT TURN 3 LAP 12 13:03:03
09-25 17:05:01	2026-09-25T09:05:01.333997+00:00		Other				2026-09-25T09:04:58|Other|CAR 11 (PER) TIME 2:29.937 DELETED - DOUBLE YELLOW AT TURN 3 LAP 10 13:03:03	CAR 11 (PER) TIME 2:29.937 DELETED - DOUBLE YELLOW AT TURN 3 LAP 10 13:03:03	CAR 11 (PER) TIME 2:29.937 DELETED - DOUBLE YELLOW AT TURN 3 LAP 10 13:03:03
09-25 17:05:01	2026-09-25T09:05:01.509836+00:00		Other				2026-09-25T09:04:59|Other|CAR 44 (HAM) TIME 2:21.611 DELETED - TRACK LIMITS AT TURN 3 LAP 11 13:03:00	CAR 44 (HAM) TIME 2:21.611 DELETED - TRACK LIMITS AT TURN 3 LAP 11 13:03:00	CAR 44 (HAM) TIME 2:21.611 DELETED - TRACK LIMITS AT TURN 3 LAP 11 13:03:00
09-25 17:06:01	2026-09-25T09:06:01.456775+00:00		Other				2026-09-25T09:05:59|Other|CAR 31 (OCO) TIME 2:14.034 DELETED - DOUBLE YELLOW AT TURN 4 LAP 9 13:02:21	CAR 31 (OCO) TIME 2:14.034 DELETED - DOUBLE YELLOW AT TURN 4 LAP 9 13:02:21	CAR 31 (OCO) TIME 2:14.034 DELETED - DOUBLE YELLOW AT TURN 4 LAP 9 13:02:21
09-25 17:06:04	2026-09-25T09:06:04.023423+00:00		Other				2026-09-25T09:06:02|Other|CAR 10 (GAS) TIME 2:05.343 DELETED - DOUBLE YELLOW AT TURN 4 LAP 11 13:02:22	CAR 10 (GAS) TIME 2:05.343 DELETED - DOUBLE YELLOW AT TURN 4 LAP 11 13:02:22	CAR 10 (GAS) TIME 2:05.343 DELETED - DOUBLE YELLOW AT TURN 4 LAP 11 13:02:22
09-25 17:06:10	2026-09-25T09:06:10.352991+00:00		Other				2026-09-25T09:06:08|Other|CAR 16 (LEC) TIME 2:05.297 DELETED - TRACK LIMITS AT TURN 3 LAP 12 13:03:50	CAR 16 (LEC) TIME 2:05.297 DELETED - TRACK LIMITS AT TURN 3 LAP 12 13:03:50	CAR 16 (LEC) TIME 2:05.297 DELETED - TRACK LIMITS AT TURN 3 LAP 12 13:03:50
09-25 17:06:12	2026-09-25T09:06:12.575249+00:00		Other				2026-09-25T09:06:10|Other|CAR 41 (LIN) TIME 2:09.194 DELETED - TRACK LIMITS AT TURN 16 LAP 12 13:04:18	CAR 41 (LIN) TIME 2:09.194 DELETED - TRACK LIMITS AT TURN 16 LAP 12 13:04:18	CAR 41 (LIN) TIME 2:09.194 DELETED - TRACK LIMITS AT TURN 16 LAP 12 13:04:18
09-25 17:06:15	2026-09-25T09:06:15.265067+00:00		Other				2026-09-25T09:06:12|Other|CAR 23 (ALB) TIME 2:14.082 DELETED - TRACK LIMITS AT TURN 4 LAP 13 13:04:09	CAR 23 (ALB) TIME 2:14.082 DELETED - TRACK LIMITS AT TURN 4 LAP 13 13:04:09	CAR 23 (ALB) TIME 2:14.082 DELETED - TRACK LIMITS AT TURN 4 LAP 13 13:04:09
09-25 17:07:25	2026-09-25T09:07:25.067581+00:00		Other				2026-09-25T09:07:23|Other|FIA STEWARDS: INCIDENT INVOLVING CAR 55 (SAI) WILL BE INVESTIGATED AFTER THE SESSION - YELLOW FLAG INFRINGEMENT (12:59:11)	FIA STEWARDS: INCIDENT INVOLVING CAR 55 (SAI) WILL BE INVESTIGATED AFTER THE SESSION - YELLOW FLAG INFRINGEMENT (12:59:11)	FIA STEWARDS: INCIDENT INVOLVING CAR 55 (SAI) WILL BE INVESTIGATED AFTER THE SESSION - YELLOW FLAG INFRINGEMENT (12:59:11)
09-25 17:08:37	2026-09-25T09:08:37.066848+00:00		Other				2026-09-25T09:08:35|Other|TRACK SURFACE SLIPPERY IN TRACK SECTOR 5	TRACK SURFACE SLIPPERY IN TRACK SECTOR 5	TRACK SURFACE SLIPPERY IN TRACK SECTOR 5
09-25 17:09:10	2026-09-25T09:09:10.761009+00:00		SafetyCar				2026-09-25T09:09:07|SafetyCar|VSC DEPLOYED	VSC DEPLOYED	VSC DEPLOYED
09-25 17:09:10	2026-09-25T09:09:10.763008+00:00	CLEAR	Flag	Sector	5		2026-09-25T09:09:08|Flag|CLEAR IN TRACK SECTOR 5	CLEAR IN TRACK SECTOR 5	CLEAR IN TRACK SECTOR 5
09-25 17:09:12	2026-09-25T09:09:12.136491+00:00	DOUBLE YELLOW	Flag	Sector	4		2026-09-25T09:09:10|Flag|DOUBLE YELLOW IN TRACK SECTOR 4	DOUBLE YELLOW IN TRACK SECTOR 4	DOUBLE YELLOW IN TRACK SECTOR 4
09-25 17:09:12	2026-09-25T09:09:12.171475+00:00	YELLOW	Flag	Sector	3		2026-09-25T09:09:10|Flag|YELLOW IN TRACK SECTOR 3	YELLOW IN TRACK SECTOR 3	YELLOW IN TRACK SECTOR 3
09-25 17:09:29	2026-09-25T09:09:29.586168+00:00	CLEAR	Flag	Sector	4		2026-09-25T09:09:27|Flag|CLEAR IN TRACK SECTOR 4	CLEAR IN TRACK SECTOR 4	CLEAR IN TRACK SECTOR 4
09-25 17:09:32	2026-09-25T09:09:32.028008+00:00	CLEAR	Flag	Sector	3		2026-09-25T09:09:30|Flag|CLEAR IN TRACK SECTOR 3	CLEAR IN TRACK SECTOR 3	CLEAR IN TRACK SECTOR 3
09-25 17:09:34	2026-09-25T09:09:34.463565+00:00		SafetyCar				2026-09-25T09:09:32|SafetyCar|VSC ENDING	VSC ENDING	VSC ENDING
09-25 17:09:45	2026-09-25T09:09:45.202741+00:00	CLEAR	Flag	Track			2026-09-25T09:09:43|Flag|TRACK CLEAR	TRACK CLEAR	TRACK CLEAR
09-25 17:14:51	2026-09-25T09:14:51.294748+00:00		Other				2026-09-25T09:14:49|Other|TRACK SURFACE SLIPPERY IN TRACK SECTOR 10	TRACK SURFACE SLIPPERY IN TRACK SECTOR 10	TRACK SURFACE SLIPPERY IN TRACK SECTOR 10
09-25 17:16:29	2026-09-25T09:16:29.053174+00:00	CLEAR	Flag	Sector	10		2026-09-25T09:16:27|Flag|CLEAR IN TRACK SECTOR 10	CLEAR IN TRACK SECTOR 10	CLEAR IN TRACK SECTOR 10
09-25 17:19:09	2026-09-25T09:19:09.580108+00:00	YELLOW	Flag	Sector	2		2026-09-25T09:19:07|Flag|YELLOW IN TRACK SECTOR 2	YELLOW IN TRACK SECTOR 2	YELLOW IN TRACK SECTOR 2
09-25 17:19:09	2026-09-25T09:19:09.612623+00:00	YELLOW	Flag	Sector	1		2026-09-25T09:19:07|Flag|YELLOW IN TRACK SECTOR 1	YELLOW IN TRACK SECTOR 1	YELLOW IN TRACK SECTOR 1
09-25 17:19:11	2026-09-25T09:19:11.545546+00:00	CLEAR	Flag	Sector	2		2026-09-25T09:19:09|Flag|CLEAR IN TRACK SECTOR 2	CLEAR IN TRACK SECTOR 2	CLEAR IN TRACK SECTOR 2
09-25 17:19:12	2026-09-25T09:19:12.801239+00:00	CLEAR	Flag	Sector	1		2026-09-25T09:19:10|Flag|CLEAR IN TRACK SECTOR 1	CLEAR IN TRACK SECTOR 1	CLEAR IN TRACK SECTOR 1
09-25 17:19:53	2026-09-25T09:19:53.313498+00:00	YELLOW	Flag	Sector	2		2026-09-25T09:19:51|Flag|YELLOW IN TRACK SECTOR 2	YELLOW IN TRACK SECTOR 2	YELLOW IN TRACK SECTOR 2
09-25 17:19:53	2026-09-25T09:19:53.453001+00:00	YELLOW	Flag	Sector	1		2026-09-25T09:19:51|Flag|YELLOW IN TRACK SECTOR 1	YELLOW IN TRACK SECTOR 1	YELLOW IN TRACK SECTOR 1
09-25 17:19:55	2026-09-25T09:19:55.014977+00:00	CLEAR	Flag	Sector	2		2026-09-25T09:19:52|Flag|CLEAR IN TRACK SECTOR 2	CLEAR IN TRACK SECTOR 2	CLEAR IN TRACK SECTOR 2
09-25 17:19:56	2026-09-25T09:19:56.071523+00:00	CLEAR	Flag	Sector	1		2026-09-25T09:19:54|Flag|CLEAR IN TRACK SECTOR 1	CLEAR IN TRACK SECTOR 1	CLEAR IN TRACK SECTOR 1
09-25 17:20:24	2026-09-25T09:20:24.998680+00:00	YELLOW	Flag	Sector	2		2026-09-25T09:20:22|Flag|YELLOW IN TRACK SECTOR 2	YELLOW IN TRACK SECTOR 2	YELLOW IN TRACK SECTOR 2
09-25 17:20:25	2026-09-25T09:20:25.000709+00:00	YELLOW	Flag	Sector	1		2026-09-25T09:20:22|Flag|YELLOW IN TRACK SECTOR 1	YELLOW IN TRACK SECTOR 1	YELLOW IN TRACK SECTOR 1
09-25 17:20:25	2026-09-25T09:20:25.117664+00:00	CLEAR	Flag	Sector	2		2026-09-25T09:20:23|Flag|CLEAR IN TRACK SECTOR 2	CLEAR IN TRACK SECTOR 2	CLEAR IN TRACK SECTOR 2
09-25 17:20:26	2026-09-25T09:20:26.433345+00:00	CLEAR	Flag	Sector	1		2026-09-25T09:20:24|Flag|CLEAR IN TRACK SECTOR 1	CLEAR IN TRACK SECTOR 1	CLEAR IN TRACK SECTOR 1
09-25 17:20:34	2026-09-25T09:20:34.318030+00:00	YELLOW	Flag	Sector	2		2026-09-25T09:20:32|Flag|YELLOW IN TRACK SECTOR 2	YELLOW IN TRACK SECTOR 2	YELLOW IN TRACK SECTOR 2
09-25 17:20:34	2026-09-25T09:20:34.384486+00:00	YELLOW	Flag	Sector	1		2026-09-25T09:20:32|Flag|YELLOW IN TRACK SECTOR 1	YELLOW IN TRACK SECTOR 1	YELLOW IN TRACK SECTOR 1
09-25 17:20:36	2026-09-25T09:20:36.655873+00:00	CLEAR	Flag	Sector	1		2026-09-25T09:20:34|Flag|CLEAR IN TRACK SECTOR 1	CLEAR IN TRACK SECTOR 1	CLEAR IN TRACK SECTOR 1
09-25 17:20:36	2026-09-25T09:20:36.658141+00:00	CLEAR	Flag	Sector	2		2026-09-25T09:20:34|Flag|CLEAR IN TRACK SECTOR 2	CLEAR IN TRACK SECTOR 2	CLEAR IN TRACK SECTOR 2
09-25 17:21:12	2026-09-25T09:21:12.537071+00:00		Other				2026-09-25T09:21:10|Other|CAR 63 (RUS) TIME 2:06.961 DELETED - TRACK LIMITS AT TURN 1 LAP 17 13:19:04	CAR 63 (RUS) TIME 2:06.961 DELETED - TRACK LIMITS AT TURN 1 LAP 17 13:19:04	CAR 63 (RUS) TIME 2:06.961 DELETED - TRACK LIMITS AT TURN 1 LAP 17 13:19:04
09-25 17:21:36	2026-09-25T09:21:36.765718+00:00	YELLOW	Flag	Sector	2		2026-09-25T09:21:34|Flag|YELLOW IN TRACK SECTOR 2	YELLOW IN TRACK SECTOR 2	YELLOW IN TRACK SECTOR 2
09-25 17:21:36	2026-09-25T09:21:36.767832+00:00	YELLOW	Flag	Sector	1		2026-09-25T09:21:34|Flag|YELLOW IN TRACK SECTOR 1	YELLOW IN TRACK SECTOR 1	YELLOW IN TRACK SECTOR 1
09-25 17:21:38	2026-09-25T09:21:38.372383+00:00	CLEAR	Flag	Sector	2		2026-09-25T09:21:36|Flag|CLEAR IN TRACK SECTOR 2	CLEAR IN TRACK SECTOR 2	CLEAR IN TRACK SECTOR 2
09-25 17:21:39	2026-09-25T09:21:39.443552+00:00	CLEAR	Flag	Sector	1		2026-09-25T09:21:37|Flag|CLEAR IN TRACK SECTOR 1	CLEAR IN TRACK SECTOR 1	CLEAR IN TRACK SECTOR 1
09-25 17:21:58	2026-09-25T09:21:58.947530+00:00	YELLOW	Flag	Sector	9		2026-09-25T09:21:57|Flag|YELLOW IN TRACK SECTOR 9	YELLOW IN TRACK SECTOR 9	YELLOW IN TRACK SECTOR 9
09-25 17:21:58	2026-09-25T09:21:58.975669+00:00	YELLOW	Flag	Sector	8		2026-09-25T09:21:57|Flag|YELLOW IN TRACK SECTOR 8	YELLOW IN TRACK SECTOR 8	YELLOW IN TRACK SECTOR 8
09-25 17:22:10	2026-09-25T09:22:10.302242+00:00	DOUBLE YELLOW	Flag	Sector	9		2026-09-25T09:22:07|Flag|DOUBLE YELLOW IN TRACK SECTOR 9	DOUBLE YELLOW IN TRACK SECTOR 9	DOUBLE YELLOW IN TRACK SECTOR 9
09-25 17:22:15	2026-09-25T09:22:15.886328+00:00	YELLOW	Flag	Sector	9		2026-09-25T09:22:13|Flag|YELLOW IN TRACK SECTOR 9	YELLOW IN TRACK SECTOR 9	YELLOW IN TRACK SECTOR 9
09-25 17:22:15	2026-09-25T09:22:15.888582+00:00	CLEAR	Flag	Sector	8		2026-09-25T09:22:13|Flag|CLEAR IN TRACK SECTOR 8	CLEAR IN TRACK SECTOR 8	CLEAR IN TRACK SECTOR 8
09-25 17:22:16	2026-09-25T09:22:16.688427+00:00	CLEAR	Flag	Sector	9		2026-09-25T09:22:14|Flag|CLEAR IN TRACK SECTOR 9	CLEAR IN TRACK SECTOR 9	CLEAR IN TRACK SECTOR 9
09-25 17:22:28	2026-09-25T09:22:28.708593+00:00		Other				2026-09-25T09:22:26|Other|CAR 41 (LIN) TIME 2:28.991 DELETED - TRACK LIMITS AT TURN 15 LAP 18 13:20:05	CAR 41 (LIN) TIME 2:28.991 DELETED - TRACK LIMITS AT TURN 15 LAP 18 13:20:05	CAR 41 (LIN) TIME 2:28.991 DELETED - TRACK LIMITS AT TURN 15 LAP 18 13:20:05
09-25 17:23:24	2026-09-25T09:23:24.576272+00:00	YELLOW	Flag	Sector	2		2026-09-25T09:23:21|Flag|YELLOW IN TRACK SECTOR 2	YELLOW IN TRACK SECTOR 2	YELLOW IN TRACK SECTOR 2
09-25 17:23:24	2026-09-25T09:23:24.578337+00:00	YELLOW	Flag	Sector	1		2026-09-25T09:23:22|Flag|YELLOW IN TRACK SECTOR 1	YELLOW IN TRACK SECTOR 1	YELLOW IN TRACK SECTOR 1
09-25 17:23:35	2026-09-25T09:23:35.961270+00:00	CLEAR	Flag	Sector	2		2026-09-25T09:23:33|Flag|CLEAR IN TRACK SECTOR 2	CLEAR IN TRACK SECTOR 2	CLEAR IN TRACK SECTOR 2
09-25 17:23:35	2026-09-25T09:23:35.963264+00:00	CLEAR	Flag	Sector	1		2026-09-25T09:23:34|Flag|CLEAR IN TRACK SECTOR 1	CLEAR IN TRACK SECTOR 1	CLEAR IN TRACK SECTOR 1
09-25 17:23:48	2026-09-25T09:23:48.942620+00:00		Other				2026-09-25T09:23:47|Other|CAR 5 (BOR) TIME 2:22.182 DELETED - TRACK LIMITS AT TURN 1 LAP 14 13:19:46	CAR 5 (BOR) TIME 2:22.182 DELETED - TRACK LIMITS AT TURN 1 LAP 14 13:19:46	CAR 5 (BOR) TIME 2:22.182 DELETED - TRACK LIMITS AT TURN 1 LAP 14 13:19:46
09-25 17:23:50	2026-09-25T09:23:50.758462+00:00		Other				2026-09-25T09:23:48|Other|CAR 27 (HUL) TIME 2:05.878 DELETED - TRACK LIMITS AT TURN 1 LAP 15 13:20:21	CAR 27 (HUL) TIME 2:05.878 DELETED - TRACK LIMITS AT TURN 1 LAP 15 13:20:21	CAR 27 (HUL) TIME 2:05.878 DELETED - TRACK LIMITS AT TURN 1 LAP 15 13:20:21
09-25 17:23:53	2026-09-25T09:23:53.156123+00:00		Other				2026-09-25T09:23:51|Other|CAR 6 (HAD) TIME 2:24.057 DELETED - TRACK LIMITS AT TURN 1 LAP 17 13:20:26	CAR 6 (HAD) TIME 2:24.057 DELETED - TRACK LIMITS AT TURN 1 LAP 17 13:20:26	CAR 6 (HAD) TIME 2:24.057 DELETED - TRACK LIMITS AT TURN 1 LAP 17 13:20:26
09-25 17:24:00	2026-09-25T09:24:00.379984+00:00		Other				2026-09-25T09:23:58|Other|CAR 31 (OCO) TIME 2:11.290 DELETED - DOUBLE YELLOW AT TURN 7 LAP 16 13:22:07	CAR 31 (OCO) TIME 2:11.290 DELETED - DOUBLE YELLOW AT TURN 7 LAP 16 13:22:07	CAR 31 (OCO) TIME 2:11.290 DELETED - DOUBLE YELLOW AT TURN 7 LAP 16 13:22:07
09-25 17:24:16	2026-09-25T09:24:16.283781+00:00		Other				2026-09-25T09:24:14|Other|CAR 63 (RUS) TIME 2:13.364 DELETED - TRACK LIMITS AT TURN 7 LAP 18 13:22:07	CAR 63 (RUS) TIME 2:13.364 DELETED - TRACK LIMITS AT TURN 7 LAP 18 13:22:07	CAR 63 (RUS) TIME 2:13.364 DELETED - TRACK LIMITS AT TURN 7 LAP 18 13:22:07
09-25 17:25:15	2026-09-25T09:25:15.846258+00:00		Other				2026-09-25T09:25:14|Other|CAR 44 (HAM) TIME 16:33.202 DELETED - DOUBLE YELLOW AT TURN 7 LAP 13 13:22:09	CAR 44 (HAM) TIME 16:33.202 DELETED - DOUBLE YELLOW AT TURN 7 LAP 13 13:22:09	CAR 44 (HAM) TIME 16:33.202 DELETED - DOUBLE YELLOW AT TURN 7 LAP 13 13:22:09
09-25 17:25:17	2026-09-25T09:25:17.293894+00:00		Other				2026-09-25T09:25:15|Other|CAR 12 (ANT) TIME 2:11.790 DELETED - TRACK LIMITS AT TURN 1 LAP 18 13:21:33	CAR 12 (ANT) TIME 2:11.790 DELETED - TRACK LIMITS AT TURN 1 LAP 18 13:21:33	CAR 12 (ANT) TIME 2:11.790 DELETED - TRACK LIMITS AT TURN 1 LAP 18 13:21:33
09-25 17:25:28	2026-09-25T09:25:28.966704+00:00		Other				2026-09-25T09:25:27|Other|INCIDENT INVOLVING CAR 10 (GAS) NOTED - YELLOW FLAG INFRINGEMENT (13:20:32)	INCIDENT INVOLVING CAR 10 (GAS) NOTED - YELLOW FLAG INFRINGEMENT (13:20:32)	INCIDENT INVOLVING CAR 10 (GAS) NOTED - YELLOW FLAG INFRINGEMENT (13:20:32)
09-25 17:26:26	2026-09-25T09:26:26.825665+00:00		Other				2026-09-25T09:26:25|Other|CAR 63 (RUS) LAP DELETED - TRACK LIMITS AT TURN 1 LAP 19 13:23:25 (PIT)	CAR 63 (RUS) LAP DELETED - TRACK LIMITS AT TURN 1 LAP 19 13:23:25 (PIT)	CAR 63 (RUS) LAP DELETED - TRACK LIMITS AT TURN 1 LAP 19 13:23:25 (PIT)
09-25 17:26:29	2026-09-25T09:26:29.564231+00:00		Other				2026-09-25T09:26:27|Other|CAR 31 (OCO) TIME 2:18.938 DELETED - TRACK LIMITS AT TURN 1 LAP 17 13:23:21	CAR 31 (OCO) TIME 2:18.938 DELETED - TRACK LIMITS AT TURN 1 LAP 17 13:23:21	CAR 31 (OCO) TIME 2:18.938 DELETED - TRACK LIMITS AT TURN 1 LAP 17 13:23:21
09-25 17:26:55	2026-09-25T09:26:55.786734+00:00	YELLOW	Flag	Sector	2		2026-09-25T09:26:52|Flag|YELLOW IN TRACK SECTOR 2	YELLOW IN TRACK SECTOR 2	YELLOW IN TRACK SECTOR 2
09-25 17:26:55	2026-09-25T09:26:55.814269+00:00	YELLOW	Flag	Sector	1		2026-09-25T09:26:52|Flag|YELLOW IN TRACK SECTOR 1	YELLOW IN TRACK SECTOR 1	YELLOW IN TRACK SECTOR 1
09-25 17:26:55	2026-09-25T09:26:55.837670+00:00	CLEAR	Flag	Sector	2		2026-09-25T09:26:52|Flag|CLEAR IN TRACK SECTOR 2	CLEAR IN TRACK SECTOR 2	CLEAR IN TRACK SECTOR 2
09-25 17:26:57	2026-09-25T09:26:57.606559+00:00	CLEAR	Flag	Sector	1		2026-09-25T09:26:54|Flag|CLEAR IN TRACK SECTOR 1	CLEAR IN TRACK SECTOR 1	CLEAR IN TRACK SECTOR 1
09-25 17:28:30	2026-09-25T09:28:30.916043+00:00	YELLOW	Flag	Sector	9		2026-09-25T09:28:29|Flag|YELLOW IN TRACK SECTOR 9	YELLOW IN TRACK SECTOR 9	YELLOW IN TRACK SECTOR 9
09-25 17:28:30	2026-09-25T09:28:30.951395+00:00	YELLOW	Flag	Sector	8		2026-09-25T09:28:29|Flag|YELLOW IN TRACK SECTOR 8	YELLOW IN TRACK SECTOR 8	YELLOW IN TRACK SECTOR 8
09-25 17:28:38	2026-09-25T09:28:38.869810+00:00	DOUBLE YELLOW	Flag	Sector	9		2026-09-25T09:28:37|Flag|DOUBLE YELLOW IN TRACK SECTOR 9	DOUBLE YELLOW IN TRACK SECTOR 9	DOUBLE YELLOW IN TRACK SECTOR 9
09-25 17:28:44	2026-09-25T09:28:44.344565+00:00	YELLOW	Flag	Sector	9		2026-09-25T09:28:42|Flag|YELLOW IN TRACK SECTOR 9	YELLOW IN TRACK SECTOR 9	YELLOW IN TRACK SECTOR 9
09-25 17:28:48	2026-09-25T09:28:48.438025+00:00	CLEAR	Flag	Sector	9		2026-09-25T09:28:46|Flag|CLEAR IN TRACK SECTOR 9	CLEAR IN TRACK SECTOR 9	CLEAR IN TRACK SECTOR 9
09-25 17:28:50	2026-09-25T09:28:50.418023+00:00	CLEAR	Flag	Sector	8		2026-09-25T09:28:48|Flag|CLEAR IN TRACK SECTOR 8	CLEAR IN TRACK SECTOR 8	CLEAR IN TRACK SECTOR 8
09-25 17:29:08	2026-09-25T09:29:08.299018+00:00		Other				2026-09-25T09:29:06|Other|CAR 6 (HAD) TIME 2:10.651 DELETED - TRACK LIMITS AT TURN 1 LAP 20 13:26:46	CAR 6 (HAD) TIME 2:10.651 DELETED - TRACK LIMITS AT TURN 1 LAP 20 13:26:46	CAR 6 (HAD) TIME 2:10.651 DELETED - TRACK LIMITS AT TURN 1 LAP 20 13:26:46
09-25 17:30:02	2026-09-25T09:30:02.350290+00:00	CHEQUERED	Flag	Track			2026-09-25T09:30:00|Flag|CHEQUERED FLAG	CHEQUERED FLAG	CHEQUERED FLAG
09-25 17:30:21	2026-09-25T09:30:21.176764+00:00		Other				2026-09-25T09:30:19|Other|CAR 16 (LEC) TIME 2:17.976 DELETED - TRACK LIMITS AT TURN 7 LAP 20 13:28:27	CAR 16 (LEC) TIME 2:17.976 DELETED - TRACK LIMITS AT TURN 7 LAP 20 13:28:27	CAR 16 (LEC) TIME 2:17.976 DELETED - TRACK LIMITS AT TURN 7 LAP 20 13:28:27
09-25 17:30:36	2026-09-25T09:30:36.120599+00:00		Other				2026-09-25T09:30:34|Other|FIRST CAR TO TAKE THE FLAG - CAR 5 (BOR)	FIRST CAR TO TAKE THE FLAG - CAR 5 (BOR)	FIRST CAR TO TAKE THE FLAG - CAR 5 (BOR)
09-25 17:31:09	2026-09-25T09:31:09.541854+00:00	YELLOW	Flag	Sector	15		2026-09-25T09:31:07|Flag|YELLOW IN TRACK SECTOR 15	YELLOW IN TRACK SECTOR 15	YELLOW IN TRACK SECTOR 15
09-25 17:31:09	2026-09-25T09:31:09.621424+00:00	YELLOW	Flag	Sector	14		2026-09-25T09:31:07|Flag|YELLOW IN TRACK SECTOR 14	YELLOW IN TRACK SECTOR 14	YELLOW IN TRACK SECTOR 14
09-25 17:31:19	2026-09-25T09:31:19.710694+00:00	CLEAR	Flag	Sector	14		2026-09-25T09:31:18|Flag|CLEAR IN TRACK SECTOR 14	CLEAR IN TRACK SECTOR 14	CLEAR IN TRACK SECTOR 14
09-25 17:31:25	2026-09-25T09:31:25.524940+00:00	CLEAR	Flag	Sector	15		2026-09-25T09:31:23|Flag|CLEAR IN TRACK SECTOR 15	CLEAR IN TRACK SECTOR 15	CLEAR IN TRACK SECTOR 15
09-25 17:31:39	2026-09-25T09:31:39.998127+00:00		Other				2026-09-25T09:31:37|Other|TURN 15 INCIDENT INVOLVING CAR 41 (LIN) NOTED - LEAVING THE TRACK AND GAINING AN ADVANTAGE (13:20:03)	TURN 15 INCIDENT INVOLVING CAR 41 (LIN) NOTED - LEAVING THE TRACK AND GAINING AN ADVANTAGE (13:20:03)	TURN 15 INCIDENT INVOLVING CAR 41 (LIN) NOTED - LEAVING THE TRACK AND GAINING AN ADVANTAGE (13:20:03)
09-25 17:31:53	2026-09-25T09:31:53.722533+00:00		Other				2026-09-25T09:31:51|Other|FIA STEWARDS: INCIDENT INVOLVING CAR 10 (GAS) REVIEWED NO FURTHER INVESTIGATION - YELLOW FLAG INFRINGEMENT (13:20:32)	FIA STEWARDS: INCIDENT INVOLVING CAR 10 (GAS) REVIEWED NO FURTHER INVESTIGATION - YELLOW FLAG INFRINGEMENT (13:20:32)	FIA STEWARDS: INCIDENT INVOLVING CAR 10 (GAS) REVIEWED NO FURTHER INVESTIGATION - YELLOW FLAG INFRINGEMENT (13:20:32)
09-25 17:32:06	2026-09-25T09:32:06.904474+00:00		Other				2026-09-25T09:32:05|Other|CAR 55 (SAI) TIME 1:59.357 DELETED - TRACK LIMITS AT TURN 15 LAP 23 13:30:37	CAR 55 (SAI) TIME 1:59.357 DELETED - TRACK LIMITS AT TURN 15 LAP 23 13:30:37	CAR 55 (SAI) TIME 1:59.357 DELETED - TRACK LIMITS AT TURN 15 LAP 23 13:30:37
09-25 17:32:07	2026-09-25T09:32:07.916329+00:00		Other				2026-09-25T09:32:06|Other|CAR 87 (BEA) TIME 2:26.025 DELETED - TRACK LIMITS AT TURN 15 LAP 24 13:30:40	CAR 87 (BEA) TIME 2:26.025 DELETED - TRACK LIMITS AT TURN 15 LAP 24 13:30:40	CAR 87 (BEA) TIME 2:26.025 DELETED - TRACK LIMITS AT TURN 15 LAP 24 13:30:40
09-25 17:32:14	2026-09-25T09:32:14.379305+00:00		Other				2026-09-25T09:32:12|Other|CAR 3 (VER) TIME 2:06.754 DELETED - TRACK LIMITS AT TURN 15 LAP 20 13:31:06	CAR 3 (VER) TIME 2:06.754 DELETED - TRACK LIMITS AT TURN 15 LAP 20 13:31:06	CAR 3 (VER) TIME 2:06.754 DELETED - TRACK LIMITS AT TURN 15 LAP 20 13:31:06
09-25 17:33:18	2026-09-25T09:33:18.256471+00:00		Other				2026-09-25T09:33:15|Other|FIA STEWARDS: TURN 15 INCIDENT INVOLVING CAR 41 (LIN) WILL BE INVESTIGATED AFTER THE SESSION - LEAVING THE TRACK AND GAINING AN ADVANTAGE (13:20:03)	FIA STEWARDS: TURN 15 INCIDENT INVOLVING CAR 41 (LIN) WILL BE INVESTIGATED AFTER THE SESSION - LEAVING THE TRACK AND GAINING AN ADVANTAGE (13:20:03)	FIA STEWARDS: TURN 15 INCIDENT INVOLVING CAR 41 (LIN) WILL BE INVESTIGATED AFTER THE SESSION - LEAVING THE TRACK AND GAINING AN ADVANTAGE (13:20:03)
09-25 17:38:49	2026-09-25T09:38:49.994829+00:00	DOUBLE YELLOW	Flag	Sector	10		2026-09-25T09:38:48|Flag|DOUBLE YELLOW IN TRACK SECTOR 10	DOUBLE YELLOW IN TRACK SECTOR 10	DOUBLE YELLOW IN TRACK SECTOR 10
09-25 17:47:22	2026-09-25T09:47:22.504703+00:00	YELLOW	Flag	Sector	17		2026-09-25T09:47:20|Flag|YELLOW IN TRACK SECTOR 17	YELLOW IN TRACK SECTOR 17	YELLOW IN TRACK SECTOR 17
09-25 17:47:33	2026-09-25T09:47:33.956521+00:00	CLEAR	Flag	Sector	17		2026-09-25T09:47:32|Flag|CLEAR IN TRACK SECTOR 17	CLEAR IN TRACK SECTOR 17	CLEAR IN TRACK SECTOR 17
09-25 19:56:22	2026-09-25T11:56:22.063213+00:00	CLEAR	Flag	Sector	5		2026-09-25T11:56:20|Flag|CLEAR IN TRACK SECTOR 5	CLEAR IN TRACK SECTOR 5	CLEAR IN TRACK SECTOR 5
09-25 19:56:22	2026-09-25T11:56:22.632231+00:00	CLEAR	Flag	Sector	11		2026-09-25T11:56:20|Flag|CLEAR IN TRACK SECTOR 11	CLEAR IN TRACK SECTOR 11	CLEAR IN TRACK SECTOR 11
09-25 19:56:23	2026-09-25T11:56:23.188120+00:00	CLEAR	Flag	Sector	21		2026-09-25T11:56:21|Flag|CLEAR IN TRACK SECTOR 21	CLEAR IN TRACK SECTOR 21	CLEAR IN TRACK SECTOR 21
09-25 19:56:23	2026-09-25T11:56:23.627859+00:00	CLEAR	Flag	Sector	9		2026-09-25T11:56:21|Flag|CLEAR IN TRACK SECTOR 9	CLEAR IN TRACK SECTOR 9	CLEAR IN TRACK SECTOR 9
09-25 19:56:24	2026-09-25T11:56:24.505916+00:00	CLEAR	Flag	Sector	14		2026-09-25T11:56:21|Flag|CLEAR IN TRACK SECTOR 14	CLEAR IN TRACK SECTOR 14	CLEAR IN TRACK SECTOR 14
09-25 19:56:24	2026-09-25T11:56:24.543565+00:00	CLEAR	Flag	Sector	16		2026-09-25T11:56:21|Flag|CLEAR IN TRACK SECTOR 16	CLEAR IN TRACK SECTOR 16	CLEAR IN TRACK SECTOR 16
09-25 19:56:24	2026-09-25T11:56:24.545159+00:00	CLEAR	Flag	Sector	18		2026-09-25T11:56:21|Flag|CLEAR IN TRACK SECTOR 18	CLEAR IN TRACK SECTOR 18	CLEAR IN TRACK SECTOR 18
09-25 19:56:24	2026-09-25T11:56:24.546612+00:00	CLEAR	Flag	Sector	17		2026-09-25T11:56:22|Flag|CLEAR IN TRACK SECTOR 17	CLEAR IN TRACK SECTOR 17	CLEAR IN TRACK SECTOR 17
09-25 19:56:24	2026-09-25T11:56:24.932629+00:00	CLEAR	Flag	Sector	19		2026-09-25T11:56:22|Flag|CLEAR IN TRACK SECTOR 19	CLEAR IN TRACK SECTOR 19	CLEAR IN TRACK SECTOR 19
09-25 19:56:25	2026-09-25T11:56:25.513194+00:00	CLEAR	Flag	Sector	8		2026-09-25T11:56:22|Flag|CLEAR IN TRACK SECTOR 8	CLEAR IN TRACK SECTOR 8	CLEAR IN TRACK SECTOR 8
09-25 19:56:25	2026-09-25T11:56:25.654994+00:00	CLEAR	Flag	Sector	2		2026-09-25T11:56:23|Flag|CLEAR IN TRACK SECTOR 2	CLEAR IN TRACK SECTOR 2	CLEAR IN TRACK SECTOR 2
09-25 19:56:25	2026-09-25T11:56:25.685611+00:00	CLEAR	Flag	Sector	7		2026-09-25T11:56:23|Flag|CLEAR IN TRACK SECTOR 7	CLEAR IN TRACK SECTOR 7	CLEAR IN TRACK SECTOR 7
09-25 19:56:26	2026-09-25T11:56:26.108087+00:00	CLEAR	Flag	Sector	10		2026-09-25T11:56:24|Flag|CLEAR IN TRACK SECTOR 10	CLEAR IN TRACK SECTOR 10	CLEAR IN TRACK SECTOR 10
09-25 19:56:26	2026-09-25T11:56:26.186768+00:00	YELLOW	Flag	Sector	21		2026-09-25T11:56:24|Flag|YELLOW IN TRACK SECTOR 21	YELLOW IN TRACK SECTOR 21	YELLOW IN TRACK SECTOR 21
09-25 19:56:27	2026-09-25T11:56:27.779001+00:00	CLEAR	Flag	Sector	6		2026-09-25T11:56:26|Flag|CLEAR IN TRACK SECTOR 6	CLEAR IN TRACK SECTOR 6	CLEAR IN TRACK SECTOR 6
09-25 19:56:27	2026-09-25T11:56:27.840968+00:00	CLEAR	Flag	Sector	12		2026-09-25T11:56:26|Flag|CLEAR IN TRACK SECTOR 12	CLEAR IN TRACK SECTOR 12	CLEAR IN TRACK SECTOR 12
09-25 19:56:28	2026-09-25T11:56:28.254472+00:00	CLEAR	Flag	Sector	21		2026-09-25T11:56:26|Flag|CLEAR IN TRACK SECTOR 21	CLEAR IN TRACK SECTOR 21	CLEAR IN TRACK SECTOR 21
09-25 19:56:31	2026-09-25T11:56:31.754919+00:00	CLEAR	Flag	Sector	15		2026-09-25T11:56:30|Flag|CLEAR IN TRACK SECTOR 15	CLEAR IN TRACK SECTOR 15	CLEAR IN TRACK SECTOR 15
09-25 19:56:34	2026-09-25T11:56:34.305834+00:00	CLEAR	Flag	Sector	3		2026-09-25T11:56:32|Flag|CLEAR IN TRACK SECTOR 3	CLEAR IN TRACK SECTOR 3	CLEAR IN TRACK SECTOR 3
09-25 19:56:42	2026-09-25T11:56:42.962539+00:00	YELLOW	Flag	Sector	21		2026-09-25T11:56:41|Flag|YELLOW IN TRACK SECTOR 21	YELLOW IN TRACK SECTOR 21	YELLOW IN TRACK SECTOR 21
09-25 19:56:44	2026-09-25T11:56:44.508168+00:00	CLEAR	Flag	Sector	21		2026-09-25T11:56:42|Flag|CLEAR IN TRACK SECTOR 21	CLEAR IN TRACK SECTOR 21	CLEAR IN TRACK SECTOR 21
09-25 19:56:46	2026-09-25T11:56:46.504389+00:00	YELLOW	Flag	Sector	21		2026-09-25T11:56:44|Flag|YELLOW IN TRACK SECTOR 21	YELLOW IN TRACK SECTOR 21	YELLOW IN TRACK SECTOR 21
09-25 19:56:47	2026-09-25T11:56:47.986514+00:00	CLEAR	Flag	Sector	21		2026-09-25T11:56:46|Flag|CLEAR IN TRACK SECTOR 21	CLEAR IN TRACK SECTOR 21	CLEAR IN TRACK SECTOR 21
09-25 19:56:55	2026-09-25T11:56:55.730227+00:00	CLEAR	Flag	Sector	13		2026-09-25T11:56:53|Flag|CLEAR IN TRACK SECTOR 13	CLEAR IN TRACK SECTOR 13	CLEAR IN TRACK SECTOR 13
09-25 19:57:35	2026-09-25T11:57:35.144130+00:00		Other				2026-09-25T11:57:33|Other|START OF QUALIFYING WILL BE DELAYED	START OF QUALIFYING WILL BE DELAYED	START OF QUALIFYING WILL BE DELAYED
09-25 19:59:23	2026-09-25T11:59:23.094402+00:00	CLEAR	Flag	Sector	4		2026-09-25T11:59:21|Flag|CLEAR IN TRACK SECTOR 4	CLEAR IN TRACK SECTOR 4	CLEAR IN TRACK SECTOR 4
09-25 20:00:07	2026-09-25T12:00:07.748911+00:00	CLEAR	Flag	Sector	20		2026-09-25T12:00:05|Flag|CLEAR IN TRACK SECTOR 20	CLEAR IN TRACK SECTOR 20	CLEAR IN TRACK SECTOR 20
09-25 20:00:12	2026-09-25T12:00:12.342218+00:00	CLEAR	Flag	Sector	1		2026-09-25T12:00:10|Flag|CLEAR IN TRACK SECTOR 1	CLEAR IN TRACK SECTOR 1	CLEAR IN TRACK SECTOR 1
09-25 20:00:37	2026-09-25T12:00:37.019362+00:00		Other				2026-09-25T12:00:34|Other|Q1 WILL START AT 16:04	Q1 WILL START AT 16:04	Q1 WILL START AT 16:04
09-25 20:04:02	2026-09-25T12:04:02.542226+00:00	GREEN	Flag	Track			2026-09-25T12:04:00|Flag|GREEN LIGHT - PIT EXIT OPEN	GREEN LIGHT - PIT EXIT OPEN	GREEN LIGHT - PIT EXIT OPEN
09-25 20:07:37	2026-09-25T12:07:37.421268+00:00	YELLOW	Flag	Sector	9		2026-09-25T12:07:35|Flag|YELLOW IN TRACK SECTOR 9	YELLOW IN TRACK SECTOR 9	YELLOW IN TRACK SECTOR 9
09-25 20:07:37	2026-09-25T12:07:37.423181+00:00	YELLOW	Flag	Sector	8		2026-09-25T12:07:35|Flag|YELLOW IN TRACK SECTOR 8	YELLOW IN TRACK SECTOR 8	YELLOW IN TRACK SECTOR 8
09-25 20:07:44	2026-09-25T12:07:44.345703+00:00	DOUBLE YELLOW	Flag	Sector	9		2026-09-25T12:07:42|Flag|DOUBLE YELLOW IN TRACK SECTOR 9	DOUBLE YELLOW IN TRACK SECTOR 9	DOUBLE YELLOW IN TRACK SECTOR 9
09-25 20:07:53	2026-09-25T12:07:53.078376+00:00	CLEAR	Flag	Sector	9		2026-09-25T12:07:51|Flag|CLEAR IN TRACK SECTOR 9	CLEAR IN TRACK SECTOR 9	CLEAR IN TRACK SECTOR 9
09-25 20:07:53	2026-09-25T12:07:53.532128+00:00	CLEAR	Flag	Sector	8		2026-09-25T12:07:51|Flag|CLEAR IN TRACK SECTOR 8	CLEAR IN TRACK SECTOR 8	CLEAR IN TRACK SECTOR 8
09-25 20:09:07	2026-09-25T12:09:07.665969+00:00		Other				2026-09-25T12:09:05|Other|CAR 30 (LAW) TIME 2:00.207 DELETED - DOUBLE YELLOW AT TURN 7 LAP 3 16:07:45	CAR 30 (LAW) TIME 2:00.207 DELETED - DOUBLE YELLOW AT TURN 7 LAP 3 16:07:45	CAR 30 (LAW) TIME 2:00.207 DELETED - DOUBLE YELLOW AT TURN 7 LAP 3 16:07:45
09-25 20:09:23	2026-09-25T12:09:23.729129+00:00		Other				2026-09-25T12:09:21|Other|CAR 18 (STR) LAP DELETED - TRACK LIMITS AT TURN 7 LAP 3 16:07:34 (PIT)	CAR 18 (STR) LAP DELETED - TRACK LIMITS AT TURN 7 LAP 3 16:07:34 (PIT)	CAR 18 (STR) LAP DELETED - TRACK LIMITS AT TURN 7 LAP 3 16:07:34 (PIT)
09-25 20:09:26	2026-09-25T12:09:26.200556+00:00		Other				2026-09-25T12:09:23|Other|CAR 41 (LIN) TIME 2:00.079 DELETED - DOUBLE YELLOW AT TURN 7 LAP 3 16:07:42	CAR 41 (LIN) TIME 2:00.079 DELETED - DOUBLE YELLOW AT TURN 7 LAP 3 16:07:42	CAR 41 (LIN) TIME 2:00.079 DELETED - DOUBLE YELLOW AT TURN 7 LAP 3 16:07:42
09-25 20:09:34	2026-09-25T12:09:34.550316+00:00		Other				2026-09-25T12:09:32|Other|CAR 1 (NOR) LAP DELETED - TRACK LIMITS AT TURN 15 LAP 2 16:07:32	CAR 1 (NOR) LAP DELETED - TRACK LIMITS AT TURN 15 LAP 2 16:07:32	CAR 1 (NOR) LAP DELETED - TRACK LIMITS AT TURN 15 LAP 2 16:07:32
09-25 20:11:24	2026-09-25T12:11:24.830646+00:00		Other				2026-09-25T12:11:23|Other|CAR 23 (ALB) TIME 1:47.082 DELETED - TRACK LIMITS AT TURN 16 LAP 4 16:10:57	CAR 23 (ALB) TIME 1:47.082 DELETED - TRACK LIMITS AT TURN 16 LAP 4 16:10:57	CAR 23 (ALB) TIME 1:47.082 DELETED - TRACK LIMITS AT TURN 16 LAP 4 16:10:57
09-25 20:12:27	2026-09-25T12:12:27.645912+00:00		Other				2026-09-25T12:12:25|Other|CAR 11 (PER) TIME 2:12.649 DELETED - TRACK LIMITS AT TURN 15 LAP 5 16:11:31	CAR 11 (PER) TIME 2:12.649 DELETED - TRACK LIMITS AT TURN 15 LAP 5 16:11:31	CAR 11 (PER) TIME 2:12.649 DELETED - TRACK LIMITS AT TURN 15 LAP 5 16:11:31
09-25 20:12:31	2026-09-25T12:12:31.093363+00:00		Other				2026-09-25T12:12:29|Other|CAR 43 (COL) LAP DELETED - TRACK LIMITS AT TURN 15 LAP 5 16:11:33 (PIT)	CAR 43 (COL) LAP DELETED - TRACK LIMITS AT TURN 15 LAP 5 16:11:33 (PIT)	CAR 43 (COL) LAP DELETED - TRACK LIMITS AT TURN 15 LAP 5 16:11:33 (PIT)
09-25 20:12:38	2026-09-25T12:12:38.946795+00:00		Other				2026-09-25T12:12:36|Other|CAR 10 (GAS) LAP DELETED - TRACK LIMITS AT TURN 1 LAP 5 16:10:18 (PIT)	CAR 10 (GAS) LAP DELETED - TRACK LIMITS AT TURN 1 LAP 5 16:10:18 (PIT)	CAR 10 (GAS) LAP DELETED - TRACK LIMITS AT TURN 1 LAP 5 16:10:18 (PIT)
09-25 20:14:45	2026-09-25T12:14:45.720603+00:00	YELLOW	Flag	Sector	9		2026-09-25T12:14:42|Flag|YELLOW IN TRACK SECTOR 9	YELLOW IN TRACK SECTOR 9	YELLOW IN TRACK SECTOR 9
09-25 20:14:45	2026-09-25T12:14:45.722539+00:00	YELLOW	Flag	Sector	8		2026-09-25T12:14:42|Flag|YELLOW IN TRACK SECTOR 8	YELLOW IN TRACK SECTOR 8	YELLOW IN TRACK SECTOR 8
09-25 20:14:50	2026-09-25T12:14:50.319133+00:00	CLEAR	Flag	Sector	8		2026-09-25T12:14:48|Flag|CLEAR IN TRACK SECTOR 8	CLEAR IN TRACK SECTOR 8	CLEAR IN TRACK SECTOR 8
09-25 20:14:52	2026-09-25T12:14:52.202632+00:00	CLEAR	Flag	Sector	9		2026-09-25T12:14:50|Flag|CLEAR IN TRACK SECTOR 9	CLEAR IN TRACK SECTOR 9	CLEAR IN TRACK SECTOR 9
09-25 20:15:25	2026-09-25T12:15:25.622886+00:00		Other				2026-09-25T12:15:23|Other|TURN 19 INCIDENT INVOLVING CARS 11 (PER) AND 81 (PIA) NOTED - IMPEDING (16:11:55)	TURN 19 INCIDENT INVOLVING CARS 11 (PER) AND 81 (PIA) NOTED - IMPEDING (16:11:55)	TURN 19 INCIDENT INVOLVING CARS 11 (PER) AND 81 (PIA) NOTED - IMPEDING (16:11:55)
09-25 20:15:55	2026-09-25T12:15:55.616537+00:00		Other				2026-09-25T12:15:54|Other|FIA STEWARDS: TURN 19 INCIDENT INVOLVING CARS 11 (PER) AND 81 (PIA) WILL BE INVESTIGATED AFTER THE SESSION - IMPEDING (16:11:55)	FIA STEWARDS: TURN 19 INCIDENT INVOLVING CARS 11 (PER) AND 81 (PIA) WILL BE INVESTIGATED AFTER THE SESSION - IMPEDING (16:11:55)	FIA STEWARDS: TURN 19 INCIDENT INVOLVING CARS 11 (PER) AND 81 (PIA) WILL BE INVESTIGATED AFTER THE SESSION - IMPEDING (16:11:55)
09-25 20:17:04	2026-09-25T12:17:04.192708+00:00		Other				2026-09-25T12:17:01|Other|CAR 11 (PER) LAP DELETED - TRACK LIMITS AT TURN 15 LAP 7 16:15:25 (PIT)	CAR 11 (PER) LAP DELETED - TRACK LIMITS AT TURN 15 LAP 7 16:15:25 (PIT)	CAR 11 (PER) LAP DELETED - TRACK LIMITS AT TURN 15 LAP 7 16:15:25 (PIT)
09-25 20:17:36	2026-09-25T12:17:36.939726+00:00		Other				2026-09-25T12:17:34|Other|CAR 6 (HAD) TIME 2:13.983 DELETED - TRACK LIMITS AT TURN 1 LAP 7 16:15:08	CAR 6 (HAD) TIME 2:13.983 DELETED - TRACK LIMITS AT TURN 1 LAP 7 16:15:08	CAR 6 (HAD) TIME 2:13.983 DELETED - TRACK LIMITS AT TURN 1 LAP 7 16:15:08
09-25 20:21:47	2026-09-25T12:21:47.859106+00:00	YELLOW	Flag	Sector	5		2026-09-25T12:21:45|Flag|YELLOW IN TRACK SECTOR 5	YELLOW IN TRACK SECTOR 5	YELLOW IN TRACK SECTOR 5
09-25 20:21:47	2026-09-25T12:21:47.861147+00:00	YELLOW	Flag	Sector	4		2026-09-25T12:21:45|Flag|YELLOW IN TRACK SECTOR 4	YELLOW IN TRACK SECTOR 4	YELLOW IN TRACK SECTOR 4
09-25 20:21:55	2026-09-25T12:21:55.487120+00:00	DOUBLE YELLOW	Flag	Sector	5		2026-09-25T12:21:53|Flag|DOUBLE YELLOW IN TRACK SECTOR 5	DOUBLE YELLOW IN TRACK SECTOR 5	DOUBLE YELLOW IN TRACK SECTOR 5
09-25 20:22:02	2026-09-25T12:22:02.305789+00:00	CHEQUERED	Flag	Track			2026-09-25T12:22:00|Flag|CHEQUERED FLAG	CHEQUERED FLAG	CHEQUERED FLAG
09-25 20:22:04	2026-09-25T12:22:04.057413+00:00	CLEAR	Flag	Sector	5		2026-09-25T12:22:02|Flag|CLEAR IN TRACK SECTOR 5	CLEAR IN TRACK SECTOR 5	CLEAR IN TRACK SECTOR 5
09-25 20:22:04	2026-09-25T12:22:04.437204+00:00	CLEAR	Flag	Sector	4		2026-09-25T12:22:02|Flag|CLEAR IN TRACK SECTOR 4	CLEAR IN TRACK SECTOR 4	CLEAR IN TRACK SECTOR 4
09-25 20:22:09	2026-09-25T12:22:09.792164+00:00	YELLOW	Flag	Sector	15		2026-09-25T12:22:07|Flag|YELLOW IN TRACK SECTOR 15	YELLOW IN TRACK SECTOR 15	YELLOW IN TRACK SECTOR 15
09-25 20:22:09	2026-09-25T12:22:09.794107+00:00	YELLOW	Flag	Sector	14		2026-09-25T12:22:07|Flag|YELLOW IN TRACK SECTOR 14	YELLOW IN TRACK SECTOR 14	YELLOW IN TRACK SECTOR 14
09-25 20:22:18	2026-09-25T12:22:18.401864+00:00	CLEAR	Flag	Sector	15		2026-09-25T12:22:16|Flag|CLEAR IN TRACK SECTOR 15	CLEAR IN TRACK SECTOR 15	CLEAR IN TRACK SECTOR 15
09-25 20:22:19	2026-09-25T12:22:19.914296+00:00	CLEAR	Flag	Sector	14		2026-09-25T12:22:17|Flag|CLEAR IN TRACK SECTOR 14	CLEAR IN TRACK SECTOR 14	CLEAR IN TRACK SECTOR 14
09-25 20:22:28	2026-09-25T12:22:28.579885+00:00		Other				2026-09-25T12:22:26|Other|FIRST CAR TO TAKE THE FLAG - CAR 23 (ALB)	FIRST CAR TO TAKE THE FLAG - CAR 23 (ALB)	FIRST CAR TO TAKE THE FLAG - CAR 23 (ALB)
09-25 20:23:09	2026-09-25T12:23:09.911588+00:00		Other				2026-09-25T12:23:07|Other|CAR 14 (ALO) LAP DELETED - TRACK LIMITS AT TURN 15 LAP 10 16:22:08 (PIT)	CAR 14 (ALO) LAP DELETED - TRACK LIMITS AT TURN 15 LAP 10 16:22:08 (PIT)	CAR 14 (ALO) LAP DELETED - TRACK LIMITS AT TURN 15 LAP 10 16:22:08 (PIT)
09-25 20:24:13	2026-09-25T12:24:13.583126+00:00		Other				2026-09-25T12:24:11|Other|CAR 16 (LEC) LAP DELETED - DOUBLE YELLOW AT TURN 3 LAP 10 16:22:00 (PIT)	CAR 16 (LEC) LAP DELETED - DOUBLE YELLOW AT TURN 3 LAP 10 16:22:00 (PIT)	CAR 16 (LEC) LAP DELETED - DOUBLE YELLOW AT TURN 3 LAP 10 16:22:00 (PIT)
09-25 20:24:16	2026-09-25T12:24:16.184602+00:00		Other				2026-09-25T12:24:14|Other|CAR 18 (STR) LAP DELETED - TRACK LIMITS AT TURN 3 LAP 10 16:21:47 (PIT)	CAR 18 (STR) LAP DELETED - TRACK LIMITS AT TURN 3 LAP 10 16:21:47 (PIT)	CAR 18 (STR) LAP DELETED - TRACK LIMITS AT TURN 3 LAP 10 16:21:47 (PIT)
09-25 20:24:17	2026-09-25T12:24:17.771363+00:00		Other				2026-09-25T12:24:16|Other|CAR 77 (BOT) TIME 1:47.147 DELETED - DOUBLE YELLOW AT TURN 3 LAP 10 16:21:53	CAR 77 (BOT) TIME 1:47.147 DELETED - DOUBLE YELLOW AT TURN 3 LAP 10 16:21:53	CAR 77 (BOT) TIME 1:47.147 DELETED - DOUBLE YELLOW AT TURN 3 LAP 10 16:21:53
09-25 20:25:10	2026-09-25T12:25:10.525837+00:00	DOUBLE YELLOW	Flag	Sector	15		2026-09-25T12:25:08|Flag|DOUBLE YELLOW IN TRACK SECTOR 15	DOUBLE YELLOW IN TRACK SECTOR 15	DOUBLE YELLOW IN TRACK SECTOR 15
09-25 20:25:10	2026-09-25T12:25:10.527961+00:00	YELLOW	Flag	Sector	14		2026-09-25T12:25:08|Flag|YELLOW IN TRACK SECTOR 14	YELLOW IN TRACK SECTOR 14	YELLOW IN TRACK SECTOR 14
09-25 20:25:11	2026-09-25T12:25:11.587110+00:00		Other				2026-09-25T12:25:10|Other|INCIDENT INVOLVING CAR 30 (LAW) NOTED - YELLOW FLAG INFRINGEMENT (16:21:46)	INCIDENT INVOLVING CAR 30 (LAW) NOTED - YELLOW FLAG INFRINGEMENT (16:21:46)	INCIDENT INVOLVING CAR 30 (LAW) NOTED - YELLOW FLAG INFRINGEMENT (16:21:46)
09-25 20:25:16	2026-09-25T12:25:16.161696+00:00	CLEAR	Flag	Sector	14		2026-09-25T12:25:14|Flag|CLEAR IN TRACK SECTOR 14	CLEAR IN TRACK SECTOR 14	CLEAR IN TRACK SECTOR 14
09-25 20:25:36	2026-09-25T12:25:36.078078+00:00	DOUBLE YELLOW	Flag	Sector	2		2026-09-25T12:25:34|Flag|DOUBLE YELLOW IN TRACK SECTOR 2	DOUBLE YELLOW IN TRACK SECTOR 2	DOUBLE YELLOW IN TRACK SECTOR 2
09-25 20:26:05	2026-09-25T12:26:05.817860+00:00	CLEAR	Flag	Sector	15		2026-09-25T12:26:04|Flag|CLEAR IN TRACK SECTOR 15	CLEAR IN TRACK SECTOR 15	CLEAR IN TRACK SECTOR 15
09-25 20:26:59	2026-09-25T12:26:59.777813+00:00		Other				2026-09-25T12:26:58|Other|INCIDENT INVOLVING CAR 77 (BOT) NOTED - YELLOW FLAG INFRINGEMENT (16:21:45)	INCIDENT INVOLVING CAR 77 (BOT) NOTED - YELLOW FLAG INFRINGEMENT (16:21:45)	INCIDENT INVOLVING CAR 77 (BOT) NOTED - YELLOW FLAG INFRINGEMENT (16:21:45)
09-25 20:27:18	2026-09-25T12:27:18.058101+00:00		Other				2026-09-25T12:27:16|Other|Q2 WILL START AT 16:29	Q2 WILL START AT 16:29	Q2 WILL START AT 16:29
09-25 20:27:49	2026-09-25T12:27:49.450378+00:00	CLEAR	Flag	Sector	2		2026-09-25T12:27:48|Flag|CLEAR IN TRACK SECTOR 2	CLEAR IN TRACK SECTOR 2	CLEAR IN TRACK SECTOR 2
09-25 20:28:48	2026-09-25T12:28:48.890612+00:00		Other				2026-09-25T12:28:47|Other|FIA STEWARDS: INCIDENT INVOLVING CAR 77 (BOT) REVIEWED NO FURTHER INVESTIGATION - YELLOW FLAG INFRINGEMENT (16:21:45)	FIA STEWARDS: INCIDENT INVOLVING CAR 77 (BOT) REVIEWED NO FURTHER INVESTIGATION - YELLOW FLAG INFRINGEMENT (16:21:45)	FIA STEWARDS: INCIDENT INVOLVING CAR 77 (BOT) REVIEWED NO FURTHER INVESTIGATION - YELLOW FLAG INFRINGEMENT (16:21:45)
09-25 20:29:02	2026-09-25T12:29:02.345171+00:00	GREEN	Flag	Track			2026-09-25T12:29:00|Flag|GREEN LIGHT - PIT EXIT OPEN	GREEN LIGHT - PIT EXIT OPEN	GREEN LIGHT - PIT EXIT OPEN
09-25 20:29:46	2026-09-25T12:29:46.297420+00:00		Other				2026-09-25T12:29:45|Other|FIA STEWARDS: Q1 INCIDENT INVOLVING CAR 30 (LAW) REVIEWED NO FURTHER INVESTIGATION - YELLOW FLAG INFRINGEMENT (16:21:46)	FIA STEWARDS: Q1 INCIDENT INVOLVING CAR 30 (LAW) REVIEWED NO FURTHER INVESTIGATION - YELLOW FLAG INFRINGEMENT (16:21:46)	FIA STEWARDS: Q1 INCIDENT INVOLVING CAR 30 (LAW) REVIEWED NO FURTHER INVESTIGATION - YELLOW FLAG INFRINGEMENT (16:21:46)
09-25 20:30:03	2026-09-25T12:30:03.348159+00:00	YELLOW	Flag	Sector	6		2026-09-25T12:30:01|Flag|YELLOW IN TRACK SECTOR 6	YELLOW IN TRACK SECTOR 6	YELLOW IN TRACK SECTOR 6
09-25 20:30:03	2026-09-25T12:30:03.530195+00:00	YELLOW	Flag	Sector	5		2026-09-25T12:30:01|Flag|YELLOW IN TRACK SECTOR 5	YELLOW IN TRACK SECTOR 5	YELLOW IN TRACK SECTOR 5
09-25 20:30:30	2026-09-25T12:30:30.585885+00:00	DOUBLE YELLOW	Flag	Sector	6		2026-09-25T12:30:28|Flag|DOUBLE YELLOW IN TRACK SECTOR 6	DOUBLE YELLOW IN TRACK SECTOR 6	DOUBLE YELLOW IN TRACK SECTOR 6
09-25 20:30:33	2026-09-25T12:30:33.164465+00:00	CLEAR	Flag	Sector	6		2026-09-25T12:30:31|Flag|CLEAR IN TRACK SECTOR 6	CLEAR IN TRACK SECTOR 6	CLEAR IN TRACK SECTOR 6
09-25 20:30:34	2026-09-25T12:30:34.639729+00:00	CLEAR	Flag	Sector	5		2026-09-25T12:30:32|Flag|CLEAR IN TRACK SECTOR 5	CLEAR IN TRACK SECTOR 5	CLEAR IN TRACK SECTOR 5
09-25 20:32:05	2026-09-25T12:32:05.552800+00:00		Other				2026-09-25T12:32:03|Other|CAR 41 (LIN) TIME 7:23.254 DELETED - TRACK LIMITS AT TURN 4 LAP 11 16:30:00	CAR 41 (LIN) TIME 7:23.254 DELETED - TRACK LIMITS AT TURN 4 LAP 11 16:30:00	CAR 41 (LIN) TIME 7:23.254 DELETED - TRACK LIMITS AT TURN 4 LAP 11 16:30:00
09-25 20:42:37	2026-09-25T12:42:37.875664+00:00	YELLOW	Flag	Sector	15		2026-09-25T12:42:36|Flag|YELLOW IN TRACK SECTOR 15	YELLOW IN TRACK SECTOR 15	YELLOW IN TRACK SECTOR 15
09-25 20:42:37	2026-09-25T12:42:37.877738+00:00	YELLOW	Flag	Sector	14		2026-09-25T12:42:36|Flag|YELLOW IN TRACK SECTOR 14	YELLOW IN TRACK SECTOR 14	YELLOW IN TRACK SECTOR 14
09-25 20:42:50	2026-09-25T12:42:50.423013+00:00	CLEAR	Flag	Sector	15		2026-09-25T12:42:48|Flag|CLEAR IN TRACK SECTOR 15	CLEAR IN TRACK SECTOR 15	CLEAR IN TRACK SECTOR 15
09-25 20:42:51	2026-09-25T12:42:51.030728+00:00	CLEAR	Flag	Sector	14		2026-09-25T12:42:49|Flag|CLEAR IN TRACK SECTOR 14	CLEAR IN TRACK SECTOR 14	CLEAR IN TRACK SECTOR 14
09-25 20:43:33	2026-09-25T12:43:33.203989+00:00	YELLOW	Flag	Sector	3		2026-09-25T12:43:31|Flag|YELLOW IN TRACK SECTOR 3	YELLOW IN TRACK SECTOR 3	YELLOW IN TRACK SECTOR 3
09-25 20:43:33	2026-09-25T12:43:33.206001+00:00	YELLOW	Flag	Sector	2		2026-09-25T12:43:31|Flag|YELLOW IN TRACK SECTOR 2	YELLOW IN TRACK SECTOR 2	YELLOW IN TRACK SECTOR 2
09-25 20:43:37	2026-09-25T12:43:37.404045+00:00	CLEAR	Flag	Sector	3		2026-09-25T12:43:35|Flag|CLEAR IN TRACK SECTOR 3	CLEAR IN TRACK SECTOR 3	CLEAR IN TRACK SECTOR 3
09-25 20:43:38	2026-09-25T12:43:38.291144+00:00	CLEAR	Flag	Sector	2		2026-09-25T12:43:36|Flag|CLEAR IN TRACK SECTOR 2	CLEAR IN TRACK SECTOR 2	CLEAR IN TRACK SECTOR 2
09-25 20:44:02	2026-09-25T12:44:02.616347+00:00	CHEQUERED	Flag	Track			2026-09-25T12:44:00|Flag|CHEQUERED FLAG	CHEQUERED FLAG	CHEQUERED FLAG
09-25 20:44:16	2026-09-25T12:44:16.025630+00:00		Other				2026-09-25T12:44:14|Other|FIRST CAR TO TAKE THE FLAG - CAR 23 (ALB)	FIRST CAR TO TAKE THE FLAG - CAR 23 (ALB)	FIRST CAR TO TAKE THE FLAG - CAR 23 (ALB)
09-25 20:44:17	2026-09-25T12:44:17.786517+00:00		Other				2026-09-25T12:44:16|Other|CAR 6 (HAD) LAP DELETED - TRACK LIMITS AT TURN 15 LAP 16 16:42:36 (PIT)	CAR 6 (HAD) LAP DELETED - TRACK LIMITS AT TURN 15 LAP 16 16:42:36 (PIT)	CAR 6 (HAD) LAP DELETED - TRACK LIMITS AT TURN 15 LAP 16 16:42:36 (PIT)
09-25 20:44:19	2026-09-25T12:44:19.786777+00:00		Other				2026-09-25T12:44:17|Other|CAR 41 (LIN) LAP DELETED - TRACK LIMITS AT TURN 1 LAP 17 16:41:37 (PIT)	CAR 41 (LIN) LAP DELETED - TRACK LIMITS AT TURN 1 LAP 17 16:41:37 (PIT)	CAR 41 (LIN) LAP DELETED - TRACK LIMITS AT TURN 1 LAP 17 16:41:37 (PIT)
09-25 20:45:00	2026-09-25T12:45:00.923949+00:00		Other				2026-09-25T12:44:58|Other|INCIDENT INVOLVING CAR 31 (OCO) NOTED - YELLOW FLAG INFRINGEMENT (16:42:35)	INCIDENT INVOLVING CAR 31 (OCO) NOTED - YELLOW FLAG INFRINGEMENT (16:42:35)	INCIDENT INVOLVING CAR 31 (OCO) NOTED - YELLOW FLAG INFRINGEMENT (16:42:35)
09-25 20:45:48	2026-09-25T12:45:48.379297+00:00		Other				2026-09-25T12:45:46|Other|CAR 31 (OCO) LAP DELETED - TRACK LIMITS AT TURN 2 LAP 19 16:43:26 (PIT)	CAR 31 (OCO) LAP DELETED - TRACK LIMITS AT TURN 2 LAP 19 16:43:26 (PIT)	CAR 31 (OCO) LAP DELETED - TRACK LIMITS AT TURN 2 LAP 19 16:43:26 (PIT)
09-25 20:48:27	2026-09-25T12:48:27.172472+00:00		Other				2026-09-25T12:48:25|Other|Q3 WILL START AT 16:51	Q3 WILL START AT 16:51	Q3 WILL START AT 16:51
09-25 20:49:14	2026-09-25T12:49:14.253539+00:00	DOUBLE YELLOW	Flag	Sector	10		2026-09-25T12:49:12|Flag|DOUBLE YELLOW IN TRACK SECTOR 10	DOUBLE YELLOW IN TRACK SECTOR 10	DOUBLE YELLOW IN TRACK SECTOR 10
09-25 20:49:14	2026-09-25T12:49:14.255611+00:00	YELLOW	Flag	Sector	9		2026-09-25T12:49:12|Flag|YELLOW IN TRACK SECTOR 9	YELLOW IN TRACK SECTOR 9	YELLOW IN TRACK SECTOR 9
09-25 20:49:17	2026-09-25T12:49:17.825126+00:00	CLEAR	Flag	Sector	9		2026-09-25T12:49:15|Flag|CLEAR IN TRACK SECTOR 9	CLEAR IN TRACK SECTOR 9	CLEAR IN TRACK SECTOR 9
09-25 20:49:27	2026-09-25T12:49:27.399550+00:00	CLEAR	Flag	Sector	10		2026-09-25T12:49:25|Flag|CLEAR IN TRACK SECTOR 10	CLEAR IN TRACK SECTOR 10	CLEAR IN TRACK SECTOR 10
09-25 20:51:02	2026-09-25T12:51:02.953838+00:00	GREEN	Flag	Track			2026-09-25T12:51:00|Flag|GREEN LIGHT - PIT EXIT OPEN	GREEN LIGHT - PIT EXIT OPEN	GREEN LIGHT - PIT EXIT OPEN
09-25 21:00:33	2026-09-25T13:00:33.954654+00:00	YELLOW	Flag	Sector	15		2026-09-25T13:00:31|Flag|YELLOW IN TRACK SECTOR 15	YELLOW IN TRACK SECTOR 15	YELLOW IN TRACK SECTOR 15
09-25 21:00:33	2026-09-25T13:00:33.976318+00:00	YELLOW	Flag	Sector	14		2026-09-25T13:00:31|Flag|YELLOW IN TRACK SECTOR 14	YELLOW IN TRACK SECTOR 14	YELLOW IN TRACK SECTOR 14
09-25 21:00:40	2026-09-25T13:00:40.205579+00:00	CLEAR	Flag	Sector	15		2026-09-25T13:00:38|Flag|CLEAR IN TRACK SECTOR 15	CLEAR IN TRACK SECTOR 15	CLEAR IN TRACK SECTOR 15
09-25 21:00:41	2026-09-25T13:00:41.172415+00:00	DOUBLE YELLOW	Flag	Sector	15		2026-09-25T13:00:39|Flag|DOUBLE YELLOW IN TRACK SECTOR 15	DOUBLE YELLOW IN TRACK SECTOR 15	DOUBLE YELLOW IN TRACK SECTOR 15
09-25 21:00:41	2026-09-25T13:00:41.478080+00:00	CLEAR	Flag	Sector	14		2026-09-25T13:00:39|Flag|CLEAR IN TRACK SECTOR 14	CLEAR IN TRACK SECTOR 14	CLEAR IN TRACK SECTOR 14
09-25 21:01:05	2026-09-25T13:01:05.732513+00:00	CLEAR	Flag	Sector	15		2026-09-25T13:01:03|Flag|CLEAR IN TRACK SECTOR 15	CLEAR IN TRACK SECTOR 15	CLEAR IN TRACK SECTOR 15
09-25 21:02:09	2026-09-25T13:02:09.752960+00:00		Other				2026-09-25T13:02:07|Other|CAR 43 (COL) TIME 2:24.868 DELETED - TRACK LIMITS AT TURN 15 LAP 19 17:00:29	CAR 43 (COL) TIME 2:24.868 DELETED - TRACK LIMITS AT TURN 15 LAP 19 17:00:29	CAR 43 (COL) TIME 2:24.868 DELETED - TRACK LIMITS AT TURN 15 LAP 19 17:00:29
09-25 21:02:11	2026-09-25T13:02:11.466301+00:00		Other				2026-09-25T13:02:09|Other|CAR 55 (SAI) TIME 2:24.687 DELETED - TRACK LIMITS AT TURN 15 LAP 23 17:00:45	CAR 55 (SAI) TIME 2:24.687 DELETED - TRACK LIMITS AT TURN 15 LAP 23 17:00:45	CAR 55 (SAI) TIME 2:24.687 DELETED - TRACK LIMITS AT TURN 15 LAP 23 17:00:45
09-25 21:03:38	2026-09-25T13:03:38.119709+00:00	YELLOW	Flag	Sector	5		2026-09-25T13:03:35|Flag|YELLOW IN TRACK SECTOR 5	YELLOW IN TRACK SECTOR 5	YELLOW IN TRACK SECTOR 5
09-25 21:03:38	2026-09-25T13:03:38.121797+00:00	YELLOW	Flag	Sector	4		2026-09-25T13:03:36|Flag|YELLOW IN TRACK SECTOR 4	YELLOW IN TRACK SECTOR 4	YELLOW IN TRACK SECTOR 4
09-25 21:03:48	2026-09-25T13:03:48.895492+00:00	CLEAR	Flag	Sector	5		2026-09-25T13:03:47|Flag|CLEAR IN TRACK SECTOR 5	CLEAR IN TRACK SECTOR 5	CLEAR IN TRACK SECTOR 5
09-25 21:03:49	2026-09-25T13:03:49.717958+00:00	CLEAR	Flag	Sector	4		2026-09-25T13:03:47|Flag|CLEAR IN TRACK SECTOR 4	CLEAR IN TRACK SECTOR 4	CLEAR IN TRACK SECTOR 4
09-25 21:04:02	2026-09-25T13:04:02.837108+00:00	CHEQUERED	Flag	Track			2026-09-25T13:04:00|Flag|CHEQUERED FLAG	CHEQUERED FLAG	CHEQUERED FLAG
09-25 21:04:49	2026-09-25T13:04:49.344878+00:00		Other				2026-09-25T13:04:47|Other|FIRST CAR TO TAKE THE FLAG - CAR 44 (HAM)	FIRST CAR TO TAKE THE FLAG - CAR 44 (HAM)	FIRST CAR TO TAKE THE FLAG - CAR 44 (HAM)
09-25 21:05:48	2026-09-25T13:05:48.779386+00:00		Other				2026-09-25T13:05:46|Other|CAR 1 (NOR) LAP DELETED - TRACK LIMITS AT TURN 3 LAP 22 17:03:35 (PIT)	CAR 1 (NOR) LAP DELETED - TRACK LIMITS AT TURN 3 LAP 22 17:03:35 (PIT)	CAR 1 (NOR) LAP DELETED - TRACK LIMITS AT TURN 3 LAP 22 17:03:35 (PIT)
09-25 21:06:15	2026-09-25T13:06:15.807003+00:00		Other				2026-09-25T13:06:14|Other|CAR 1 (NOR) LAP DELETED - TRACK LIMITS AT TURN 15 LAP 22 17:04:50 (PIT)	CAR 1 (NOR) LAP DELETED - TRACK LIMITS AT TURN 15 LAP 22 17:04:50 (PIT)	CAR 1 (NOR) LAP DELETED - TRACK LIMITS AT TURN 15 LAP 22 17:04:50 (PIT)
09-25 21:07:48	2026-09-25T13:07:48.489887+00:00		Other				2026-09-25T13:07:46|Other|INCIDENT INVOLVING CAR 55 (SAI) NOTED - YELLOW FLAG INFRINGEMENT (17:03:40)	INCIDENT INVOLVING CAR 55 (SAI) NOTED - YELLOW FLAG INFRINGEMENT (17:03:40)	INCIDENT INVOLVING CAR 55 (SAI) NOTED - YELLOW FLAG INFRINGEMENT (17:03:40)
09-25 21:09:24	2026-09-25T13:09:24.082646+00:00	DOUBLE YELLOW	Flag	Sector	2		2026-09-25T13:09:22|Flag|DOUBLE YELLOW IN TRACK SECTOR 2	DOUBLE YELLOW IN TRACK SECTOR 2	DOUBLE YELLOW IN TRACK SECTOR 2
09-25 21:09:43	2026-09-25T13:09:43.328311+00:00	CLEAR	Flag	Sector	2		2026-09-25T13:09:41|Flag|CLEAR IN TRACK SECTOR 2	CLEAR IN TRACK SECTOR 2	CLEAR IN TRACK SECTOR 2
09-25 21:10:16	2026-09-25T13:10:16.857715+00:00	DOUBLE YELLOW	Flag	Sector	2		2026-09-25T13:10:14|Flag|DOUBLE YELLOW IN TRACK SECTOR 2	DOUBLE YELLOW IN TRACK SECTOR 2	DOUBLE YELLOW IN TRACK SECTOR 2
09-25 21:10:17	2026-09-25T13:10:17.938469+00:00	CLEAR	Flag	Sector	2		2026-09-25T13:10:16|Flag|CLEAR IN TRACK SECTOR 2	CLEAR IN TRACK SECTOR 2	CLEAR IN TRACK SECTOR 2
09-25 21:10:18	2026-09-25T13:10:18.938692+00:00	YELLOW	Flag	Sector	2		2026-09-25T13:10:17|Flag|YELLOW IN TRACK SECTOR 2	YELLOW IN TRACK SECTOR 2	YELLOW IN TRACK SECTOR 2
09-25 21:10:43	2026-09-25T13:10:43.352078+00:00		Other				2026-09-25T13:10:41|Other|FIA STEWARDS: INCIDENT INVOLVING CAR 55 (SAI) WILL BE INVESTIGATED AFTER THE SESSION - YELLOW FLAG INFRINGEMENT (17:03:40)	FIA STEWARDS: INCIDENT INVOLVING CAR 55 (SAI) WILL BE INVESTIGATED AFTER THE SESSION - YELLOW FLAG INFRINGEMENT (17:03:40)	FIA STEWARDS: INCIDENT INVOLVING CAR 55 (SAI) WILL BE INVESTIGATED AFTER THE SESSION - YELLOW FLAG INFRINGEMENT (17:03:40)
09-25 21:11:05	2026-09-25T13:11:05.751626+00:00	CLEAR	Flag	Sector	2		2026-09-25T13:11:03|Flag|CLEAR IN TRACK SECTOR 2	CLEAR IN TRACK SECTOR 2	CLEAR IN TRACK SECTOR 2
09-26 18:11:26	2026-09-26T10:11:26.823718+00:00	YELLOW	Flag	Sector	1		2026-09-26T10:11:25|Flag|YELLOW IN TRACK SECTOR 1	YELLOW IN TRACK SECTOR 1	YELLOW IN TRACK SECTOR 1
09-26 18:12:22	2026-09-26T10:12:22.047215+00:00	CLEAR	Flag	Sector	1		2026-09-26T10:12:20|Flag|CLEAR IN TRACK SECTOR 1	CLEAR IN TRACK SECTOR 1	CLEAR IN TRACK SECTOR 1
09-26 18:13:21	2026-09-26T10:13:21.524137+00:00	YELLOW	Flag	Sector	1		2026-09-26T10:13:18|Flag|YELLOW IN TRACK SECTOR 1	YELLOW IN TRACK SECTOR 1	YELLOW IN TRACK SECTOR 1
09-26 18:14:58	2026-09-26T10:14:58.577291+00:00	CLEAR	Flag	Sector	1		2026-09-26T10:14:56|Flag|CLEAR IN TRACK SECTOR 1	CLEAR IN TRACK SECTOR 1	CLEAR IN TRACK SECTOR 1
09-26 18:20:02	2026-09-26T10:20:02.861820+00:00	GREEN	Flag	Track			2026-09-26T10:20:01|Flag|GREEN LIGHT - PIT EXIT OPEN	GREEN LIGHT - PIT EXIT OPEN	GREEN LIGHT - PIT EXIT OPEN
09-26 18:30:03	2026-09-26T10:30:03.312833+00:00		Other				2026-09-26T10:30:01|Other|PIT EXIT CLOSED	PIT EXIT CLOSED	PIT EXIT CLOSED
09-26 18:31:34	2026-09-26T10:31:34.893988+00:00		Other				2026-09-26T10:31:33|Other|INCIDENT INVOLVING CAR 6 (HAD) NOTED - FAILING TO FOLLOW RACE DIRECTORS INSTRUCTIONS – PRACTICE START INFRINGEMENT (14:20:31)	INCIDENT INVOLVING CAR 6 (HAD) NOTED - FAILING TO FOLLOW RACE DIRECTORS INSTRUCTIONS – PRACTICE START INFRINGEMENT (14:20:31)	INCIDENT INVOLVING CAR 6 (HAD) NOTED - FAILING TO FOLLOW RACE DIRECTORS INSTRUCTIONS – PRACTICE START INFRINGEMENT (14:20:31)
09-26 18:37:56	2026-09-26T10:37:56.720802+00:00		Other				2026-09-26T10:37:54|Other|FIA STEWARDS: INCIDENT INVOLVING CAR 6 (HAD) WILL BE INVESTIGATED AFTER THE RACE - FAILING TO FOLLOW RACE DIRECTORS INSTRUCTIONS – PRACTICE START INFRINGEMENT (14:20:31)	FIA STEWARDS: INCIDENT INVOLVING CAR 6 (HAD) WILL BE INVESTIGATED AFTER THE RACE - FAILING TO FOLLOW RACE DIRECTORS INSTRUCTIONS – PRACTICE START INFRINGEMENT (14:20:31)	FIA STEWARDS: INCIDENT INVOLVING CAR 6 (HAD) WILL BE INVESTIGATED AFTER THE RACE - FAILING TO FOLLOW RACE DIRECTORS INSTRUCTIONS – PRACTICE START INFRINGEMENT (14:20:31)
09-26 18:42:20	2026-09-26T10:42:20.212687+00:00		Other				2026-09-26T10:42:18|Other|INCIDENT INVOLVING CAR 55 (SAI) NOTED - FAILING TO FOLLOW RACE DIRECTORS INSTRUCTIONS – PRACTICE START INFRINGEMENT (14:22:31)	INCIDENT INVOLVING CAR 55 (SAI) NOTED - FAILING TO FOLLOW RACE DIRECTORS INSTRUCTIONS – PRACTICE START INFRINGEMENT (14:22:31)	INCIDENT INVOLVING CAR 55 (SAI) NOTED - FAILING TO FOLLOW RACE DIRECTORS INSTRUCTIONS – PRACTICE START INFRINGEMENT (14:22:31)
09-26 18:45:03	2026-09-26T10:45:03.796179+00:00		Other				2026-09-26T10:45:02|Other|RISK OF RAIN FOR THE F1 RACE IS 0%	RISK OF RAIN FOR THE F1 RACE IS 0%	RISK OF RAIN FOR THE F1 RACE IS 0%
09-26 18:46:20	2026-09-26T10:46:20.137274+00:00		Other				2026-09-26T10:46:18|Other|FIA STEWARDS: INCIDENT INVOLVING CAR 55 (SAI) WILL BE INVESTIGATED AFTER THE RACE - FAILING TO FOLLOW RACE DIRECTORS INSTRUCTIONS – PRACTICE START INFRINGEMENT (14:22:31)	FIA STEWARDS: INCIDENT INVOLVING CAR 55 (SAI) WILL BE INVESTIGATED AFTER THE RACE - FAILING TO FOLLOW RACE DIRECTORS INSTRUCTIONS – PRACTICE START INFRINGEMENT (14:22:31)	FIA STEWARDS: INCIDENT INVOLVING CAR 55 (SAI) WILL BE INVESTIGATED AFTER THE RACE - FAILING TO FOLLOW RACE DIRECTORS INSTRUCTIONS – PRACTICE START INFRINGEMENT (14:22:31)
09-26 18:49:27	2026-09-26T10:49:27.087339+00:00	DOUBLE YELLOW	Flag	Sector	3		2026-09-26T10:49:25|Flag|DOUBLE YELLOW IN TRACK SECTOR 3	DOUBLE YELLOW IN TRACK SECTOR 3	DOUBLE YELLOW IN TRACK SECTOR 3
09-26 18:49:34	2026-09-26T10:49:34.118201+00:00	CLEAR	Flag	Sector	3		2026-09-26T10:49:32|Flag|CLEAR IN TRACK SECTOR 3	CLEAR IN TRACK SECTOR 3	CLEAR IN TRACK SECTOR 3
09-26 18:57:19	2026-09-26T10:57:19.883299+00:00		Other				2026-09-26T10:57:18|Other|OVERTAKE DISABLED	OVERTAKE DISABLED	OVERTAKE DISABLED
09-26 19:03:52	2026-09-26T11:03:52.881433+00:00		Other				2026-09-26T11:03:51|Other|RACE START	RACE START	RACE START
09-26 19:05:20	2026-09-26T11:05:20.307489+00:00		Other				2026-09-26T11:05:18|Other|OVERTAKE ENABLED	OVERTAKE ENABLED	OVERTAKE ENABLED
09-26 19:18:40	2026-09-26T11:18:40.393173+00:00	YELLOW	Flag	Sector	15		2026-09-26T11:18:38|Flag|YELLOW IN TRACK SECTOR 15	YELLOW IN TRACK SECTOR 15	YELLOW IN TRACK SECTOR 15
09-26 19:18:40	2026-09-26T11:18:40.395059+00:00	YELLOW	Flag	Sector	14		2026-09-26T11:18:38|Flag|YELLOW IN TRACK SECTOR 14	YELLOW IN TRACK SECTOR 14	YELLOW IN TRACK SECTOR 14
09-26 19:18:40	2026-09-26T11:18:40.396460+00:00	CLEAR	Flag	Sector	15		2026-09-26T11:18:38|Flag|CLEAR IN TRACK SECTOR 15	CLEAR IN TRACK SECTOR 15	CLEAR IN TRACK SECTOR 15
09-26 19:18:43	2026-09-26T11:18:43.236148+00:00	CLEAR	Flag	Sector	14		2026-09-26T11:18:40|Flag|CLEAR IN TRACK SECTOR 14	CLEAR IN TRACK SECTOR 14	CLEAR IN TRACK SECTOR 14
09-26 19:18:49	2026-09-26T11:18:49.440495+00:00	CLEAR	Flag	Sector	15		2026-09-26T11:18:46|Flag|CLEAR IN TRACK SECTOR 15	CLEAR IN TRACK SECTOR 15	CLEAR IN TRACK SECTOR 15
09-26 19:47:35	2026-09-26T11:47:35.020109+00:00	BLUE	Flag	Driver			2026-09-26T11:47:33|Flag|WAVED BLUE FLAG FOR CAR 77 (BOT) TIMED AT 15:47:32	WAVED BLUE FLAG FOR CAR 77 (BOT) TIMED AT 15:47:32	WAVED BLUE FLAG FOR CAR 77 (BOT) TIMED AT 15:47:32
09-26 19:51:14	2026-09-26T11:51:14.475499+00:00	BLUE	Flag	Driver			2026-09-26T11:51:13|Flag|WAVED BLUE FLAG FOR CAR 77 (BOT) TIMED AT 15:51:12	WAVED BLUE FLAG FOR CAR 77 (BOT) TIMED AT 15:51:12	WAVED BLUE FLAG FOR CAR 77 (BOT) TIMED AT 15:51:12
09-26 19:51:29	2026-09-26T11:51:29.763158+00:00	BLUE	Flag	Driver			2026-09-26T11:51:27|Flag|WAVED BLUE FLAG FOR CAR 77 (BOT) TIMED AT 15:51:27	WAVED BLUE FLAG FOR CAR 77 (BOT) TIMED AT 15:51:27	WAVED BLUE FLAG FOR CAR 77 (BOT) TIMED AT 15:51:27
09-26 19:53:52	2026-09-26T11:53:52.811832+00:00	BLUE	Flag	Driver			2026-09-26T11:53:51|Flag|WAVED BLUE FLAG FOR CAR 77 (BOT) TIMED AT 15:53:50	WAVED BLUE FLAG FOR CAR 77 (BOT) TIMED AT 15:53:50	WAVED BLUE FLAG FOR CAR 77 (BOT) TIMED AT 15:53:50
09-26 19:56:01	2026-09-26T11:56:01.513816+00:00	BLUE	Flag	Driver			2026-09-26T11:56:00|Flag|WAVED BLUE FLAG FOR CAR 77 (BOT) TIMED AT 15:55:59	WAVED BLUE FLAG FOR CAR 77 (BOT) TIMED AT 15:55:59	WAVED BLUE FLAG FOR CAR 77 (BOT) TIMED AT 15:55:59
09-26 19:56:39	2026-09-26T11:56:39.913840+00:00	YELLOW	Flag	Sector	2		2026-09-26T11:56:38|Flag|YELLOW IN TRACK SECTOR 2	YELLOW IN TRACK SECTOR 2	YELLOW IN TRACK SECTOR 2
09-26 19:56:40	2026-09-26T11:56:40.146901+00:00	YELLOW	Flag	Sector	1		2026-09-26T11:56:38|Flag|YELLOW IN TRACK SECTOR 1	YELLOW IN TRACK SECTOR 1	YELLOW IN TRACK SECTOR 1
09-26 19:56:44	2026-09-26T11:56:44.608019+00:00	CLEAR	Flag	Sector	1		2026-09-26T11:56:43|Flag|CLEAR IN TRACK SECTOR 1	CLEAR IN TRACK SECTOR 1	CLEAR IN TRACK SECTOR 1
09-26 19:56:44	2026-09-26T11:56:44.851720+00:00	CLEAR	Flag	Sector	2		2026-09-26T11:56:43|Flag|CLEAR IN TRACK SECTOR 2	CLEAR IN TRACK SECTOR 2	CLEAR IN TRACK SECTOR 2
09-26 19:57:13	2026-09-26T11:57:13.724613+00:00	BLUE	Flag	Driver			2026-09-26T11:57:12|Flag|WAVED BLUE FLAG FOR CAR 77 (BOT) TIMED AT 15:57:12	WAVED BLUE FLAG FOR CAR 77 (BOT) TIMED AT 15:57:12	WAVED BLUE FLAG FOR CAR 77 (BOT) TIMED AT 15:57:12
09-26 19:57:48	2026-09-26T11:57:48.477037+00:00	DOUBLE YELLOW	Flag	Sector	7		2026-09-26T11:57:46|Flag|DOUBLE YELLOW IN TRACK SECTOR 7	DOUBLE YELLOW IN TRACK SECTOR 7	DOUBLE YELLOW IN TRACK SECTOR 7
09-26 19:57:48	2026-09-26T11:57:48.478983+00:00	YELLOW	Flag	Sector	6		2026-09-26T11:57:46|Flag|YELLOW IN TRACK SECTOR 6	YELLOW IN TRACK SECTOR 6	YELLOW IN TRACK SECTOR 6
09-26 19:58:07	2026-09-26T11:58:07.220410+00:00		SafetyCar				2026-09-26T11:58:05|SafetyCar|SAFETY CAR DEPLOYED	SAFETY CAR DEPLOYED	SAFETY CAR DEPLOYED
09-26 19:58:07	2026-09-26T11:58:07.255164+00:00		Other				2026-09-26T11:58:05|Other|OVERTAKE DISABLED	OVERTAKE DISABLED	OVERTAKE DISABLED
09-26 19:59:06	2026-09-26T11:59:06.972523+00:00		Other				2026-09-26T11:59:05|Other|CAR 1 (NOR) LAP DELETED - TRACK LIMITS AT TURN 1 LAP 30 15:56:33 (PIT)	CAR 1 (NOR) LAP DELETED - TRACK LIMITS AT TURN 1 LAP 30 15:56:33 (PIT)	CAR 1 (NOR) LAP DELETED - TRACK LIMITS AT TURN 1 LAP 30 15:56:33 (PIT)
09-26 20:00:41	2026-09-26T12:00:41.262083+00:00		Other				2026-09-26T12:00:39|Other|MARSHALS ON TRACK AT TURN 6	MARSHALS ON TRACK AT TURN 6	MARSHALS ON TRACK AT TURN 6
09-26 20:01:24	2026-09-26T12:01:24.815016+00:00		Other				2026-09-26T12:01:22|Other|RECOVERY VEHICLE ON TRACK AT TURN 6	RECOVERY VEHICLE ON TRACK AT TURN 6	RECOVERY VEHICLE ON TRACK AT TURN 6
09-26 20:01:48	2026-09-26T12:01:48.186461+00:00		Other				2026-09-26T12:01:45|Other|MARSHALS ON TRACK AT TURN 8	MARSHALS ON TRACK AT TURN 8	MARSHALS ON TRACK AT TURN 8
09-26 20:01:51	2026-09-26T12:01:51.028340+00:00	DOUBLE YELLOW	Flag	Sector	10		2026-09-26T12:01:49|Flag|DOUBLE YELLOW IN TRACK SECTOR 10	DOUBLE YELLOW IN TRACK SECTOR 10	DOUBLE YELLOW IN TRACK SECTOR 10
09-26 20:01:51	2026-09-26T12:01:51.518372+00:00	YELLOW	Flag	Sector	9		2026-09-26T12:01:49|Flag|YELLOW IN TRACK SECTOR 9	YELLOW IN TRACK SECTOR 9	YELLOW IN TRACK SECTOR 9
09-26 20:04:02	2026-09-26T12:04:02.960773+00:00	DOUBLE YELLOW	Flag	Sector	11		2026-09-26T12:04:01|Flag|DOUBLE YELLOW IN TRACK SECTOR 11	DOUBLE YELLOW IN TRACK SECTOR 11	DOUBLE YELLOW IN TRACK SECTOR 11
09-26 20:04:24	2026-09-26T12:04:24.748045+00:00	CLEAR	Flag	Sector	11		2026-09-26T12:04:22|Flag|CLEAR IN TRACK SECTOR 11	CLEAR IN TRACK SECTOR 11	CLEAR IN TRACK SECTOR 11
09-26 20:04:33	2026-09-26T12:04:33.226361+00:00		Other				2026-09-26T12:04:30|Other|MARSHALS ON TRACK AT TURN 10	MARSHALS ON TRACK AT TURN 10	MARSHALS ON TRACK AT TURN 10
09-26 20:04:35	2026-09-26T12:04:35.145711+00:00	CLEAR	Flag	Sector	10		2026-09-26T12:04:32|Flag|CLEAR IN TRACK SECTOR 10	CLEAR IN TRACK SECTOR 10	CLEAR IN TRACK SECTOR 10
09-26 20:04:35	2026-09-26T12:04:35.147650+00:00	CLEAR	Flag	Sector	9		2026-09-26T12:04:32|Flag|CLEAR IN TRACK SECTOR 9	CLEAR IN TRACK SECTOR 9	CLEAR IN TRACK SECTOR 9
09-26 20:06:32	2026-09-26T12:06:32.111945+00:00	CLEAR	Flag	Sector	6		2026-09-26T12:06:20|Flag|CLEAR IN TRACK SECTOR 6	CLEAR IN TRACK SECTOR 6	CLEAR IN TRACK SECTOR 6
09-26 20:06:32	2026-09-26T12:06:32.856709+00:00		Other				2026-09-26T12:06:24|Other|LAPPED CARS MAY NOW OVERTAKE THE SAFETY CAR: 77	LAPPED CARS MAY NOW OVERTAKE THE SAFETY CAR: 77	LAPPED CARS MAY NOW OVERTAKE THE SAFETY CAR: 77
09-26 20:06:38	2026-09-26T12:06:38.107682+00:00	CLEAR	Flag	Sector	7		2026-09-26T12:06:36|Flag|CLEAR IN TRACK SECTOR 7	CLEAR IN TRACK SECTOR 7	CLEAR IN TRACK SECTOR 7
09-26 20:09:16	2026-09-26T12:09:16.938253+00:00		SafetyCar				2026-09-26T12:09:15|SafetyCar|SAFETY CAR IN THIS LAP	SAFETY CAR IN THIS LAP	SAFETY CAR IN THIS LAP
09-26 20:11:16	2026-09-26T12:11:16.148758+00:00	CLEAR	Flag	Track			2026-09-26T12:11:14|Flag|TRACK CLEAR	TRACK CLEAR	TRACK CLEAR
09-26 20:11:38	2026-09-26T12:11:38.365619+00:00	DOUBLE YELLOW	Flag	Sector	2		2026-09-26T12:11:36|Flag|DOUBLE YELLOW IN TRACK SECTOR 2	DOUBLE YELLOW IN TRACK SECTOR 2	DOUBLE YELLOW IN TRACK SECTOR 2
09-26 20:11:38	2026-09-26T12:11:38.367604+00:00	YELLOW	Flag	Sector	1		2026-09-26T12:11:36|Flag|YELLOW IN TRACK SECTOR 1	YELLOW IN TRACK SECTOR 1	YELLOW IN TRACK SECTOR 1
09-26 20:12:01	2026-09-26T12:12:01.710901+00:00	YELLOW	Flag	Sector	4		2026-09-26T12:11:59|Flag|YELLOW IN TRACK SECTOR 4	YELLOW IN TRACK SECTOR 4	YELLOW IN TRACK SECTOR 4
09-26 20:12:01	2026-09-26T12:12:01.712864+00:00	YELLOW	Flag	Sector	3		2026-09-26T12:11:59|Flag|YELLOW IN TRACK SECTOR 3	YELLOW IN TRACK SECTOR 3	YELLOW IN TRACK SECTOR 3
09-26 20:12:31	2026-09-26T12:12:31.397123+00:00	CLEAR	Flag	Sector	4		2026-09-26T12:12:29|Flag|CLEAR IN TRACK SECTOR 4	CLEAR IN TRACK SECTOR 4	CLEAR IN TRACK SECTOR 4
09-26 20:12:32	2026-09-26T12:12:32.878788+00:00	DOUBLE YELLOW	Flag	Sector	4		2026-09-26T12:12:31|Flag|DOUBLE YELLOW IN TRACK SECTOR 4	DOUBLE YELLOW IN TRACK SECTOR 4	DOUBLE YELLOW IN TRACK SECTOR 4
09-26 20:12:35	2026-09-26T12:12:35.249075+00:00	CLEAR	Flag	Sector	4		2026-09-26T12:12:33|Flag|CLEAR IN TRACK SECTOR 4	CLEAR IN TRACK SECTOR 4	CLEAR IN TRACK SECTOR 4
09-26 20:12:41	2026-09-26T12:12:41.922903+00:00		SafetyCar				2026-09-26T12:12:40|SafetyCar|SAFETY CAR DEPLOYED	SAFETY CAR DEPLOYED	SAFETY CAR DEPLOYED
09-26 20:12:45	2026-09-26T12:12:45.319354+00:00		Other				2026-09-26T12:12:43|Other|ALL CARS THROUGH THE PIT LANE	ALL CARS THROUGH THE PIT LANE	ALL CARS THROUGH THE PIT LANE
09-26 20:13:12	2026-09-26T12:13:12.833725+00:00	CLEAR	Flag	Sector	3		2026-09-26T12:13:10|Flag|CLEAR IN TRACK SECTOR 3	CLEAR IN TRACK SECTOR 3	CLEAR IN TRACK SECTOR 3
09-26 20:13:32	2026-09-26T12:13:32.341673+00:00	CLEAR	Flag	Sector	1		2026-09-26T12:13:30|Flag|CLEAR IN TRACK SECTOR 1	CLEAR IN TRACK SECTOR 1	CLEAR IN TRACK SECTOR 1
09-26 20:15:24	2026-09-26T12:15:24.357156+00:00		Other				2026-09-26T12:15:22|Other|ALL CARS USE START/FINISH STRAIGHT	ALL CARS USE START/FINISH STRAIGHT	ALL CARS USE START/FINISH STRAIGHT
09-26 20:15:37	2026-09-26T12:15:37.298155+00:00		Other				2026-09-26T12:15:35|Other|MARSHALS ON TRACK AT TURN 1	MARSHALS ON TRACK AT TURN 1	MARSHALS ON TRACK AT TURN 1
09-26 20:17:04	2026-09-26T12:17:04.693121+00:00	CLEAR	Flag	Sector	2		2026-09-26T12:17:02|Flag|CLEAR IN TRACK SECTOR 2	CLEAR IN TRACK SECTOR 2	CLEAR IN TRACK SECTOR 2
09-26 20:17:08	2026-09-26T12:17:08.318054+00:00		SafetyCar				2026-09-26T12:17:06|SafetyCar|SAFETY CAR IN THIS LAP	SAFETY CAR IN THIS LAP	SAFETY CAR IN THIS LAP
09-26 20:18:40	2026-09-26T12:18:40.713114+00:00		Other				2026-09-26T12:18:38|Other|TURN 1 INCIDENT INVOLVING CARS 1 (NOR), 10 (GAS) AND 43 (COL) NOTED	TURN 1 INCIDENT INVOLVING CARS 1 (NOR), 10 (GAS) AND 43 (COL) NOTED	TURN 1 INCIDENT INVOLVING CARS 1 (NOR), 10 (GAS) AND 43 (COL) NOTED
09-26 20:18:55	2026-09-26T12:18:55.083273+00:00	CLEAR	Flag	Track			2026-09-26T12:18:53|Flag|TRACK CLEAR	TRACK CLEAR	TRACK CLEAR
09-26 20:21:03	2026-09-26T12:21:03.007088+00:00	YELLOW	Flag	Sector	2		2026-09-26T12:21:01|Flag|YELLOW IN TRACK SECTOR 2	YELLOW IN TRACK SECTOR 2	YELLOW IN TRACK SECTOR 2
09-26 20:21:04	2026-09-26T12:21:04.335228+00:00	YELLOW	Flag	Sector	1		2026-09-26T12:21:01|Flag|YELLOW IN TRACK SECTOR 1	YELLOW IN TRACK SECTOR 1	YELLOW IN TRACK SECTOR 1
09-26 20:21:04	2026-09-26T12:21:04.337341+00:00		Other				2026-09-26T12:21:01|Other|OVERTAKE ENABLED	OVERTAKE ENABLED	OVERTAKE ENABLED
09-26 20:21:08	2026-09-26T12:21:08.717189+00:00	CLEAR	Flag	Sector	1		2026-09-26T12:21:07|Flag|CLEAR IN TRACK SECTOR 1	CLEAR IN TRACK SECTOR 1	CLEAR IN TRACK SECTOR 1
09-26 20:21:10	2026-09-26T12:21:10.586527+00:00	CLEAR	Flag	Sector	2		2026-09-26T12:21:08|Flag|CLEAR IN TRACK SECTOR 2	CLEAR IN TRACK SECTOR 2	CLEAR IN TRACK SECTOR 2
09-26 20:22:29	2026-09-26T12:22:29.980127+00:00		Other				2026-09-26T12:22:28|Other|TURN 1 INCIDENT INVOLVING CARS 41 (LIN) AND 30 (LAW) NOTED	TURN 1 INCIDENT INVOLVING CARS 41 (LIN) AND 30 (LAW) NOTED	TURN 1 INCIDENT INVOLVING CARS 41 (LIN) AND 30 (LAW) NOTED
09-26 20:23:01	2026-09-26T12:23:01.647642+00:00		Other				2026-09-26T12:22:59|Other|TURN 7 INCIDENT INVOLVING CAR 5 (BOR) NOTED - YELLOW FLAG INFRINGEMENT	TURN 7 INCIDENT INVOLVING CAR 5 (BOR) NOTED - YELLOW FLAG INFRINGEMENT	TURN 7 INCIDENT INVOLVING CAR 5 (BOR) NOTED - YELLOW FLAG INFRINGEMENT
09-26 20:23:33	2026-09-26T12:23:33.277651+00:00		Other				2026-09-26T12:23:31|Other|FIA STEWARDS: TURN 1 INCIDENT INVOLVING CARS 41 (LIN) AND 30 (LAW) UNDER INVESTIGATION (16:11:33)	FIA STEWARDS: TURN 1 INCIDENT INVOLVING CARS 41 (LIN) AND 30 (LAW) UNDER INVESTIGATION (16:11:33)	FIA STEWARDS: TURN 1 INCIDENT INVOLVING CARS 41 (LIN) AND 30 (LAW) UNDER INVESTIGATION (16:11:33)
09-26 20:24:09	2026-09-26T12:24:09.881653+00:00		Other				2026-09-26T12:24:07|Other|UPDATE: TURN 1 INCIDENT INVOLVING CARS 1 (NOR), 10 (GAS) AND 43 (COL) NOTED - CAUSING A COLLISION (16:11:31)	UPDATE: TURN 1 INCIDENT INVOLVING CARS 1 (NOR), 10 (GAS) AND 43 (COL) NOTED - CAUSING A COLLISION (16:11:31)	UPDATE: TURN 1 INCIDENT INVOLVING CARS 1 (NOR), 10 (GAS) AND 43 (COL) NOTED - CAUSING A COLLISION (16:11:31)
09-26 20:24:29	2026-09-26T12:24:29.516604+00:00		Other				2026-09-26T12:24:27|Other|FIA STEWARDS: TURN 1 INCIDENT INVOLVING CARS 1 (NOR), 10 (GAS) AND 43 (COL) UNDER INVESTIGATION - CAUSING A COLLISION (16:11:31)	FIA STEWARDS: TURN 1 INCIDENT INVOLVING CARS 1 (NOR), 10 (GAS) AND 43 (COL) UNDER INVESTIGATION - CAUSING A COLLISION (16:11:31)	FIA STEWARDS: TURN 1 INCIDENT INVOLVING CARS 1 (NOR), 10 (GAS) AND 43 (COL) UNDER INVESTIGATION - CAUSING A COLLISION (16:11:31)
09-26 20:24:53	2026-09-26T12:24:53.499901+00:00		Other				2026-09-26T12:24:51|Other|CAR 81 (PIA) TIME 1:58.595 DELETED - TRACK LIMITS AT TURN 1 LAP 40 16:20:55	CAR 81 (PIA) TIME 1:58.595 DELETED - TRACK LIMITS AT TURN 1 LAP 40 16:20:55	CAR 81 (PIA) TIME 1:58.595 DELETED - TRACK LIMITS AT TURN 1 LAP 40 16:20:55
09-26 20:24:54	2026-09-26T12:24:54.888808+00:00		Other				2026-09-26T12:24:53|Other|CAR 30 (LAW) LAP DELETED - TRACK LIMITS AT TURN 1 LAP 36 16:11:35 (PIT)	CAR 30 (LAW) LAP DELETED - TRACK LIMITS AT TURN 1 LAP 36 16:11:35 (PIT)	CAR 30 (LAW) LAP DELETED - TRACK LIMITS AT TURN 1 LAP 36 16:11:35 (PIT)
09-26 20:24:56	2026-09-26T12:24:56.693866+00:00		Other				2026-09-26T12:24:55|Other|CAR 43 (COL) LAP DELETED - TRACK LIMITS AT TURN 15 LAP 36 16:14:30 (PIT)	CAR 43 (COL) LAP DELETED - TRACK LIMITS AT TURN 15 LAP 36 16:14:30 (PIT)	CAR 43 (COL) LAP DELETED - TRACK LIMITS AT TURN 15 LAP 36 16:14:30 (PIT)
09-26 20:25:46	2026-09-26T12:25:46.042535+00:00		Other				2026-09-26T12:25:44|Other|CAR 5 (BOR) LAP DELETED - TRACK LIMITS AT TURN 1 LAP 36 16:11:35 (PIT)	CAR 5 (BOR) LAP DELETED - TRACK LIMITS AT TURN 1 LAP 36 16:11:35 (PIT)	CAR 5 (BOR) LAP DELETED - TRACK LIMITS AT TURN 1 LAP 36 16:11:35 (PIT)
09-26 20:29:21	2026-09-26T12:29:21.200660+00:00		Other				2026-09-26T12:29:19|Other|FIA STEWARDS: TURN 1 INCIDENT INVOLVING CARS 41 (LIN) AND 30 (LAW) NO FURTHER ACTION	FIA STEWARDS: TURN 1 INCIDENT INVOLVING CARS 41 (LIN) AND 30 (LAW) NO FURTHER ACTION	FIA STEWARDS: TURN 1 INCIDENT INVOLVING CARS 41 (LIN) AND 30 (LAW) NO FURTHER ACTION
09-26 20:29:59	2026-09-26T12:29:59.973935+00:00		Other				2026-09-26T12:29:58|Other|INCIDENT INVOLVING CAR 3 (VER) NOTED - FAILING TO FOLLOW RACE DIRECTORS INSTRUCTIONS (16:18:20)	INCIDENT INVOLVING CAR 3 (VER) NOTED - FAILING TO FOLLOW RACE DIRECTORS INSTRUCTIONS (16:18:20)	INCIDENT INVOLVING CAR 3 (VER) NOTED - FAILING TO FOLLOW RACE DIRECTORS INSTRUCTIONS (16:18:20)
09-26 20:34:57	2026-09-26T12:34:57.924895+00:00		Other				2026-09-26T12:34:56|Other|FIA STEWARDS: TURN 7 INCIDENT INVOLVING CAR 5 (BOR) UNDER INVESTIGATION - YELLOW FLAG INFRINGEMENT (16:12:10)	FIA STEWARDS: TURN 7 INCIDENT INVOLVING CAR 5 (BOR) UNDER INVESTIGATION - YELLOW FLAG INFRINGEMENT (16:12:10)	FIA STEWARDS: TURN 7 INCIDENT INVOLVING CAR 5 (BOR) UNDER INVESTIGATION - YELLOW FLAG INFRINGEMENT (16:12:10)
09-26 20:38:05	2026-09-26T12:38:05.051050+00:00		Other				2026-09-26T12:38:02|Other|FIA STEWARDS: INCIDENT INVOLVING CAR 3 (VER) REVIEWED NO FURTHER INVESTIGATION - FAILING TO FOLLOW RACE DIRECTORS INSTRUCTIONS (16:18:20)	FIA STEWARDS: INCIDENT INVOLVING CAR 3 (VER) REVIEWED NO FURTHER INVESTIGATION - FAILING TO FOLLOW RACE DIRECTORS INSTRUCTIONS (16:18:20)	FIA STEWARDS: INCIDENT INVOLVING CAR 3 (VER) REVIEWED NO FURTHER INVESTIGATION - FAILING TO FOLLOW RACE DIRECTORS INSTRUCTIONS (16:18:20)
09-26 20:39:33	2026-09-26T12:39:33.922119+00:00	YELLOW	Flag	Sector	2		2026-09-26T12:39:31|Flag|YELLOW IN TRACK SECTOR 2	YELLOW IN TRACK SECTOR 2	YELLOW IN TRACK SECTOR 2
09-26 20:39:33	2026-09-26T12:39:33.924292+00:00	YELLOW	Flag	Sector	1		2026-09-26T12:39:31|Flag|YELLOW IN TRACK SECTOR 1	YELLOW IN TRACK SECTOR 1	YELLOW IN TRACK SECTOR 1
09-26 20:39:37	2026-09-26T12:39:37.419986+00:00	CLEAR	Flag	Sector	2		2026-09-26T12:39:35|Flag|CLEAR IN TRACK SECTOR 2	CLEAR IN TRACK SECTOR 2	CLEAR IN TRACK SECTOR 2
09-26 20:39:37	2026-09-26T12:39:37.799532+00:00	CLEAR	Flag	Sector	1		2026-09-26T12:39:35|Flag|CLEAR IN TRACK SECTOR 1	CLEAR IN TRACK SECTOR 1	CLEAR IN TRACK SECTOR 1
09-26 20:40:32	2026-09-26T12:40:32.970251+00:00		Other				2026-09-26T12:40:29|Other|FIA STEWARDS: TURN 7 INCIDENT INVOLVING CAR 5 (BOR) WILL BE INVESTIGATED AFTER THE RACE - YELLOW FLAG INFRINGEMENT (16:12:10)	FIA STEWARDS: TURN 7 INCIDENT INVOLVING CAR 5 (BOR) WILL BE INVESTIGATED AFTER THE RACE - YELLOW FLAG INFRINGEMENT (16:12:10)	FIA STEWARDS: TURN 7 INCIDENT INVOLVING CAR 5 (BOR) WILL BE INVESTIGATED AFTER THE RACE - YELLOW FLAG INFRINGEMENT (16:12:10)
09-26 20:40:53	2026-09-26T12:40:53.951321+00:00	DOUBLE YELLOW	Flag	Sector	15		2026-09-26T12:40:52|Flag|DOUBLE YELLOW IN TRACK SECTOR 15	DOUBLE YELLOW IN TRACK SECTOR 15	DOUBLE YELLOW IN TRACK SECTOR 15
09-26 20:40:53	2026-09-26T12:40:53.974818+00:00	YELLOW	Flag	Sector	14		2026-09-26T12:40:52|Flag|YELLOW IN TRACK SECTOR 14	YELLOW IN TRACK SECTOR 14	YELLOW IN TRACK SECTOR 14
09-26 20:41:04	2026-09-26T12:41:04.550836+00:00	YELLOW	Flag	Sector	21		2026-09-26T12:41:02|Flag|YELLOW IN TRACK SECTOR 21	YELLOW IN TRACK SECTOR 21	YELLOW IN TRACK SECTOR 21
09-26 20:41:04	2026-09-26T12:41:04.631063+00:00	YELLOW	Flag	Sector	20		2026-09-26T12:41:02|Flag|YELLOW IN TRACK SECTOR 20	YELLOW IN TRACK SECTOR 20	YELLOW IN TRACK SECTOR 20
09-26 20:41:04	2026-09-26T12:41:04.785107+00:00	CLEAR	Flag	Sector	21		2026-09-26T12:41:02|Flag|CLEAR IN TRACK SECTOR 21	CLEAR IN TRACK SECTOR 21	CLEAR IN TRACK SECTOR 21
09-26 20:41:08	2026-09-26T12:41:08.570666+00:00	YELLOW	Flag	Sector	21		2026-09-26T12:41:06|Flag|YELLOW IN TRACK SECTOR 21	YELLOW IN TRACK SECTOR 21	YELLOW IN TRACK SECTOR 21
09-26 20:41:33	2026-09-26T12:41:33.621578+00:00	CLEAR	Flag	Sector	20		2026-09-26T12:41:31|Flag|CLEAR IN TRACK SECTOR 20	CLEAR IN TRACK SECTOR 20	CLEAR IN TRACK SECTOR 20
09-26 20:41:35	2026-09-26T12:41:35.434243+00:00	CLEAR	Flag	Sector	21		2026-09-26T12:41:33|Flag|CLEAR IN TRACK SECTOR 21	CLEAR IN TRACK SECTOR 21	CLEAR IN TRACK SECTOR 21
09-26 20:41:54	2026-09-26T12:41:54.636306+00:00	CHEQUERED	Flag	Track			2026-09-26T12:41:52|Flag|CHEQUERED FLAG	CHEQUERED FLAG	CHEQUERED FLAG
09-26 20:42:05	2026-09-26T12:42:05.728991+00:00	YELLOW	Flag	Sector	21		2026-09-26T12:42:03|Flag|YELLOW IN TRACK SECTOR 21	YELLOW IN TRACK SECTOR 21	YELLOW IN TRACK SECTOR 21
09-26 20:42:05	2026-09-26T12:42:05.731085+00:00	YELLOW	Flag	Sector	20		2026-09-26T12:42:03|Flag|YELLOW IN TRACK SECTOR 20	YELLOW IN TRACK SECTOR 20	YELLOW IN TRACK SECTOR 20
09-26 20:42:08	2026-09-26T12:42:08.542789+00:00	CLEAR	Flag	Sector	20		2026-09-26T12:42:06|Flag|CLEAR IN TRACK SECTOR 20	CLEAR IN TRACK SECTOR 20	CLEAR IN TRACK SECTOR 20
09-26 20:42:10	2026-09-26T12:42:10.683336+00:00	CLEAR	Flag	Sector	21		2026-09-26T12:42:08|Flag|CLEAR IN TRACK SECTOR 21	CLEAR IN TRACK SECTOR 21	CLEAR IN TRACK SECTOR 21
09-26 20:42:47	2026-09-26T12:42:47.665515+00:00	YELLOW	Flag	Sector	21		2026-09-26T12:42:45|Flag|YELLOW IN TRACK SECTOR 21	YELLOW IN TRACK SECTOR 21	YELLOW IN TRACK SECTOR 21
09-26 20:42:47	2026-09-26T12:42:47.690258+00:00	YELLOW	Flag	Sector	20		2026-09-26T12:42:45|Flag|YELLOW IN TRACK SECTOR 20	YELLOW IN TRACK SECTOR 20	YELLOW IN TRACK SECTOR 20
09-26 20:42:52	2026-09-26T12:42:52.700364+00:00	CLEAR	Flag	Sector	20		2026-09-26T12:42:50|Flag|CLEAR IN TRACK SECTOR 20	CLEAR IN TRACK SECTOR 20	CLEAR IN TRACK SECTOR 20
09-26 20:42:54	2026-09-26T12:42:54.085884+00:00	CLEAR	Flag	Sector	21		2026-09-26T12:42:52|Flag|CLEAR IN TRACK SECTOR 21	CLEAR IN TRACK SECTOR 21	CLEAR IN TRACK SECTOR 21
09-26 20:44:10	2026-09-26T12:44:10.255393+00:00		Other				2026-09-26T12:44:08|Other|ALL PASS HOLDERS MAY ACCESS THE PIT LANE	ALL PASS HOLDERS MAY ACCESS THE PIT LANE	ALL PASS HOLDERS MAY ACCESS THE PIT LANE
09-26 20:45:18	2026-09-26T12:45:18.624724+00:00		Other				2026-09-26T12:45:16|Other|CAR 5 (BOR) TIME 1:48.000 DELETED - TRACK LIMITS AT TURN 16 LAP 41 16:24:13	CAR 5 (BOR) TIME 1:48.000 DELETED - TRACK LIMITS AT TURN 16 LAP 41 16:24:13	CAR 5 (BOR) TIME 1:48.000 DELETED - TRACK LIMITS AT TURN 16 LAP 41 16:24:13
09-26 20:45:19	2026-09-26T12:45:19.692774+00:00		Other				2026-09-26T12:45:17|Other|CAR 41 (LIN) TIME 1:48.323 DELETED - TRACK LIMITS AT TURN 15 LAP 51 16:41:53	CAR 41 (LIN) TIME 1:48.323 DELETED - TRACK LIMITS AT TURN 15 LAP 51 16:41:53	CAR 41 (LIN) TIME 1:48.323 DELETED - TRACK LIMITS AT TURN 15 LAP 51 16:41:53
09-26 20:45:21	2026-09-26T12:45:21.492425+00:00		Other				2026-09-26T12:45:19|Other|CAR 27 (HUL) TIME 1:48.265 DELETED - TRACK LIMITS AT TURN 15 LAP 51 16:41:54	CAR 27 (HUL) TIME 1:48.265 DELETED - TRACK LIMITS AT TURN 15 LAP 51 16:41:54	CAR 27 (HUL) TIME 1:48.265 DELETED - TRACK LIMITS AT TURN 15 LAP 51 16:41:54
09-26 20:45:24	2026-09-26T12:45:24.120129+00:00		Other				2026-09-26T12:45:22|Other|CAR 55 (SAI) TIME 1:48.369 DELETED - TRACK LIMITS AT TURN 15 LAP 51 16:41:54	CAR 55 (SAI) TIME 1:48.369 DELETED - TRACK LIMITS AT TURN 15 LAP 51 16:41:54	CAR 55 (SAI) TIME 1:48.369 DELETED - TRACK LIMITS AT TURN 15 LAP 51 16:41:54
09-26 20:45:25	2026-09-26T12:45:25.488261+00:00		Other				2026-09-26T12:45:23|Other|CAR 5 (BOR) TIME 1:47.605 DELETED - TRACK LIMITS AT TURN 15 LAP 51 16:41:56	CAR 5 (BOR) TIME 1:47.605 DELETED - TRACK LIMITS AT TURN 15 LAP 51 16:41:56	CAR 5 (BOR) TIME 1:47.605 DELETED - TRACK LIMITS AT TURN 15 LAP 51 16:41:56
09-26 20:45:29	2026-09-26T12:45:29.481532+00:00		Other				2026-09-26T12:45:27|Other|CAR 30 (LAW) TIME 1:47.872 DELETED - TRACK LIMITS AT TURN 15 LAP 51 16:41:56	CAR 30 (LAW) TIME 1:47.872 DELETED - TRACK LIMITS AT TURN 15 LAP 51 16:41:56	CAR 30 (LAW) TIME 1:47.872 DELETED - TRACK LIMITS AT TURN 15 LAP 51 16:41:56
09-26 20:45:40	2026-09-26T12:45:40.618538+00:00		Other				2026-09-26T12:45:38|Other|CAR 81 (PIA) TIME 1:49.030 DELETED - TRACK LIMITS AT TURN 15 LAP 51 16:41:57	CAR 81 (PIA) TIME 1:49.030 DELETED - TRACK LIMITS AT TURN 15 LAP 51 16:41:57	CAR 81 (PIA) TIME 1:49.030 DELETED - TRACK LIMITS AT TURN 15 LAP 51 16:41:57
09-26 20:45:41	2026-09-26T12:45:41.504728+00:00		Other				2026-09-26T12:45:39|Other|CAR 11 (PER) TIME 1:48.666 DELETED - TRACK LIMITS AT TURN 15 LAP 51 16:42:02	CAR 11 (PER) TIME 1:48.666 DELETED - TRACK LIMITS AT TURN 15 LAP 51 16:42:02	CAR 11 (PER) TIME 1:48.666 DELETED - TRACK LIMITS AT TURN 15 LAP 51 16:42:02
09-26 20:45:43	2026-09-26T12:45:43.458185+00:00	CLEAR	Flag	Sector	14		2026-09-26T12:45:41|Flag|CLEAR IN TRACK SECTOR 14	CLEAR IN TRACK SECTOR 14	CLEAR IN TRACK SECTOR 14
09-26 20:45:45	2026-09-26T12:45:45.848066+00:00		Other				2026-09-26T12:45:44|Other|CAR 31 (OCO) TIME 1:48.925 DELETED - TRACK LIMITS AT TURN 15 LAP 51 16:41:51	CAR 31 (OCO) TIME 1:48.925 DELETED - TRACK LIMITS AT TURN 15 LAP 51 16:41:51	CAR 31 (OCO) TIME 1:48.925 DELETED - TRACK LIMITS AT TURN 15 LAP 51 16:41:51
09-26 20:45:50	2026-09-26T12:45:50.929892+00:00		Other				2026-09-26T12:45:49|Other|CAR 87 (BEA) TIME 1:48.360 DELETED - TRACK LIMITS AT TURN 15 LAP 51 16:41:53	CAR 87 (BEA) TIME 1:48.360 DELETED - TRACK LIMITS AT TURN 15 LAP 51 16:41:53	CAR 87 (BEA) TIME 1:48.360 DELETED - TRACK LIMITS AT TURN 15 LAP 51 16:41:53
09-26 20:45:53	2026-09-26T12:45:53.604485+00:00		Other				2026-09-26T12:45:51|Other|CAR 44 (HAM) TIME 1:49.739 DELETED - TRACK LIMITS AT TURN 15 LAP 51 16:41:43	CAR 44 (HAM) TIME 1:49.739 DELETED - TRACK LIMITS AT TURN 15 LAP 51 16:41:43	CAR 44 (HAM) TIME 1:49.739 DELETED - TRACK LIMITS AT TURN 15 LAP 51 16:41:43
09-26 20:47:29	2026-09-26T12:47:29.790517+00:00		Other				2026-09-26T12:47:27|Other|TURN 15 INCIDENT INVOLVING CAR 77 (BOT) NOTED (16:42:31)	TURN 15 INCIDENT INVOLVING CAR 77 (BOT) NOTED (16:42:31)	TURN 15 INCIDENT INVOLVING CAR 77 (BOT) NOTED (16:42:31)
09-26 20:47:30	2026-09-26T12:47:30.796107+00:00	DOUBLE YELLOW	Flag	Sector	2		2026-09-26T12:47:28|Flag|DOUBLE YELLOW IN TRACK SECTOR 2	DOUBLE YELLOW IN TRACK SECTOR 2	DOUBLE YELLOW IN TRACK SECTOR 2
09-26 20:47:30	2026-09-26T12:47:30.867508+00:00	YELLOW	Flag	Sector	1		2026-09-26T12:47:28|Flag|YELLOW IN TRACK SECTOR 1	YELLOW IN TRACK SECTOR 1	YELLOW IN TRACK SECTOR 1
09-26 20:47:42	2026-09-26T12:47:42.829604+00:00	CLEAR	Flag	Sector	1		2026-09-26T12:47:40|Flag|CLEAR IN TRACK SECTOR 1	CLEAR IN TRACK SECTOR 1	CLEAR IN TRACK SECTOR 1
09-26 20:48:26	2026-09-26T12:48:26.627733+00:00	CLEAR	Flag	Sector	2		2026-09-26T12:48:24|Flag|CLEAR IN TRACK SECTOR 2	CLEAR IN TRACK SECTOR 2	CLEAR IN TRACK SECTOR 2
09-26 20:50:47	2026-09-26T12:50:47.753988+00:00		Other				2026-09-26T12:50:45|Other|FIA STEWARDS: 10 SECOND TIME PENALTY FOR CAR 43 (COL) - CAUSING A COLLISION (16:11:31)	FIA STEWARDS: 10 SECOND TIME PENALTY FOR CAR 43 (COL) - CAUSING A COLLISION (16:11:31)	FIA STEWARDS: 10 SECOND TIME PENALTY FOR CAR 43 (COL) - CAUSING A COLLISION (16:11:31)
09-26 20:51:30	2026-09-26T12:51:30.726828+00:00	DOUBLE YELLOW	Flag	Sector	2		2026-09-26T12:51:28|Flag|DOUBLE YELLOW IN TRACK SECTOR 2	DOUBLE YELLOW IN TRACK SECTOR 2	DOUBLE YELLOW IN TRACK SECTOR 2
09-26 20:51:37	2026-09-26T12:51:37.712643+00:00	DOUBLE YELLOW	Flag	Sector	3		2026-09-26T12:51:35|Flag|DOUBLE YELLOW IN TRACK SECTOR 3	DOUBLE YELLOW IN TRACK SECTOR 3	DOUBLE YELLOW IN TRACK SECTOR 3
09-26 20:51:55	2026-09-26T12:51:55.916280+00:00	DOUBLE YELLOW	Flag	Sector	7		2026-09-26T12:51:54|Flag|DOUBLE YELLOW IN TRACK SECTOR 7	DOUBLE YELLOW IN TRACK SECTOR 7	DOUBLE YELLOW IN TRACK SECTOR 7
09-26 20:52:28	2026-09-26T12:52:28.051759+00:00	YELLOW	Flag	Sector	18		2026-09-26T12:52:26|Flag|YELLOW IN TRACK SECTOR 18	YELLOW IN TRACK SECTOR 18	YELLOW IN TRACK SECTOR 18
09-26 20:52:28	2026-09-26T12:52:28.813743+00:00	CLEAR	Flag	Sector	18		2026-09-26T12:52:27|Flag|CLEAR IN TRACK SECTOR 18	CLEAR IN TRACK SECTOR 18	CLEAR IN TRACK SECTOR 18
09-26 20:52:31	2026-09-26T12:52:31.097962+00:00	DOUBLE YELLOW	Flag	Sector	18		2026-09-26T12:52:29|Flag|DOUBLE YELLOW IN TRACK SECTOR 18	DOUBLE YELLOW IN TRACK SECTOR 18	DOUBLE YELLOW IN TRACK SECTOR 18
09-26 20:52:32	2026-09-26T12:52:32.111605+00:00	CLEAR	Flag	Sector	18		2026-09-26T12:52:30|Flag|CLEAR IN TRACK SECTOR 18	CLEAR IN TRACK SECTOR 18	CLEAR IN TRACK SECTOR 18
09-26 20:54:21	2026-09-26T12:54:21.837274+00:00		Other				2026-09-26T12:54:20|Other|FIA STEWARDS: TURN 15 INCIDENT INVOLVING CAR 77 (BOT) WILL BE INVESTIGATED AFTER THE RACE (16:42:31)	FIA STEWARDS: TURN 15 INCIDENT INVOLVING CAR 77 (BOT) WILL BE INVESTIGATED AFTER THE RACE (16:42:31)	FIA STEWARDS: TURN 15 INCIDENT INVOLVING CAR 77 (BOT) WILL BE INVESTIGATED AFTER THE RACE (16:42:31)
09-26 20:54:45	2026-09-26T12:54:45.341650+00:00	CLEAR	Flag	Sector	2		2026-09-26T12:54:43|Flag|CLEAR IN TRACK SECTOR 2	CLEAR IN TRACK SECTOR 2	CLEAR IN TRACK SECTOR 2
09-26 20:54:48	2026-09-26T12:54:48.023540+00:00	CLEAR	Flag	Sector	7		2026-09-26T12:54:45|Flag|CLEAR IN TRACK SECTOR 7	CLEAR IN TRACK SECTOR 7	CLEAR IN TRACK SECTOR 7
09-26 21:01:47	2026-09-26T13:01:47.851521+00:00	CLEAR	Flag	Sector	3		2026-09-26T13:01:46|Flag|CLEAR IN TRACK SECTOR 3	CLEAR IN TRACK SECTOR 3	CLEAR IN TRACK SECTOR 3
09-26 21:11:59	2026-09-26T13:11:59.512394+00:00	CLEAR	Flag	Sector	15		2026-09-26T13:11:57|Flag|CLEAR IN TRACK SECTOR 15	CLEAR IN TRACK SECTOR 15	CLEAR IN TRACK SECTOR 15
