local_time	last_changed	flag	category	scope	sector	car_number	event_id	state	message
09-11 19:16:16	2026-09-11T11:16:16.086485+00:00		Other				2026-09-11T11:16:14|Other|PINK HEAD PADDING MATERIAL MUST BE USED	PINK HEAD PADDING MATERIAL MUST BE USED	PINK HEAD PADDING MATERIAL MUST BE USED
09-11 19:26:51	2026-09-11T11:26:51.775800+00:00		Other				2026-09-11T11:26:50|Other|TRACK SURFACE SLIPPERY IN TRACK SECTOR 0	TRACK SURFACE SLIPPERY IN TRACK SECTOR 0	TRACK SURFACE SLIPPERY IN TRACK SECTOR 0
09-11 19:26:51	2026-09-11T11:26:51.928710+00:00		Other				2026-09-11T11:26:50|Other|TRACK SURFACE SLIPPERY IN TRACK SECTOR 26	TRACK SURFACE SLIPPERY IN TRACK SECTOR 26	TRACK SURFACE SLIPPERY IN TRACK SECTOR 26
09-11 19:26:54	2026-09-11T11:26:54.910948+00:00	CLEAR	Flag	Sector	26		2026-09-11T11:26:52|Flag|CLEAR IN TRACK SECTOR 26	CLEAR IN TRACK SECTOR 26	CLEAR IN TRACK SECTOR 26
09-11 19:26:55	2026-09-11T11:26:55.927782+00:00		Other				2026-09-11T11:26:54|Other|TRACK SURFACE SLIPPERY IN TRACK SECTOR 22	TRACK SURFACE SLIPPERY IN TRACK SECTOR 22	TRACK SURFACE SLIPPERY IN TRACK SECTOR 22
09-11 19:30:02	2026-09-11T11:30:02.802856+00:00	GREEN	Flag	Track			2026-09-11T11:30:00|Flag|GREEN LIGHT - PIT EXIT OPEN	GREEN LIGHT - PIT EXIT OPEN	GREEN LIGHT - PIT EXIT OPEN
09-11 19:33:17	2026-09-11T11:33:17.627363+00:00	CLEAR	Flag	Sector	22		2026-09-11T11:33:15|Flag|CLEAR IN TRACK SECTOR 22	CLEAR IN TRACK SECTOR 22	CLEAR IN TRACK SECTOR 22
09-11 19:36:21	2026-09-11T11:36:21.376377+00:00		Other				2026-09-11T11:36:19|Other|CAR 12 (ANT) TIME 1:57.307 DELETED - TRACK LIMITS AT TURN 18 LAP 3 13:34:28	CAR 12 (ANT) TIME 1:57.307 DELETED - TRACK LIMITS AT TURN 18 LAP 3 13:34:28	CAR 12 (ANT) TIME 1:57.307 DELETED - TRACK LIMITS AT TURN 18 LAP 3 13:34:28
09-11 19:38:46	2026-09-11T11:38:46.449371+00:00		Other				2026-09-11T11:38:44|Other|CAR 16 (LEC) TIME 2:13.896 DELETED - TRACK LIMITS AT TURN 6 LAP 5 13:36:42	CAR 16 (LEC) TIME 2:13.896 DELETED - TRACK LIMITS AT TURN 6 LAP 5 13:36:42	CAR 16 (LEC) TIME 2:13.896 DELETED - TRACK LIMITS AT TURN 6 LAP 5 13:36:42
09-11 19:40:07	2026-09-11T11:40:07.850886+00:00		Other				2026-09-11T11:40:06|Other|CAR 63 (RUS) TIME 2:26.963 DELETED - TRACK LIMITS AT TURN 5 LAP 6 13:37:50	CAR 63 (RUS) TIME 2:26.963 DELETED - TRACK LIMITS AT TURN 5 LAP 6 13:37:50	CAR 63 (RUS) TIME 2:26.963 DELETED - TRACK LIMITS AT TURN 5 LAP 6 13:37:50
09-11 19:40:11	2026-09-11T11:40:11.326514+00:00		Other				2026-09-11T11:40:09|Other|CAR 1 (NOR) TIME 1:37.251 DELETED - TRACK LIMITS AT TURN 15 LAP 5 13:38:23	CAR 1 (NOR) TIME 1:37.251 DELETED - TRACK LIMITS AT TURN 15 LAP 5 13:38:23	CAR 1 (NOR) TIME 1:37.251 DELETED - TRACK LIMITS AT TURN 15 LAP 5 13:38:23
09-11 19:44:11	2026-09-11T11:44:11.544876+00:00		Other				2026-09-11T11:44:09|Other|CAR 5 (BOR) LAP DELETED - TRACK LIMITS AT TURN 5 LAP 7 13:41:22 (PIT)	CAR 5 (BOR) LAP DELETED - TRACK LIMITS AT TURN 5 LAP 7 13:41:22 (PIT)	CAR 5 (BOR) LAP DELETED - TRACK LIMITS AT TURN 5 LAP 7 13:41:22 (PIT)
09-11 19:44:41	2026-09-11T11:44:41.551950+00:00		Other				2026-09-11T11:44:39|Other|CAR 12 (ANT) TIME 1:56.611 DELETED - TRACK LIMITS AT TURN 5 LAP 7 13:41:43	CAR 12 (ANT) TIME 1:56.611 DELETED - TRACK LIMITS AT TURN 5 LAP 7 13:41:43	CAR 12 (ANT) TIME 1:56.611 DELETED - TRACK LIMITS AT TURN 5 LAP 7 13:41:43
09-11 19:45:03	2026-09-11T11:45:03.338187+00:00		Other				2026-09-11T11:45:01|Other|CAR 22 (TSU) TIME 2:23.363 DELETED - TRACK LIMITS AT TURN 18 LAP 7 13:41:47	CAR 22 (TSU) TIME 2:23.363 DELETED - TRACK LIMITS AT TURN 18 LAP 7 13:41:47	CAR 22 (TSU) TIME 2:23.363 DELETED - TRACK LIMITS AT TURN 18 LAP 7 13:41:47
09-11 19:45:23	2026-09-11T11:45:23.146077+00:00		Other				2026-09-11T11:45:21|Other|CAR 81 (PIA) TIME 1:37.197 DELETED - TRACK LIMITS AT TURN 15 LAP 7 13:42:29	CAR 81 (PIA) TIME 1:37.197 DELETED - TRACK LIMITS AT TURN 15 LAP 7 13:42:29	CAR 81 (PIA) TIME 1:37.197 DELETED - TRACK LIMITS AT TURN 15 LAP 7 13:42:29
09-11 19:46:39	2026-09-11T11:46:39.727045+00:00		Other				2026-09-11T11:46:37|Other|CAR 11 (PER) LAP DELETED - TRACK LIMITS AT TURN 5 LAP 8 13:43:38 (PIT)	CAR 11 (PER) LAP DELETED - TRACK LIMITS AT TURN 5 LAP 8 13:43:38 (PIT)	CAR 11 (PER) LAP DELETED - TRACK LIMITS AT TURN 5 LAP 8 13:43:38 (PIT)
09-11 19:46:41	2026-09-11T11:46:41.215833+00:00		Other				2026-09-11T11:46:39|Other|CAR 27 (HUL) TIME 1:39.690 DELETED - TRACK LIMITS AT TURN 13 LAP 4 13:42:34	CAR 27 (HUL) TIME 1:39.690 DELETED - TRACK LIMITS AT TURN 13 LAP 4 13:42:34	CAR 27 (HUL) TIME 1:39.690 DELETED - TRACK LIMITS AT TURN 13 LAP 4 13:42:34
09-11 19:46:58	2026-09-11T11:46:58.997458+00:00		Other				2026-09-11T11:46:57|Other|CAR 12 (ANT) TIME 1:36.843 DELETED - TRACK LIMITS AT TURN 13 LAP 8 13:44:09	CAR 12 (ANT) TIME 1:36.843 DELETED - TRACK LIMITS AT TURN 13 LAP 8 13:44:09	CAR 12 (ANT) TIME 1:36.843 DELETED - TRACK LIMITS AT TURN 13 LAP 8 13:44:09
09-11 19:47:29	2026-09-11T11:47:29.888670+00:00		Other				2026-09-11T11:47:28|Other|CAR 27 (HUL) TIME 1:37.560 DELETED - TRACK LIMITS AT TURN 5 LAP 6 13:46:01	CAR 27 (HUL) TIME 1:37.560 DELETED - TRACK LIMITS AT TURN 5 LAP 6 13:46:01	CAR 27 (HUL) TIME 1:37.560 DELETED - TRACK LIMITS AT TURN 5 LAP 6 13:46:01
09-11 19:49:26	2026-09-11T11:49:26.135867+00:00		Other				2026-09-11T11:49:24|Other|CAR 12 (ANT) TIME 2:22.150 DELETED - TRACK LIMITS AT TURN 17 LAP 9 13:46:30	CAR 12 (ANT) TIME 2:22.150 DELETED - TRACK LIMITS AT TURN 17 LAP 9 13:46:30	CAR 12 (ANT) TIME 2:22.150 DELETED - TRACK LIMITS AT TURN 17 LAP 9 13:46:30
09-11 19:50:22	2026-09-11T11:50:22.953207+00:00		Other				2026-09-11T11:50:21|Other|CAR 12 (ANT) TIME 2:03.543 DELETED - TRACK LIMITS AT TURN 18 LAP 10 13:48:45	CAR 12 (ANT) TIME 2:03.543 DELETED - TRACK LIMITS AT TURN 18 LAP 10 13:48:45	CAR 12 (ANT) TIME 2:03.543 DELETED - TRACK LIMITS AT TURN 18 LAP 10 13:48:45
09-11 19:56:24	2026-09-11T11:56:24.428133+00:00		Other				2026-09-11T11:56:22|Other|CAR 12 (ANT) LAP DELETED - TRACK LIMITS AT TURN 18 LAP 12 13:52:33 (PIT)	CAR 12 (ANT) LAP DELETED - TRACK LIMITS AT TURN 18 LAP 12 13:52:33 (PIT)	CAR 12 (ANT) LAP DELETED - TRACK LIMITS AT TURN 18 LAP 12 13:52:33 (PIT)
09-11 19:58:27	2026-09-11T11:58:27.477921+00:00		Other				2026-09-11T11:58:25|Other|CAR 11 (PER) TIME 2:39.536 DELETED - TRACK LIMITS AT TURN 17 LAP 13 13:55:56	CAR 11 (PER) TIME 2:39.536 DELETED - TRACK LIMITS AT TURN 17 LAP 13 13:55:56	CAR 11 (PER) TIME 2:39.536 DELETED - TRACK LIMITS AT TURN 17 LAP 13 13:55:56
09-11 19:59:18	2026-09-11T11:59:18.014464+00:00		Other				2026-09-11T11:59:16|Other|CAR 63 (RUS) TIME 6:48.267 DELETED - TRACK LIMITS AT TURN 11 LAP 13 13:57:55	CAR 63 (RUS) TIME 6:48.267 DELETED - TRACK LIMITS AT TURN 11 LAP 13 13:57:55	CAR 63 (RUS) TIME 6:48.267 DELETED - TRACK LIMITS AT TURN 11 LAP 13 13:57:55
09-11 20:00:34	2026-09-11T12:00:34.470036+00:00		Other				2026-09-11T12:00:32|Other|CAR 87 (BEA) TIME 2:30.465 DELETED - TRACK LIMITS AT TURN 19 LAP 12 13:58:06	CAR 87 (BEA) TIME 2:30.465 DELETED - TRACK LIMITS AT TURN 19 LAP 12 13:58:06	CAR 87 (BEA) TIME 2:30.465 DELETED - TRACK LIMITS AT TURN 19 LAP 12 13:58:06
09-11 20:01:02	2026-09-11T12:01:02.880756+00:00		Other				2026-09-11T12:01:00|Other|CAR 22 (TSU) LAP DELETED - TRACK LIMITS AT TURN 17 LAP 15 13:58:22 (PIT)	CAR 22 (TSU) LAP DELETED - TRACK LIMITS AT TURN 17 LAP 15 13:58:22 (PIT)	CAR 22 (TSU) LAP DELETED - TRACK LIMITS AT TURN 17 LAP 15 13:58:22 (PIT)
09-11 20:02:12	2026-09-11T12:02:12.918558+00:00		Other				2026-09-11T12:02:11|Other|CAR 63 (RUS) TIME 6:48.267 DELETED - TRACK LIMITS AT TURN 19 LAP 13 13:58:36	CAR 63 (RUS) TIME 6:48.267 DELETED - TRACK LIMITS AT TURN 19 LAP 13 13:58:36	CAR 63 (RUS) TIME 6:48.267 DELETED - TRACK LIMITS AT TURN 19 LAP 13 13:58:36
09-11 20:02:17	2026-09-11T12:02:17.609034+00:00		Other				2026-09-11T12:02:15|Other|CAR 55 (SAI) TIME 2:34.351 DELETED - TRACK LIMITS AT TURN 5 LAP 16 13:58:58	CAR 55 (SAI) TIME 2:34.351 DELETED - TRACK LIMITS AT TURN 5 LAP 16 13:58:58	CAR 55 (SAI) TIME 2:34.351 DELETED - TRACK LIMITS AT TURN 5 LAP 16 13:58:58
09-11 20:03:38	2026-09-11T12:03:38.176677+00:00		Other				2026-09-11T12:03:36|Other|CAR 55 (SAI) TIME 2:39.572 DELETED - TRACK LIMITS AT TURN 12 LAP 12 13:50:54	CAR 55 (SAI) TIME 2:39.572 DELETED - TRACK LIMITS AT TURN 12 LAP 12 13:50:54	CAR 55 (SAI) TIME 2:39.572 DELETED - TRACK LIMITS AT TURN 12 LAP 12 13:50:54
09-11 20:03:47	2026-09-11T12:03:47.112742+00:00		Other				2026-09-11T12:03:45|Other|CAR 23 (ALB) LAP DELETED - TRACK LIMITS AT TURN 11 LAP 16 13:59:44 (PIT)	CAR 23 (ALB) LAP DELETED - TRACK LIMITS AT TURN 11 LAP 16 13:59:44 (PIT)	CAR 23 (ALB) LAP DELETED - TRACK LIMITS AT TURN 11 LAP 16 13:59:44 (PIT)
09-11 20:06:17	2026-09-11T12:06:17.857693+00:00		Other				2026-09-11T12:06:16|Other|CAR 12 (ANT) LAP DELETED - TRACK LIMITS AT TURN 5 LAP 15 14:01:37 (PIT)	CAR 12 (ANT) LAP DELETED - TRACK LIMITS AT TURN 5 LAP 15 14:01:37 (PIT)	CAR 12 (ANT) LAP DELETED - TRACK LIMITS AT TURN 5 LAP 15 14:01:37 (PIT)
09-11 20:09:05	2026-09-11T12:09:05.924848+00:00		Other				2026-09-11T12:09:04|Other|CAR 23 (ALB) LAP DELETED - TRACK LIMITS AT TURN 20 LAP 16 14:00:55 (PIT)	CAR 23 (ALB) LAP DELETED - TRACK LIMITS AT TURN 20 LAP 16 14:00:55 (PIT)	CAR 23 (ALB) LAP DELETED - TRACK LIMITS AT TURN 20 LAP 16 14:00:55 (PIT)
09-11 20:11:24	2026-09-11T12:11:24.708344+00:00		Other				2026-09-11T12:11:22|Other|CAR 41 (LIN) TIME 2:28.773 DELETED - TRACK LIMITS AT TURN 6 LAP 17 14:07:07	CAR 41 (LIN) TIME 2:28.773 DELETED - TRACK LIMITS AT TURN 6 LAP 17 14:07:07	CAR 41 (LIN) TIME 2:28.773 DELETED - TRACK LIMITS AT TURN 6 LAP 17 14:07:07
09-11 20:14:11	2026-09-11T12:14:11.939521+00:00		Other				2026-09-11T12:14:10|Other|CAR 12 (ANT) TIME 3:29.050 DELETED - TRACK LIMITS AT TURN 17 LAP 19 14:12:58	CAR 12 (ANT) TIME 3:29.050 DELETED - TRACK LIMITS AT TURN 17 LAP 19 14:12:58	CAR 12 (ANT) TIME 3:29.050 DELETED - TRACK LIMITS AT TURN 17 LAP 19 14:12:58
09-11 20:17:02	2026-09-11T12:17:02.975497+00:00		Other				2026-09-11T12:17:01|Other|TURN 3 INCIDENT INVOLVING CARS 43 (COL) AND 87 (BEA) NOTED - IMPEDING (14:13:45)	TURN 3 INCIDENT INVOLVING CARS 43 (COL) AND 87 (BEA) NOTED - IMPEDING (14:13:45)	TURN 3 INCIDENT INVOLVING CARS 43 (COL) AND 87 (BEA) NOTED - IMPEDING (14:13:45)
09-11 20:17:18	2026-09-11T12:17:18.987353+00:00		Other				2026-09-11T12:17:17|Other|CAR 27 (HUL) LAP DELETED - TRACK LIMITS AT TURN 6 LAP 17 14:14:56 (PIT)	CAR 27 (HUL) LAP DELETED - TRACK LIMITS AT TURN 6 LAP 17 14:14:56 (PIT)	CAR 27 (HUL) LAP DELETED - TRACK LIMITS AT TURN 6 LAP 17 14:14:56 (PIT)
09-11 20:17:45	2026-09-11T12:17:45.772766+00:00		Other				2026-09-11T12:17:44|Other|CAR 1 (NOR) TIME 1:35.035 DELETED - TRACK LIMITS AT TURN 17 LAP 16 14:12:34	CAR 1 (NOR) TIME 1:35.035 DELETED - TRACK LIMITS AT TURN 17 LAP 16 14:12:34	CAR 1 (NOR) TIME 1:35.035 DELETED - TRACK LIMITS AT TURN 17 LAP 16 14:12:34
09-11 20:17:57	2026-09-11T12:17:57.436110+00:00		Other				2026-09-11T12:17:55|Other|CAR 55 (SAI) TIME 2:51.891 DELETED - TRACK LIMITS AT TURN 5 LAP 22 14:15:23	CAR 55 (SAI) TIME 2:51.891 DELETED - TRACK LIMITS AT TURN 5 LAP 22 14:15:23	CAR 55 (SAI) TIME 2:51.891 DELETED - TRACK LIMITS AT TURN 5 LAP 22 14:15:23
09-11 20:19:12	2026-09-11T12:19:12.774812+00:00		Other				2026-09-11T12:19:11|Other|FIA STEWARDS: TURN 3 INCIDENT INVOLVING CARS 43 (COL) AND 87 (BEA) REVIEWED NO FURTHER INVESTIGATION - IMPEDING (14:13:45)	FIA STEWARDS: TURN 3 INCIDENT INVOLVING CARS 43 (COL) AND 87 (BEA) REVIEWED NO FURTHER INVESTIGATION - IMPEDING (14:13:45)	FIA STEWARDS: TURN 3 INCIDENT INVOLVING CARS 43 (COL) AND 87 (BEA) REVIEWED NO FURTHER INVESTIGATION - IMPEDING (14:13:45)
09-11 20:19:46	2026-09-11T12:19:46.072085+00:00		Other				2026-09-11T12:19:44|Other|CAR 16 (LEC) LAP DELETED - TRACK LIMITS AT TURN 17 LAP 19 14:15:42 (PIT)	CAR 16 (LEC) LAP DELETED - TRACK LIMITS AT TURN 17 LAP 19 14:15:42 (PIT)	CAR 16 (LEC) LAP DELETED - TRACK LIMITS AT TURN 17 LAP 19 14:15:42 (PIT)
09-11 20:20:53	2026-09-11T12:20:53.234382+00:00		Other				2026-09-11T12:20:51|Other|CAR 44 (HAM) TIME 1:34.625 DELETED - TRACK LIMITS AT TURN 17 LAP 20 14:17:09	CAR 44 (HAM) TIME 1:34.625 DELETED - TRACK LIMITS AT TURN 17 LAP 20 14:17:09	CAR 44 (HAM) TIME 1:34.625 DELETED - TRACK LIMITS AT TURN 17 LAP 20 14:17:09
09-11 20:21:29	2026-09-11T12:21:29.720377+00:00		Other				2026-09-11T12:21:27|Other|CAR 55 (SAI) TIME 1:56.266 DELETED - TRACK LIMITS AT TURN 17 LAP 23 14:18:48	CAR 55 (SAI) TIME 1:56.266 DELETED - TRACK LIMITS AT TURN 17 LAP 23 14:18:48	CAR 55 (SAI) TIME 1:56.266 DELETED - TRACK LIMITS AT TURN 17 LAP 23 14:18:48
09-11 20:23:53	2026-09-11T12:23:53.629416+00:00		Other				2026-09-11T12:23:51|Other|CAR 3 (VER) TIME 2:31.202 DELETED - TRACK LIMITS AT TURN 18 LAP 20 14:22:20	CAR 3 (VER) TIME 2:31.202 DELETED - TRACK LIMITS AT TURN 18 LAP 20 14:22:20	CAR 3 (VER) TIME 2:31.202 DELETED - TRACK LIMITS AT TURN 18 LAP 20 14:22:20
09-11 20:24:05	2026-09-11T12:24:05.587998+00:00		Other				2026-09-11T12:24:03|Other|CAR 41 (LIN) TIME 5:06.197 DELETED - TRACK LIMITS AT TURN 6 LAP 23 14:22:22	CAR 41 (LIN) TIME 5:06.197 DELETED - TRACK LIMITS AT TURN 6 LAP 23 14:22:22	CAR 41 (LIN) TIME 5:06.197 DELETED - TRACK LIMITS AT TURN 6 LAP 23 14:22:22
09-11 20:26:04	2026-09-11T12:26:04.070368+00:00		Other				2026-09-11T12:26:02|Other|CAR 1 (NOR) TIME 1:38.099 DELETED - TRACK LIMITS AT TURN 17 LAP 23 14:25:10	CAR 1 (NOR) TIME 1:38.099 DELETED - TRACK LIMITS AT TURN 17 LAP 23 14:25:10	CAR 1 (NOR) TIME 1:38.099 DELETED - TRACK LIMITS AT TURN 17 LAP 23 14:25:10
09-11 20:26:37	2026-09-11T12:26:37.756408+00:00	YELLOW	Flag	Sector	15		2026-09-11T12:26:35|Flag|YELLOW IN TRACK SECTOR 15	YELLOW IN TRACK SECTOR 15	YELLOW IN TRACK SECTOR 15
09-11 20:26:37	2026-09-11T12:26:37.758694+00:00	DOUBLE YELLOW	Flag	Sector	15		2026-09-11T12:26:35|Flag|DOUBLE YELLOW IN TRACK SECTOR 15	DOUBLE YELLOW IN TRACK SECTOR 15	DOUBLE YELLOW IN TRACK SECTOR 15
09-11 20:26:37	2026-09-11T12:26:37.760375+00:00	DOUBLE YELLOW	Flag	Sector	14		2026-09-11T12:26:35|Flag|DOUBLE YELLOW IN TRACK SECTOR 14	DOUBLE YELLOW IN TRACK SECTOR 14	DOUBLE YELLOW IN TRACK SECTOR 14
09-11 20:26:37	2026-09-11T12:26:37.761989+00:00	DOUBLE YELLOW	Flag	Sector	13		2026-09-11T12:26:35|Flag|DOUBLE YELLOW IN TRACK SECTOR 13	DOUBLE YELLOW IN TRACK SECTOR 13	DOUBLE YELLOW IN TRACK SECTOR 13
09-11 20:26:37	2026-09-11T12:26:37.765455+00:00	DOUBLE YELLOW	Flag	Sector	12		2026-09-11T12:26:35|Flag|DOUBLE YELLOW IN TRACK SECTOR 12	DOUBLE YELLOW IN TRACK SECTOR 12	DOUBLE YELLOW IN TRACK SECTOR 12
09-11 20:26:43	2026-09-11T12:26:43.001276+00:00	CLEAR	Flag	Sector	12		2026-09-11T12:26:41|Flag|CLEAR IN TRACK SECTOR 12	CLEAR IN TRACK SECTOR 12	CLEAR IN TRACK SECTOR 12
09-11 20:26:45	2026-09-11T12:26:45.052413+00:00	CLEAR	Flag	Sector	13		2026-09-11T12:26:43|Flag|CLEAR IN TRACK SECTOR 13	CLEAR IN TRACK SECTOR 13	CLEAR IN TRACK SECTOR 13
09-11 20:26:46	2026-09-11T12:26:46.494082+00:00	CLEAR	Flag	Sector	14		2026-09-11T12:26:44|Flag|CLEAR IN TRACK SECTOR 14	CLEAR IN TRACK SECTOR 14	CLEAR IN TRACK SECTOR 14
09-11 20:26:48	2026-09-11T12:26:48.277291+00:00	CLEAR	Flag	Sector	15		2026-09-11T12:26:45|Flag|CLEAR IN TRACK SECTOR 15	CLEAR IN TRACK SECTOR 15	CLEAR IN TRACK SECTOR 15
09-11 20:30:02	2026-09-11T12:30:02.517341+00:00	CHEQUERED	Flag	Track			2026-09-11T12:30:00|Flag|CHEQUERED FLAG	CHEQUERED FLAG	CHEQUERED FLAG
09-11 20:30:17	2026-09-11T12:30:17.927466+00:00		Other				2026-09-11T12:30:16|Other|FIRST CAR TO TAKE THE FLAG - CAR 5 (BOR)	FIRST CAR TO TAKE THE FLAG - CAR 5 (BOR)	FIRST CAR TO TAKE THE FLAG - CAR 5 (BOR)
09-11 20:30:54	2026-09-11T12:30:54.710030+00:00		Other				2026-09-11T12:30:52|Other|TURN 6 INCIDENT INVOLVING CAR 23 (ALB) NOTED - REJOINING UNSAFELY (14:27:29)	TURN 6 INCIDENT INVOLVING CAR 23 (ALB) NOTED - REJOINING UNSAFELY (14:27:29)	TURN 6 INCIDENT INVOLVING CAR 23 (ALB) NOTED - REJOINING UNSAFELY (14:27:29)
09-11 20:32:23	2026-09-11T12:32:23.808458+00:00		Other				2026-09-11T12:32:21|Other|CAR 23 (ALB) TIME 2:35.977 DELETED - TRACK LIMITS AT TURN 5 LAP 23 14:27:29	CAR 23 (ALB) TIME 2:35.977 DELETED - TRACK LIMITS AT TURN 5 LAP 23 14:27:29	CAR 23 (ALB) TIME 2:35.977 DELETED - TRACK LIMITS AT TURN 5 LAP 23 14:27:29
09-11 20:32:30	2026-09-11T12:32:30.275201+00:00		Other				2026-09-11T12:32:28|Other|CAR 14 (ALO) TIME 2:09.411 DELETED - DOUBLE YELLOW AT TURN 12 LAP 24 14:26:35	CAR 14 (ALO) TIME 2:09.411 DELETED - DOUBLE YELLOW AT TURN 12 LAP 24 14:26:35	CAR 14 (ALO) TIME 2:09.411 DELETED - DOUBLE YELLOW AT TURN 12 LAP 24 14:26:35
09-11 20:33:08	2026-09-11T12:33:08.073740+00:00		Other				2026-09-11T12:33:06|Other|CAR 43 (COL) TIME 2:15.498 DELETED - TRACK LIMITS AT TURN 1 LAP 22 14:27:00	CAR 43 (COL) TIME 2:15.498 DELETED - TRACK LIMITS AT TURN 1 LAP 22 14:27:00	CAR 43 (COL) TIME 2:15.498 DELETED - TRACK LIMITS AT TURN 1 LAP 22 14:27:00
09-11 20:33:10	2026-09-11T12:33:10.079557+00:00		Other				2026-09-11T12:33:08|Other|CAR 77 (BOT) TIME 2:14.914 DELETED - TRACK LIMITS AT TURN 11 LAP 24 14:27:08	CAR 77 (BOT) TIME 2:14.914 DELETED - TRACK LIMITS AT TURN 11 LAP 24 14:27:08	CAR 77 (BOT) TIME 2:14.914 DELETED - TRACK LIMITS AT TURN 11 LAP 24 14:27:08
09-11 20:34:24	2026-09-11T12:34:24.423921+00:00		Other				2026-09-11T12:34:22|Other|CAR 12 (ANT) TIME 1:39.838 DELETED - TRACK LIMITS AT TURN 5 LAP 25 14:28:30	CAR 12 (ANT) TIME 1:39.838 DELETED - TRACK LIMITS AT TURN 5 LAP 25 14:28:30	CAR 12 (ANT) TIME 1:39.838 DELETED - TRACK LIMITS AT TURN 5 LAP 25 14:28:30
09-11 20:34:26	2026-09-11T12:34:26.066167+00:00		Other				2026-09-11T12:34:23|Other|CAR 10 (GAS) TIME 1:35.757 DELETED - TRACK LIMITS AT TURN 5 LAP 22 14:29:51	CAR 10 (GAS) TIME 1:35.757 DELETED - TRACK LIMITS AT TURN 5 LAP 22 14:29:51	CAR 10 (GAS) TIME 1:35.757 DELETED - TRACK LIMITS AT TURN 5 LAP 22 14:29:51
09-11 20:34:40	2026-09-11T12:34:40.816217+00:00		Other				2026-09-11T12:34:39|Other|TURN 1 INCIDENT INVOLVING CAR 43 (COL) NOTED - FAILING TO FOLLOW RACE DIRECTORS INSTRUCTIONS – ESCAPE ROAD INSTRUCTIONS (14:27:00)	TURN 1 INCIDENT INVOLVING CAR 43 (COL) NOTED - FAILING TO FOLLOW RACE DIRECTORS INSTRUCTIONS – ESCAPE ROAD INSTRUCTIONS (14:27:00)	TURN 1 INCIDENT INVOLVING CAR 43 (COL) NOTED - FAILING TO FOLLOW RACE DIRECTORS INSTRUCTIONS – ESCAPE ROAD INSTRUCTIONS (14:27:00)
09-11 20:35:08	2026-09-11T12:35:08.818788+00:00		Other				2026-09-11T12:35:07|Other|CAR 87 (BEA) TIME 1:36.757 DELETED - TRACK LIMITS AT TURN 19 LAP 23 14:30:36	CAR 87 (BEA) TIME 1:36.757 DELETED - TRACK LIMITS AT TURN 19 LAP 23 14:30:36	CAR 87 (BEA) TIME 1:36.757 DELETED - TRACK LIMITS AT TURN 19 LAP 23 14:30:36
09-11 20:35:30	2026-09-11T12:35:30.729796+00:00		Other				2026-09-11T12:35:28|Other|FIA STEWARDS: TURN 6 INCIDENT INVOLVING CAR 23 (ALB) WILL BE INVESTIGATED AFTER THE SESSION - REJOINING UNSAFELY (14:27:29)	FIA STEWARDS: TURN 6 INCIDENT INVOLVING CAR 23 (ALB) WILL BE INVESTIGATED AFTER THE SESSION - REJOINING UNSAFELY (14:27:29)	FIA STEWARDS: TURN 6 INCIDENT INVOLVING CAR 23 (ALB) WILL BE INVESTIGATED AFTER THE SESSION - REJOINING UNSAFELY (14:27:29)
09-11 20:35:53	2026-09-11T12:35:53.580651+00:00		Other				2026-09-11T12:35:51|Other|CAR 87 (BEA) TIME 2:03.665 DELETED - TRACK LIMITS AT TURN 15 LAP 24 14:32:18	CAR 87 (BEA) TIME 2:03.665 DELETED - TRACK LIMITS AT TURN 15 LAP 24 14:32:18	CAR 87 (BEA) TIME 2:03.665 DELETED - TRACK LIMITS AT TURN 15 LAP 24 14:32:18
09-11 20:35:56	2026-09-11T12:35:56.231945+00:00	DOUBLE YELLOW	Flag	Sector	3		2026-09-11T12:35:54|Flag|DOUBLE YELLOW IN TRACK SECTOR 3	DOUBLE YELLOW IN TRACK SECTOR 3	DOUBLE YELLOW IN TRACK SECTOR 3
09-11 20:35:56	2026-09-11T12:35:56.234220+00:00	YELLOW	Flag	Sector	2		2026-09-11T12:35:54|Flag|YELLOW IN TRACK SECTOR 2	YELLOW IN TRACK SECTOR 2	YELLOW IN TRACK SECTOR 2
09-11 20:35:59	2026-09-11T12:35:59.102695+00:00	CLEAR	Flag	Sector	3		2026-09-11T12:35:57|Flag|CLEAR IN TRACK SECTOR 3	CLEAR IN TRACK SECTOR 3	CLEAR IN TRACK SECTOR 3
09-11 20:36:06	2026-09-11T12:36:06.853038+00:00	CLEAR	Flag	Sector	2		2026-09-11T12:36:05|Flag|CLEAR IN TRACK SECTOR 2	CLEAR IN TRACK SECTOR 2	CLEAR IN TRACK SECTOR 2
09-11 20:36:27	2026-09-11T12:36:27.065652+00:00		Other				2026-09-11T12:36:24|Other|CAR 1 (NOR) TIME 2:10.803 DELETED - TRACK LIMITS AT TURN 5 LAP 27 14:31:37	CAR 1 (NOR) TIME 2:10.803 DELETED - TRACK LIMITS AT TURN 5 LAP 27 14:31:37	CAR 1 (NOR) TIME 2:10.803 DELETED - TRACK LIMITS AT TURN 5 LAP 27 14:31:37
09-11 20:36:36	2026-09-11T12:36:36.383973+00:00		Other				2026-09-11T12:36:33|Other|CAR 81 (PIA) TIME 1:36.431 DELETED - TRACK LIMITS AT TURN 18 LAP 21 14:31:07	CAR 81 (PIA) TIME 1:36.431 DELETED - TRACK LIMITS AT TURN 18 LAP 21 14:31:07	CAR 81 (PIA) TIME 1:36.431 DELETED - TRACK LIMITS AT TURN 18 LAP 21 14:31:07
09-11 20:36:43	2026-09-11T12:36:43.623657+00:00		Other				2026-09-11T12:36:41|Other|CAR 1 (NOR) LAP DELETED - TRACK LIMITS AT TURN 1 LAP 28 14:34:00 (PIT)	CAR 1 (NOR) LAP DELETED - TRACK LIMITS AT TURN 1 LAP 28 14:34:00 (PIT)	CAR 1 (NOR) LAP DELETED - TRACK LIMITS AT TURN 1 LAP 28 14:34:00 (PIT)
09-11 20:37:10	2026-09-11T12:37:10.728524+00:00		Other				2026-09-11T12:37:08|Other|CAR 44 (HAM) TIME 2:38.045 DELETED - TRACK LIMITS AT TURN 11 LAP 26 14:30:05	CAR 44 (HAM) TIME 2:38.045 DELETED - TRACK LIMITS AT TURN 11 LAP 26 14:30:05	CAR 44 (HAM) TIME 2:38.045 DELETED - TRACK LIMITS AT TURN 11 LAP 26 14:30:05
09-11 20:39:45	2026-09-11T12:39:45.545959+00:00	DOUBLE YELLOW	Flag	Sector	23		2026-09-11T12:39:43|Flag|DOUBLE YELLOW IN TRACK SECTOR 23	DOUBLE YELLOW IN TRACK SECTOR 23	DOUBLE YELLOW IN TRACK SECTOR 23
09-11 20:39:45	2026-09-11T12:39:45.604433+00:00	YELLOW	Flag	Sector	22		2026-09-11T12:39:43|Flag|YELLOW IN TRACK SECTOR 22	YELLOW IN TRACK SECTOR 22	YELLOW IN TRACK SECTOR 22
09-11 20:39:53	2026-09-11T12:39:53.850264+00:00	CLEAR	Flag	Sector	22		2026-09-11T12:39:51|Flag|CLEAR IN TRACK SECTOR 22	CLEAR IN TRACK SECTOR 22	CLEAR IN TRACK SECTOR 22
09-11 20:40:04	2026-09-11T12:40:04.173428+00:00		Other				2026-09-11T12:40:01|Other|CAR 81 (PIA) TIME 1:36.431 DELETED - TRACK LIMITS AT TURN 6 LAP 21 14:30:20	CAR 81 (PIA) TIME 1:36.431 DELETED - TRACK LIMITS AT TURN 6 LAP 21 14:30:20	CAR 81 (PIA) TIME 1:36.431 DELETED - TRACK LIMITS AT TURN 6 LAP 21 14:30:20
09-11 20:40:31	2026-09-11T12:40:31.232723+00:00	YELLOW	Flag	Sector	5		2026-09-11T12:40:29|Flag|YELLOW IN TRACK SECTOR 5	YELLOW IN TRACK SECTOR 5	YELLOW IN TRACK SECTOR 5
09-11 20:40:42	2026-09-11T12:40:42.595888+00:00	DOUBLE YELLOW	Flag	Sector	4		2026-09-11T12:40:40|Flag|DOUBLE YELLOW IN TRACK SECTOR 4	DOUBLE YELLOW IN TRACK SECTOR 4	DOUBLE YELLOW IN TRACK SECTOR 4
09-11 20:40:42	2026-09-11T12:40:42.598250+00:00	CLEAR	Flag	Sector	23		2026-09-11T12:40:40|Flag|CLEAR IN TRACK SECTOR 23	CLEAR IN TRACK SECTOR 23	CLEAR IN TRACK SECTOR 23
09-11 20:40:48	2026-09-11T12:40:48.498304+00:00	CLEAR	Flag	Sector	5		2026-09-11T12:40:46|Flag|CLEAR IN TRACK SECTOR 5	CLEAR IN TRACK SECTOR 5	CLEAR IN TRACK SECTOR 5
09-11 20:40:56	2026-09-11T12:40:56.445924+00:00	DOUBLE YELLOW	Flag	Sector	6		2026-09-11T12:40:53|Flag|DOUBLE YELLOW IN TRACK SECTOR 6	DOUBLE YELLOW IN TRACK SECTOR 6	DOUBLE YELLOW IN TRACK SECTOR 6
09-11 20:40:56	2026-09-11T12:40:56.448260+00:00		Other				2026-09-11T12:40:54|Other|FIA STEWARDS: TURN 1 INCIDENT INVOLVING CAR 43 (COL) REVIEWED NO FURTHER INVESTIGATION - FAILING TO FOLLOW RACE DIRECTORS INSTRUCTIONS – ESCAPE ROAD INSTRUCTIONS (14:27:00)	FIA STEWARDS: TURN 1 INCIDENT INVOLVING CAR 43 (COL) REVIEWED NO FURTHER INVESTIGATION - FAILING TO FOLLOW RACE DIRECTORS INSTRUCTIONS – ESCAPE ROAD INSTRUCTIONS (14:27:00)	FIA STEWARDS: TURN 1 INCIDENT INVOLVING CAR 43 (COL) REVIEWED NO FURTHER INVESTIGATION - FAILING TO FOLLOW RACE DIRECTORS INSTRUCTIONS – ESCAPE ROAD INSTRUCTIONS (14:27:00)
09-11 20:41:44	2026-09-11T12:41:44.952121+00:00	DOUBLE YELLOW	Flag	Sector	8		2026-09-11T12:41:42|Flag|DOUBLE YELLOW IN TRACK SECTOR 8	DOUBLE YELLOW IN TRACK SECTOR 8	DOUBLE YELLOW IN TRACK SECTOR 8
09-11 20:41:45	2026-09-11T12:41:45.032913+00:00	CLEAR	Flag	Sector	6		2026-09-11T12:41:43|Flag|CLEAR IN TRACK SECTOR 6	CLEAR IN TRACK SECTOR 6	CLEAR IN TRACK SECTOR 6
09-11 20:41:49	2026-09-11T12:41:49.603643+00:00	YELLOW	Flag	Sector	24		2026-09-11T12:41:47|Flag|YELLOW IN TRACK SECTOR 24	YELLOW IN TRACK SECTOR 24	YELLOW IN TRACK SECTOR 24
09-11 20:41:52	2026-09-11T12:41:52.501864+00:00	DOUBLE YELLOW	Flag	Sector	24		2026-09-11T12:41:50|Flag|DOUBLE YELLOW IN TRACK SECTOR 24	DOUBLE YELLOW IN TRACK SECTOR 24	DOUBLE YELLOW IN TRACK SECTOR 24
09-11 20:42:44	2026-09-11T12:42:44.991553+00:00	CLEAR	Flag	Sector	8		2026-09-11T12:42:43|Flag|CLEAR IN TRACK SECTOR 8	CLEAR IN TRACK SECTOR 8	CLEAR IN TRACK SECTOR 8
09-11 20:43:35	2026-09-11T12:43:35.804713+00:00	DOUBLE YELLOW	Flag	Sector	10		2026-09-11T12:43:34|Flag|DOUBLE YELLOW IN TRACK SECTOR 10	DOUBLE YELLOW IN TRACK SECTOR 10	DOUBLE YELLOW IN TRACK SECTOR 10
09-11 20:43:47	2026-09-11T12:43:47.395577+00:00	CLEAR	Flag	Sector	10		2026-09-11T12:43:45|Flag|CLEAR IN TRACK SECTOR 10	CLEAR IN TRACK SECTOR 10	CLEAR IN TRACK SECTOR 10
09-11 20:44:05	2026-09-11T12:44:05.714581+00:00	DOUBLE YELLOW	Flag	Sector	3		2026-09-11T12:44:03|Flag|DOUBLE YELLOW IN TRACK SECTOR 3	DOUBLE YELLOW IN TRACK SECTOR 3	DOUBLE YELLOW IN TRACK SECTOR 3
09-11 20:45:09	2026-09-11T12:45:09.942765+00:00	CLEAR	Flag	Sector	24		2026-09-11T12:45:07|Flag|CLEAR IN TRACK SECTOR 24	CLEAR IN TRACK SECTOR 24	CLEAR IN TRACK SECTOR 24
09-11 20:45:56	2026-09-11T12:45:56.251068+00:00		Other				2026-09-11T12:45:53|Other|RISK OF RAIN FOR F2 QUALIFYING IS 0%	RISK OF RAIN FOR F2 QUALIFYING IS 0%	RISK OF RAIN FOR F2 QUALIFYING IS 0%
09-11 20:46:35	2026-09-11T12:46:35.051896+00:00		Other				2026-09-11T12:46:33|Other|TRACK SURFACE SLIPPERY IN TRACK SECTOR 17	TRACK SURFACE SLIPPERY IN TRACK SECTOR 17	TRACK SURFACE SLIPPERY IN TRACK SECTOR 17
09-11 20:46:35	2026-09-11T12:46:35.943214+00:00	CLEAR	Flag	Sector	17		2026-09-11T12:46:33|Flag|CLEAR IN TRACK SECTOR 17	CLEAR IN TRACK SECTOR 17	CLEAR IN TRACK SECTOR 17
09-11 22:45:16	2026-09-11T14:45:16.849775+00:00		Other				2026-09-11T14:45:15|Other|RISK OF RAIN FOR F1 FREE PRACTICE 2 IS 0%	RISK OF RAIN FOR F1 FREE PRACTICE 2 IS 0%	RISK OF RAIN FOR F1 FREE PRACTICE 2 IS 0%
09-11 22:47:19	2026-09-11T14:47:19.794258+00:00		Other				2026-09-11T14:47:18|Other|PINK HEAD PADDING MATERIAL MUST BE USED	PINK HEAD PADDING MATERIAL MUST BE USED	PINK HEAD PADDING MATERIAL MUST BE USED
09-11 23:00:02	2026-09-11T15:00:02.349988+00:00	GREEN	Flag	Track			2026-09-11T15:00:00|Flag|GREEN LIGHT - PIT EXIT OPEN	GREEN LIGHT - PIT EXIT OPEN	GREEN LIGHT - PIT EXIT OPEN
09-11 23:04:42	2026-09-11T15:04:42.690730+00:00		Other				2026-09-11T15:04:40|Other|CAR 11 (PER) TIME 1:37.800 DELETED - TRACK LIMITS AT TURN 5 LAP 3 17:03:07	CAR 11 (PER) TIME 1:37.800 DELETED - TRACK LIMITS AT TURN 5 LAP 3 17:03:07	CAR 11 (PER) TIME 1:37.800 DELETED - TRACK LIMITS AT TURN 5 LAP 3 17:03:07
09-11 23:05:40	2026-09-11T15:05:40.248912+00:00		Other				2026-09-11T15:05:38|Other|CAR 12 (ANT) TIME 2:01.053 DELETED - TRACK LIMITS AT TURN 5 LAP 3 17:03:29	CAR 12 (ANT) TIME 2:01.053 DELETED - TRACK LIMITS AT TURN 5 LAP 3 17:03:29	CAR 12 (ANT) TIME 2:01.053 DELETED - TRACK LIMITS AT TURN 5 LAP 3 17:03:29
09-11 23:05:42	2026-09-11T15:05:42.095645+00:00		Other				2026-09-11T15:05:39|Other|CAR 81 (PIA) TIME 2:14.516 DELETED - TRACK LIMITS AT TURN 5 LAP 3 17:03:24	CAR 81 (PIA) TIME 2:14.516 DELETED - TRACK LIMITS AT TURN 5 LAP 3 17:03:24	CAR 81 (PIA) TIME 2:14.516 DELETED - TRACK LIMITS AT TURN 5 LAP 3 17:03:24
09-11 23:06:17	2026-09-11T15:06:17.367392+00:00		Other				2026-09-11T15:06:15|Other|CAR 1 (NOR) LAP DELETED - TRACK LIMITS AT TURN 18 LAP 3 17:04:45 (PIT)	CAR 1 (NOR) LAP DELETED - TRACK LIMITS AT TURN 18 LAP 3 17:04:45 (PIT)	CAR 1 (NOR) LAP DELETED - TRACK LIMITS AT TURN 18 LAP 3 17:04:45 (PIT)
09-11 23:09:32	2026-09-11T15:09:32.562121+00:00		Other				2026-09-11T15:09:30|Other|CAR 55 (SAI) LAP DELETED - TRACK LIMITS AT TURN 5 LAP 4 17:05:52 (PIT)	CAR 55 (SAI) LAP DELETED - TRACK LIMITS AT TURN 5 LAP 4 17:05:52 (PIT)	CAR 55 (SAI) LAP DELETED - TRACK LIMITS AT TURN 5 LAP 4 17:05:52 (PIT)
09-11 23:10:02	2026-09-11T15:10:02.315043+00:00		Other				2026-09-11T15:10:00|Other|CAR 16 (LEC) TIME 1:35.242 DELETED - TRACK LIMITS AT TURN 17 LAP 5 17:07:40	CAR 16 (LEC) TIME 1:35.242 DELETED - TRACK LIMITS AT TURN 17 LAP 5 17:07:40	CAR 16 (LEC) TIME 1:35.242 DELETED - TRACK LIMITS AT TURN 17 LAP 5 17:07:40
09-11 23:10:03	2026-09-11T15:10:03.722522+00:00		Other				2026-09-11T15:10:02|Other|CAR 77 (BOT) TIME 1:39.771 DELETED - TRACK LIMITS AT TURN 17 LAP 5 17:07:47	CAR 77 (BOT) TIME 1:39.771 DELETED - TRACK LIMITS AT TURN 17 LAP 5 17:07:47	CAR 77 (BOT) TIME 1:39.771 DELETED - TRACK LIMITS AT TURN 17 LAP 5 17:07:47
09-11 23:10:52	2026-09-11T15:10:52.352859+00:00		Other				2026-09-11T15:10:50|Other|CAR 1 (NOR) LAP DELETED - TRACK LIMITS AT TURN 15 LAP 3 17:04:32	CAR 1 (NOR) LAP DELETED - TRACK LIMITS AT TURN 15 LAP 3 17:04:32	CAR 1 (NOR) LAP DELETED - TRACK LIMITS AT TURN 15 LAP 3 17:04:32
09-11 23:11:18	2026-09-11T15:11:18.480998+00:00		Other				2026-09-11T15:11:16|Other|CAR 27 (HUL) TIME 1:36.663 DELETED - TRACK LIMITS AT TURN 17 LAP 5 17:08:25	CAR 27 (HUL) TIME 1:36.663 DELETED - TRACK LIMITS AT TURN 17 LAP 5 17:08:25	CAR 27 (HUL) TIME 1:36.663 DELETED - TRACK LIMITS AT TURN 17 LAP 5 17:08:25
09-11 23:13:41	2026-09-11T15:13:41.459119+00:00		Other				2026-09-11T15:13:39|Other|CAR 55 (SAI) TIME 2:56.548 DELETED - TRACK LIMITS AT TURN 5 LAP 5 17:08:49	CAR 55 (SAI) TIME 2:56.548 DELETED - TRACK LIMITS AT TURN 5 LAP 5 17:08:49	CAR 55 (SAI) TIME 2:56.548 DELETED - TRACK LIMITS AT TURN 5 LAP 5 17:08:49
09-11 23:14:02	2026-09-11T15:14:02.676856+00:00		Other				2026-09-11T15:14:00|Other|CAR 5 (BOR) LAP DELETED - TRACK LIMITS AT TURN 17 LAP 6 17:11:05 (PIT)	CAR 5 (BOR) LAP DELETED - TRACK LIMITS AT TURN 17 LAP 6 17:11:05 (PIT)	CAR 5 (BOR) LAP DELETED - TRACK LIMITS AT TURN 17 LAP 6 17:11:05 (PIT)
09-11 23:15:00	2026-09-11T15:15:00.983655+00:00		Other				2026-09-11T15:14:59|Other|CAR 23 (ALB) LAP DELETED - TRACK LIMITS AT TURN 5 LAP 6 17:12:23 (PIT)	CAR 23 (ALB) LAP DELETED - TRACK LIMITS AT TURN 5 LAP 6 17:12:23 (PIT)	CAR 23 (ALB) LAP DELETED - TRACK LIMITS AT TURN 5 LAP 6 17:12:23 (PIT)
09-11 23:15:03	2026-09-11T15:15:03.339998+00:00		Other				2026-09-11T15:15:01|Other|CAR 55 (SAI) TIME 2:49.831 DELETED - TRACK LIMITS AT TURN 5 LAP 7 17:12:43	CAR 55 (SAI) TIME 2:49.831 DELETED - TRACK LIMITS AT TURN 5 LAP 7 17:12:43	CAR 55 (SAI) TIME 2:49.831 DELETED - TRACK LIMITS AT TURN 5 LAP 7 17:12:43
09-11 23:16:58	2026-09-11T15:16:58.833973+00:00		Other				2026-09-11T15:16:57|Other|CAR 16 (LEC) TIME 2:29.656 DELETED - TRACK LIMITS AT TURN 5 LAP 8 17:12:44	CAR 16 (LEC) TIME 2:29.656 DELETED - TRACK LIMITS AT TURN 5 LAP 8 17:12:44	CAR 16 (LEC) TIME 2:29.656 DELETED - TRACK LIMITS AT TURN 5 LAP 8 17:12:44
09-11 23:17:03	2026-09-11T15:17:03.408199+00:00		Other				2026-09-11T15:17:01|Other|CAR 18 (STR) TIME 2:25.378 DELETED - TRACK LIMITS AT TURN 18 LAP 6 17:13:19	CAR 18 (STR) TIME 2:25.378 DELETED - TRACK LIMITS AT TURN 18 LAP 6 17:13:19	CAR 18 (STR) TIME 2:25.378 DELETED - TRACK LIMITS AT TURN 18 LAP 6 17:13:19
09-11 23:17:37	2026-09-11T15:17:37.530874+00:00		Other				2026-09-11T15:17:35|Other|CAR 11 (PER) TIME 2:24.441 DELETED - TRACK LIMITS AT TURN 17 LAP 7 17:13:26	CAR 11 (PER) TIME 2:24.441 DELETED - TRACK LIMITS AT TURN 17 LAP 7 17:13:26	CAR 11 (PER) TIME 2:24.441 DELETED - TRACK LIMITS AT TURN 17 LAP 7 17:13:26
09-11 23:17:40	2026-09-11T15:17:40.718071+00:00		Other				2026-09-11T15:17:38|Other|CAR 44 (HAM) TIME 1:35.086 DELETED - TRACK LIMITS AT TURN 17 LAP 8 17:15:28	CAR 44 (HAM) TIME 1:35.086 DELETED - TRACK LIMITS AT TURN 17 LAP 8 17:15:28	CAR 44 (HAM) TIME 1:35.086 DELETED - TRACK LIMITS AT TURN 17 LAP 8 17:15:28
09-11 23:17:51	2026-09-11T15:17:51.879021+00:00		Other				2026-09-11T15:17:50|Other|CAR 63 (RUS) TIME 2:41.062 DELETED - TRACK LIMITS AT TURN 11 LAP 9 17:15:46	CAR 63 (RUS) TIME 2:41.062 DELETED - TRACK LIMITS AT TURN 11 LAP 9 17:15:46	CAR 63 (RUS) TIME 2:41.062 DELETED - TRACK LIMITS AT TURN 11 LAP 9 17:15:46
09-11 23:17:56	2026-09-11T15:17:56.692825+00:00		Other				2026-09-11T15:17:53|Other|CAR 3 (VER) TIME 1:34.378 DELETED - TRACK LIMITS AT TURN 17 LAP 8 17:15:34	CAR 3 (VER) TIME 1:34.378 DELETED - TRACK LIMITS AT TURN 17 LAP 8 17:15:34	CAR 3 (VER) TIME 1:34.378 DELETED - TRACK LIMITS AT TURN 17 LAP 8 17:15:34
09-11 23:19:38	2026-09-11T15:19:38.513940+00:00		Other				2026-09-11T15:19:36|Other|CAR 77 (BOT) TIME 1:39.164 DELETED - TRACK LIMITS AT TURN 17 LAP 9 17:16:40	CAR 77 (BOT) TIME 1:39.164 DELETED - TRACK LIMITS AT TURN 17 LAP 9 17:16:40	CAR 77 (BOT) TIME 1:39.164 DELETED - TRACK LIMITS AT TURN 17 LAP 9 17:16:40
09-11 23:19:45	2026-09-11T15:19:45.908014+00:00		Other				2026-09-11T15:19:44|Other|CAR 22 (TSU) LAP DELETED - TRACK LIMITS AT TURN 18 LAP 9 17:16:53 (PIT)	CAR 22 (TSU) LAP DELETED - TRACK LIMITS AT TURN 18 LAP 9 17:16:53 (PIT)	CAR 22 (TSU) LAP DELETED - TRACK LIMITS AT TURN 18 LAP 9 17:16:53 (PIT)
09-11 23:19:58	2026-09-11T15:19:58.923740+00:00		Other				2026-09-11T15:19:57|Other|CAR 77 (BOT) LAP DELETED - TRACK LIMITS AT TURN 1 LAP 10 17:17:18 (PIT)	CAR 77 (BOT) LAP DELETED - TRACK LIMITS AT TURN 1 LAP 10 17:17:18 (PIT)	CAR 77 (BOT) LAP DELETED - TRACK LIMITS AT TURN 1 LAP 10 17:17:18 (PIT)
09-11 23:24:58	2026-09-11T15:24:58.211845+00:00		Other				2026-09-11T15:24:56|Other|YELLOW IN PIT LANE	YELLOW IN PIT LANE	YELLOW IN PIT LANE
09-11 23:25:47	2026-09-11T15:25:47.670954+00:00		Other				2026-09-11T15:25:45|Other|PIT LANE CLEAR	PIT LANE CLEAR	PIT LANE CLEAR
09-11 23:33:38	2026-09-11T15:33:38.508116+00:00		Other				2026-09-11T15:33:36|Other|CAR 14 (ALO) TIME 1:37.900 DELETED - TRACK LIMITS AT TURN 17 LAP 3 17:26:50	CAR 14 (ALO) TIME 1:37.900 DELETED - TRACK LIMITS AT TURN 17 LAP 3 17:26:50	CAR 14 (ALO) TIME 1:37.900 DELETED - TRACK LIMITS AT TURN 17 LAP 3 17:26:50
09-11 23:34:23	2026-09-11T15:34:23.176404+00:00		Other				2026-09-11T15:34:21|Other|CAR 14 (ALO) TIME 1:37.476 DELETED - TRACK LIMITS AT TURN 17 LAP 5 17:30:35	CAR 14 (ALO) TIME 1:37.476 DELETED - TRACK LIMITS AT TURN 17 LAP 5 17:30:35	CAR 14 (ALO) TIME 1:37.476 DELETED - TRACK LIMITS AT TURN 17 LAP 5 17:30:35
09-11 23:35:21	2026-09-11T15:35:21.789052+00:00	YELLOW	Flag	Sector	17		2026-09-11T15:35:19|Flag|YELLOW IN TRACK SECTOR 17	YELLOW IN TRACK SECTOR 17	YELLOW IN TRACK SECTOR 17
09-11 23:35:21	2026-09-11T15:35:21.791177+00:00	YELLOW	Flag	Sector	16		2026-09-11T15:35:19|Flag|YELLOW IN TRACK SECTOR 16	YELLOW IN TRACK SECTOR 16	YELLOW IN TRACK SECTOR 16
09-11 23:35:26	2026-09-11T15:35:26.945669+00:00	DOUBLE YELLOW	Flag	Sector	17		2026-09-11T15:35:25|Flag|DOUBLE YELLOW IN TRACK SECTOR 17	DOUBLE YELLOW IN TRACK SECTOR 17	DOUBLE YELLOW IN TRACK SECTOR 17
09-11 23:35:32	2026-09-11T15:35:32.200598+00:00	YELLOW	Flag	Sector	15		2026-09-11T15:35:30|Flag|YELLOW IN TRACK SECTOR 15	YELLOW IN TRACK SECTOR 15	YELLOW IN TRACK SECTOR 15
09-11 23:35:32	2026-09-11T15:35:32.243041+00:00	DOUBLE YELLOW	Flag	Sector	15		2026-09-11T15:35:30|Flag|DOUBLE YELLOW IN TRACK SECTOR 15	DOUBLE YELLOW IN TRACK SECTOR 15	DOUBLE YELLOW IN TRACK SECTOR 15
09-11 23:35:32	2026-09-11T15:35:32.299271+00:00	DOUBLE YELLOW	Flag	Sector	14		2026-09-11T15:35:30|Flag|DOUBLE YELLOW IN TRACK SECTOR 14	DOUBLE YELLOW IN TRACK SECTOR 14	DOUBLE YELLOW IN TRACK SECTOR 14
09-11 23:35:32	2026-09-11T15:35:32.563270+00:00	DOUBLE YELLOW	Flag	Sector	13		2026-09-11T15:35:30|Flag|DOUBLE YELLOW IN TRACK SECTOR 13	DOUBLE YELLOW IN TRACK SECTOR 13	DOUBLE YELLOW IN TRACK SECTOR 13
09-11 23:35:32	2026-09-11T15:35:32.565054+00:00	DOUBLE YELLOW	Flag	Sector	12		2026-09-11T15:35:30|Flag|DOUBLE YELLOW IN TRACK SECTOR 12	DOUBLE YELLOW IN TRACK SECTOR 12	DOUBLE YELLOW IN TRACK SECTOR 12
09-11 23:35:33	2026-09-11T15:35:33.359405+00:00	RED	Flag	Track			2026-09-11T15:35:31|Flag|RED FLAG	RED FLAG	RED FLAG
09-11 23:35:33	2026-09-11T15:35:33.361903+00:00	CLEAR	Flag	Sector	12		2026-09-11T15:35:31|Flag|CLEAR IN TRACK SECTOR 12	CLEAR IN TRACK SECTOR 12	CLEAR IN TRACK SECTOR 12
09-11 23:35:33	2026-09-11T15:35:33.372276+00:00	CLEAR	Flag	Sector	13		2026-09-11T15:35:31|Flag|CLEAR IN TRACK SECTOR 13	CLEAR IN TRACK SECTOR 13	CLEAR IN TRACK SECTOR 13
09-11 23:35:33	2026-09-11T15:35:33.397310+00:00	CLEAR	Flag	Sector	14		2026-09-11T15:35:31|Flag|CLEAR IN TRACK SECTOR 14	CLEAR IN TRACK SECTOR 14	CLEAR IN TRACK SECTOR 14
09-11 23:35:33	2026-09-11T15:35:33.515870+00:00	CLEAR	Flag	Sector	15		2026-09-11T15:35:31|Flag|CLEAR IN TRACK SECTOR 15	CLEAR IN TRACK SECTOR 15	CLEAR IN TRACK SECTOR 15
09-11 23:35:33	2026-09-11T15:35:33.580480+00:00	CLEAR	Flag	Sector	16		2026-09-11T15:35:31|Flag|CLEAR IN TRACK SECTOR 16	CLEAR IN TRACK SECTOR 16	CLEAR IN TRACK SECTOR 16
09-11 23:35:33	2026-09-11T15:35:33.582304+00:00	CLEAR	Flag	Sector	17		2026-09-11T15:35:31|Flag|CLEAR IN TRACK SECTOR 17	CLEAR IN TRACK SECTOR 17	CLEAR IN TRACK SECTOR 17
09-11 23:36:10	2026-09-11T15:36:10.006181+00:00		Other				2026-09-11T15:36:08|Other|CAR 23 (ALB) TIME 2:30.527 DELETED - TRACK LIMITS AT TURN 18 LAP 14 17:33:04	CAR 23 (ALB) TIME 2:30.527 DELETED - TRACK LIMITS AT TURN 18 LAP 14 17:33:04	CAR 23 (ALB) TIME 2:30.527 DELETED - TRACK LIMITS AT TURN 18 LAP 14 17:33:04
09-11 23:36:20	2026-09-11T15:36:20.114089+00:00		Other				2026-09-11T15:36:18|Other|CAR 18 (STR) TIME 2:40.130 DELETED - TRACK LIMITS AT TURN 11 LAP 14 17:33:19	CAR 18 (STR) TIME 2:40.130 DELETED - TRACK LIMITS AT TURN 11 LAP 14 17:33:19	CAR 18 (STR) TIME 2:40.130 DELETED - TRACK LIMITS AT TURN 11 LAP 14 17:33:19
09-11 23:38:31	2026-09-11T15:38:31.251567+00:00	CLEAR	Flag	Track			2026-09-11T15:38:29|Flag|TRACK CLEAR	TRACK CLEAR	TRACK CLEAR
09-11 23:38:32	2026-09-11T15:38:32.199045+00:00	DOUBLE YELLOW	Flag	Sector	24		2026-09-11T15:38:30|Flag|DOUBLE YELLOW IN TRACK SECTOR 24	DOUBLE YELLOW IN TRACK SECTOR 24	DOUBLE YELLOW IN TRACK SECTOR 24
09-11 23:38:32	2026-09-11T15:38:32.737895+00:00	YELLOW	Flag	Sector	23		2026-09-11T15:38:30|Flag|YELLOW IN TRACK SECTOR 23	YELLOW IN TRACK SECTOR 23	YELLOW IN TRACK SECTOR 23
09-11 23:38:40	2026-09-11T15:38:40.167367+00:00	DOUBLE YELLOW	Flag	Sector	17		2026-09-11T15:38:38|Flag|DOUBLE YELLOW IN TRACK SECTOR 17	DOUBLE YELLOW IN TRACK SECTOR 17	DOUBLE YELLOW IN TRACK SECTOR 17
09-11 23:38:40	2026-09-11T15:38:40.208640+00:00	YELLOW	Flag	Sector	16		2026-09-11T15:38:38|Flag|YELLOW IN TRACK SECTOR 16	YELLOW IN TRACK SECTOR 16	YELLOW IN TRACK SECTOR 16
09-11 23:38:44	2026-09-11T15:38:44.817138+00:00		Other				2026-09-11T15:38:43|Other|OVERTAKE ENABLED	OVERTAKE ENABLED	OVERTAKE ENABLED
09-11 23:41:28	2026-09-11T15:41:28.036938+00:00	CLEAR	Flag	Sector	23		2026-09-11T15:41:26|Flag|CLEAR IN TRACK SECTOR 23	CLEAR IN TRACK SECTOR 23	CLEAR IN TRACK SECTOR 23
09-11 23:41:34	2026-09-11T15:41:34.309471+00:00	CLEAR	Flag	Sector	16		2026-09-11T15:41:32|Flag|CLEAR IN TRACK SECTOR 16	CLEAR IN TRACK SECTOR 16	CLEAR IN TRACK SECTOR 16
09-11 23:41:46	2026-09-11T15:41:46.358035+00:00		Other				2026-09-11T15:41:44|Other|CAR 10 (GAS) LAP DELETED - TRACK LIMITS AT TURN 18 LAP 11 17:37:32 (PIT)	CAR 10 (GAS) LAP DELETED - TRACK LIMITS AT TURN 18 LAP 11 17:37:32 (PIT)	CAR 10 (GAS) LAP DELETED - TRACK LIMITS AT TURN 18 LAP 11 17:37:32 (PIT)
09-11 23:42:16	2026-09-11T15:42:16.312822+00:00	CLEAR	Flag	Sector	24		2026-09-11T15:42:13|Flag|CLEAR IN TRACK SECTOR 24	CLEAR IN TRACK SECTOR 24	CLEAR IN TRACK SECTOR 24
09-11 23:45:10	2026-09-11T15:45:10.040253+00:00	CLEAR	Flag	Sector	17		2026-09-11T15:45:08|Flag|CLEAR IN TRACK SECTOR 17	CLEAR IN TRACK SECTOR 17	CLEAR IN TRACK SECTOR 17
09-11 23:45:23	2026-09-11T15:45:23.345594+00:00		Other				2026-09-11T15:45:21|Other|SESSION WILL RESUME AT 17:47	SESSION WILL RESUME AT 17:47	SESSION WILL RESUME AT 17:47
09-11 23:47:02	2026-09-11T15:47:02.431637+00:00	GREEN	Flag	Track			2026-09-11T15:47:00|Flag|GREEN LIGHT - PIT EXIT OPEN	GREEN LIGHT - PIT EXIT OPEN	GREEN LIGHT - PIT EXIT OPEN
09-11 23:51:01	2026-09-11T15:51:01.300049+00:00		Other				2026-09-11T15:50:59|Other|CAR 5 (BOR) TIME 1:40.724 DELETED - TRACK LIMITS AT TURN 6 LAP 17 17:49:23	CAR 5 (BOR) TIME 1:40.724 DELETED - TRACK LIMITS AT TURN 6 LAP 17 17:49:23	CAR 5 (BOR) TIME 1:40.724 DELETED - TRACK LIMITS AT TURN 6 LAP 17 17:49:23
09-11 23:51:17	2026-09-11T15:51:17.556128+00:00		Other				2026-09-11T15:51:15|Other|CAR 27 (HUL) TIME 1:48.552 DELETED - TRACK LIMITS AT TURN 6 LAP 15 17:49:38	CAR 27 (HUL) TIME 1:48.552 DELETED - TRACK LIMITS AT TURN 6 LAP 15 17:49:38	CAR 27 (HUL) TIME 1:48.552 DELETED - TRACK LIMITS AT TURN 6 LAP 15 17:49:38
09-11 23:52:48	2026-09-11T15:52:48.133193+00:00		Other				2026-09-11T15:52:46|Other|CAR 23 (ALB) TIME 1:41.767 DELETED - TRACK LIMITS AT TURN 5 LAP 17 17:50:37	CAR 23 (ALB) TIME 1:41.767 DELETED - TRACK LIMITS AT TURN 5 LAP 17 17:50:37	CAR 23 (ALB) TIME 1:41.767 DELETED - TRACK LIMITS AT TURN 5 LAP 17 17:50:37
09-11 23:52:57	2026-09-11T15:52:57.254748+00:00		Other				2026-09-11T15:52:54|Other|CAR 18 (STR) TIME 1:44.758 DELETED - TRACK LIMITS AT TURN 6 LAP 17 17:50:46	CAR 18 (STR) TIME 1:44.758 DELETED - TRACK LIMITS AT TURN 6 LAP 17 17:50:46	CAR 18 (STR) TIME 1:44.758 DELETED - TRACK LIMITS AT TURN 6 LAP 17 17:50:46
09-11 23:53:20	2026-09-11T15:53:20.499256+00:00		Other				2026-09-11T15:53:18|Other|CAR 16 (LEC) TIME 1:42.973 DELETED - TRACK LIMITS AT TURN 6 LAP 19 17:51:39	CAR 16 (LEC) TIME 1:42.973 DELETED - TRACK LIMITS AT TURN 6 LAP 19 17:51:39	CAR 16 (LEC) TIME 1:42.973 DELETED - TRACK LIMITS AT TURN 6 LAP 19 17:51:39
09-11 23:54:27	2026-09-11T15:54:27.451153+00:00		Other				2026-09-11T15:54:25|Other|CAR 87 (BEA) TIME 1:40.839 DELETED - TRACK LIMITS AT TURN 17 LAP 20 17:53:42	CAR 87 (BEA) TIME 1:40.839 DELETED - TRACK LIMITS AT TURN 17 LAP 20 17:53:42	CAR 87 (BEA) TIME 1:40.839 DELETED - TRACK LIMITS AT TURN 17 LAP 20 17:53:42
09-11 23:55:21	2026-09-11T15:55:21.592496+00:00		Other				2026-09-11T15:55:19|Other|CAR 27 (HUL) LAP DELETED - TRACK LIMITS AT TURN 17 LAP 17 17:54:19 (PIT)	CAR 27 (HUL) LAP DELETED - TRACK LIMITS AT TURN 17 LAP 17 17:54:19 (PIT)	CAR 27 (HUL) LAP DELETED - TRACK LIMITS AT TURN 17 LAP 17 17:54:19 (PIT)
09-11 23:57:54	2026-09-11T15:57:54.593767+00:00		Other				2026-09-11T15:57:52|Other|CAR 81 (PIA) TIME 1:55.120 DELETED - TRACK LIMITS AT TURN 7 LAP 20 17:55:23	CAR 81 (PIA) TIME 1:55.120 DELETED - TRACK LIMITS AT TURN 7 LAP 20 17:55:23	CAR 81 (PIA) TIME 1:55.120 DELETED - TRACK LIMITS AT TURN 7 LAP 20 17:55:23
09-11 23:57:59	2026-09-11T15:57:59.899519+00:00		Other				2026-09-11T15:57:58|Other|CAR 22 (TSU) TIME 1:40.885 DELETED - TRACK LIMITS AT TURN 18 LAP 20 17:54:21	CAR 22 (TSU) TIME 1:40.885 DELETED - TRACK LIMITS AT TURN 18 LAP 20 17:54:21	CAR 22 (TSU) TIME 1:40.885 DELETED - TRACK LIMITS AT TURN 18 LAP 20 17:54:21
09-11 23:58:55	2026-09-11T15:58:55.514734+00:00		Other				2026-09-11T15:58:53|Other|CAR 22 (TSU) TIME 1:44.035 DELETED - TRACK LIMITS AT TURN 18 LAP 21 17:56:03	CAR 22 (TSU) TIME 1:44.035 DELETED - TRACK LIMITS AT TURN 18 LAP 21 17:56:03	CAR 22 (TSU) TIME 1:44.035 DELETED - TRACK LIMITS AT TURN 18 LAP 21 17:56:03
09-11 23:58:58	2026-09-11T15:58:58+00:00		Other				2026-09-11T15:58:53|Other|CAR 22 (TSU) TIME 1:44.035 DELETED - TRACK LIMITS AT TURN 18 LAP 21 17:56:03	CAR 22 (TSU) TIME 1:44.035 DELETED - TRACK LIMITS AT TURN 18 LAP 21 17:56:03	CAR 22 (TSU) TIME 1:44.035 DELETED - TRACK LIMITS AT TURN 18 LAP 21 17:56:03
09-11 23:59:31	2026-09-11T15:59:31.844283+00:00		Other				2026-09-11T15:59:30|Other|CAR 55 (SAI) LAP DELETED - TRACK LIMITS AT TURN 1 LAP 22 17:56:47 (PIT)	CAR 55 (SAI) LAP DELETED - TRACK LIMITS AT TURN 1 LAP 22 17:56:47 (PIT)	CAR 55 (SAI) LAP DELETED - TRACK LIMITS AT TURN 1 LAP 22 17:56:47 (PIT)
09-11 23:59:48	2026-09-11T15:59:48.542684+00:00		Other				2026-09-11T15:59:46|Other|CAR 10 (GAS) TIME 1:42.569 DELETED - TRACK LIMITS AT TURN 6 LAP 18 17:57:45	CAR 10 (GAS) TIME 1:42.569 DELETED - TRACK LIMITS AT TURN 6 LAP 18 17:57:45	CAR 10 (GAS) TIME 1:42.569 DELETED - TRACK LIMITS AT TURN 6 LAP 18 17:57:45
09-12 00:00:02	2026-09-11T16:00:02.465542+00:00	CHEQUERED	Flag	Track			2026-09-11T16:00:00|Flag|CHEQUERED FLAG	CHEQUERED FLAG	CHEQUERED FLAG
09-12 00:00:24	2026-09-11T16:00:24.666148+00:00		Other				2026-09-11T16:00:22|Other|FIRST CAR TO TAKE THE FLAG - CAR 12 (ANT)	FIRST CAR TO TAKE THE FLAG - CAR 12 (ANT)	FIRST CAR TO TAKE THE FLAG - CAR 12 (ANT)
09-12 00:01:12	2026-09-11T16:01:12.004087+00:00		Other				2026-09-11T16:01:10|Other|CAR 81 (PIA) TIME 1:44.045 DELETED - TRACK LIMITS AT TURN 18 LAP 21 17:58:01	CAR 81 (PIA) TIME 1:44.045 DELETED - TRACK LIMITS AT TURN 18 LAP 21 17:58:01	CAR 81 (PIA) TIME 1:44.045 DELETED - TRACK LIMITS AT TURN 18 LAP 21 17:58:01
09-12 00:02:45	2026-09-11T16:02:45.192262+00:00		Other				2026-09-11T16:02:43|Other|CAR 18 (STR) LAP DELETED - TRACK LIMITS AT TURN 18 LAP 21 17:59:03 (PIT)	CAR 18 (STR) LAP DELETED - TRACK LIMITS AT TURN 18 LAP 21 17:59:03 (PIT)	CAR 18 (STR) LAP DELETED - TRACK LIMITS AT TURN 18 LAP 21 17:59:03 (PIT)
09-12 00:02:54	2026-09-11T16:02:54.084400+00:00		Other				2026-09-11T16:02:52|Other|CAR 16 (LEC) TIME 1:42.182 DELETED - TRACK LIMITS AT TURN 17 LAP 23 17:59:13	CAR 16 (LEC) TIME 1:42.182 DELETED - TRACK LIMITS AT TURN 17 LAP 23 17:59:13	CAR 16 (LEC) TIME 1:42.182 DELETED - TRACK LIMITS AT TURN 17 LAP 23 17:59:13
09-12 00:03:14	2026-09-11T16:03:14.797913+00:00		Other				2026-09-11T16:03:13|Other|CAR 81 (PIA) TIME 1:41.465 DELETED - TRACK LIMITS AT TURN 18 LAP 22 17:59:43	CAR 81 (PIA) TIME 1:41.465 DELETED - TRACK LIMITS AT TURN 18 LAP 22 17:59:43	CAR 81 (PIA) TIME 1:41.465 DELETED - TRACK LIMITS AT TURN 18 LAP 22 17:59:43
09-12 00:04:12	2026-09-11T16:04:12.708236+00:00		Other				2026-09-11T16:04:10|Other|CAR 22 (TSU) TIME 1:38.759 DELETED - TRACK LIMITS AT TURN 18 LAP 24 18:01:07	CAR 22 (TSU) TIME 1:38.759 DELETED - TRACK LIMITS AT TURN 18 LAP 24 18:01:07	CAR 22 (TSU) TIME 1:38.759 DELETED - TRACK LIMITS AT TURN 18 LAP 24 18:01:07
09-12 00:04:35	2026-09-11T16:04:35.884655+00:00		Other				2026-09-11T16:04:34|Other|CAR 14 (ALO) TIME 2:08.620 DELETED - TRACK LIMITS AT TURN 6 LAP 15 18:00:53	CAR 14 (ALO) TIME 2:08.620 DELETED - TRACK LIMITS AT TURN 6 LAP 15 18:00:53	CAR 14 (ALO) TIME 2:08.620 DELETED - TRACK LIMITS AT TURN 6 LAP 15 18:00:53
09-12 00:04:36	2026-09-11T16:04:36.540477+00:00		Other				2026-09-11T16:04:34|Other|CAR 14 (ALO) TIME 2:08.620 DELETED - TRACK LIMITS AT TURN 18 LAP 15 18:01:58	CAR 14 (ALO) TIME 2:08.620 DELETED - TRACK LIMITS AT TURN 18 LAP 15 18:01:58	CAR 14 (ALO) TIME 2:08.620 DELETED - TRACK LIMITS AT TURN 18 LAP 15 18:01:58
09-12 00:09:58	2026-09-11T16:09:58.162581+00:00	YELLOW	Flag	Sector	17		2026-09-11T16:09:56|Flag|YELLOW IN TRACK SECTOR 17	YELLOW IN TRACK SECTOR 17	YELLOW IN TRACK SECTOR 17
09-12 00:10:01	2026-09-11T16:10:01.406346+00:00	DOUBLE YELLOW	Flag	Sector	3		2026-09-11T16:09:59|Flag|DOUBLE YELLOW IN TRACK SECTOR 3	DOUBLE YELLOW IN TRACK SECTOR 3	DOUBLE YELLOW IN TRACK SECTOR 3
09-12 00:10:06	2026-09-11T16:10:06.175195+00:00		Other				2026-09-11T16:10:04|Other|RISK OF RAIN FOR F3 QUALIFYING IS 0%	RISK OF RAIN FOR F3 QUALIFYING IS 0%	RISK OF RAIN FOR F3 QUALIFYING IS 0%
09-12 00:10:09	2026-09-11T16:10:09.460022+00:00	YELLOW	Flag	Sector	25		2026-09-11T16:10:07|Flag|YELLOW IN TRACK SECTOR 25	YELLOW IN TRACK SECTOR 25	YELLOW IN TRACK SECTOR 25
09-12 00:10:16	2026-09-11T16:10:16.642924+00:00	DOUBLE YELLOW	Flag	Sector	10		2026-09-11T16:10:14|Flag|DOUBLE YELLOW IN TRACK SECTOR 10	DOUBLE YELLOW IN TRACK SECTOR 10	DOUBLE YELLOW IN TRACK SECTOR 10
09-12 00:10:36	2026-09-11T16:10:36.926540+00:00	DOUBLE YELLOW	Flag	Sector	23		2026-09-11T16:10:35|Flag|DOUBLE YELLOW IN TRACK SECTOR 23	DOUBLE YELLOW IN TRACK SECTOR 23	DOUBLE YELLOW IN TRACK SECTOR 23
09-12 00:10:46	2026-09-11T16:10:46.594969+00:00	DOUBLE YELLOW	Flag	Sector	24		2026-09-11T16:10:44|Flag|DOUBLE YELLOW IN TRACK SECTOR 24	DOUBLE YELLOW IN TRACK SECTOR 24	DOUBLE YELLOW IN TRACK SECTOR 24
09-12 00:10:58	2026-09-11T16:10:58.187082+00:00	YELLOW	Flag	Sector	26		2026-09-11T16:10:56|Flag|YELLOW IN TRACK SECTOR 26	YELLOW IN TRACK SECTOR 26	YELLOW IN TRACK SECTOR 26
09-12 00:11:06	2026-09-11T16:11:06.360568+00:00	DOUBLE YELLOW	Flag	Sector	11		2026-09-11T16:11:04|Flag|DOUBLE YELLOW IN TRACK SECTOR 11	DOUBLE YELLOW IN TRACK SECTOR 11	DOUBLE YELLOW IN TRACK SECTOR 11
09-12 00:11:07	2026-09-11T16:11:07.298458+00:00	DOUBLE YELLOW	Flag	Sector	21		2026-09-11T16:11:05|Flag|DOUBLE YELLOW IN TRACK SECTOR 21	DOUBLE YELLOW IN TRACK SECTOR 21	DOUBLE YELLOW IN TRACK SECTOR 21
09-12 00:11:14	2026-09-11T16:11:14.360959+00:00	DOUBLE YELLOW	Flag	Sector	18		2026-09-11T16:11:12|Flag|DOUBLE YELLOW IN TRACK SECTOR 18	DOUBLE YELLOW IN TRACK SECTOR 18	DOUBLE YELLOW IN TRACK SECTOR 18
09-12 00:11:16	2026-09-11T16:11:16.970289+00:00	DOUBLE YELLOW	Flag	Sector	6		2026-09-11T16:11:15|Flag|DOUBLE YELLOW IN TRACK SECTOR 6	DOUBLE YELLOW IN TRACK SECTOR 6	DOUBLE YELLOW IN TRACK SECTOR 6
09-12 00:11:33	2026-09-11T16:11:33.740522+00:00	DOUBLE YELLOW	Flag	Sector	15		2026-09-11T16:11:32|Flag|DOUBLE YELLOW IN TRACK SECTOR 15	DOUBLE YELLOW IN TRACK SECTOR 15	DOUBLE YELLOW IN TRACK SECTOR 15
09-12 00:11:34	2026-09-11T16:11:34.232902+00:00	CLEAR	Flag	Sector	17		2026-09-11T16:11:32|Flag|CLEAR IN TRACK SECTOR 17	CLEAR IN TRACK SECTOR 17	CLEAR IN TRACK SECTOR 17
09-12 00:11:34	2026-09-11T16:11:34.850862+00:00	DOUBLE YELLOW	Flag	Sector	17		2026-09-11T16:11:33|Flag|DOUBLE YELLOW IN TRACK SECTOR 17	DOUBLE YELLOW IN TRACK SECTOR 17	DOUBLE YELLOW IN TRACK SECTOR 17
09-12 00:11:39	2026-09-11T16:11:39.393667+00:00	DOUBLE YELLOW	Flag	Sector	9		2026-09-11T16:11:37|Flag|DOUBLE YELLOW IN TRACK SECTOR 9	DOUBLE YELLOW IN TRACK SECTOR 9	DOUBLE YELLOW IN TRACK SECTOR 9
09-12 00:11:54	2026-09-11T16:11:54.165666+00:00	DOUBLE YELLOW	Flag	Sector	8		2026-09-11T16:11:52|Flag|DOUBLE YELLOW IN TRACK SECTOR 8	DOUBLE YELLOW IN TRACK SECTOR 8	DOUBLE YELLOW IN TRACK SECTOR 8
09-12 00:12:00	2026-09-11T16:12:00.711126+00:00	DOUBLE YELLOW	Flag	Sector	4		2026-09-11T16:11:59|Flag|DOUBLE YELLOW IN TRACK SECTOR 4	DOUBLE YELLOW IN TRACK SECTOR 4	DOUBLE YELLOW IN TRACK SECTOR 4
09-12 00:12:06	2026-09-11T16:12:06.217742+00:00	CLEAR	Flag	Sector	11		2026-09-11T16:12:04|Flag|CLEAR IN TRACK SECTOR 11	CLEAR IN TRACK SECTOR 11	CLEAR IN TRACK SECTOR 11
09-12 00:12:36	2026-09-11T16:12:36.377952+00:00	CLEAR	Flag	Sector	10		2026-09-11T16:12:34|Flag|CLEAR IN TRACK SECTOR 10	CLEAR IN TRACK SECTOR 10	CLEAR IN TRACK SECTOR 10
09-12 00:13:15	2026-09-11T16:13:15.489811+00:00	DOUBLE YELLOW	Flag	Sector	1		2026-09-11T16:13:13|Flag|DOUBLE YELLOW IN TRACK SECTOR 1	DOUBLE YELLOW IN TRACK SECTOR 1	DOUBLE YELLOW IN TRACK SECTOR 1
09-12 00:13:40	2026-09-11T16:13:40.173790+00:00	DOUBLE YELLOW	Flag	Sector	2		2026-09-11T16:13:38|Flag|DOUBLE YELLOW IN TRACK SECTOR 2	DOUBLE YELLOW IN TRACK SECTOR 2	DOUBLE YELLOW IN TRACK SECTOR 2
09-12 00:13:43	2026-09-11T16:13:43.224806+00:00	DOUBLE YELLOW	Flag	Sector	22		2026-09-11T16:13:41|Flag|DOUBLE YELLOW IN TRACK SECTOR 22	DOUBLE YELLOW IN TRACK SECTOR 22	DOUBLE YELLOW IN TRACK SECTOR 22
09-12 00:14:01	2026-09-11T16:14:01.786574+00:00	DOUBLE YELLOW	Flag	Sector	5		2026-09-11T16:13:59|Flag|DOUBLE YELLOW IN TRACK SECTOR 5	DOUBLE YELLOW IN TRACK SECTOR 5	DOUBLE YELLOW IN TRACK SECTOR 5
09-12 00:14:08	2026-09-11T16:14:08.883830+00:00	DOUBLE YELLOW	Flag	Sector	25		2026-09-11T16:14:07|Flag|DOUBLE YELLOW IN TRACK SECTOR 25	DOUBLE YELLOW IN TRACK SECTOR 25	DOUBLE YELLOW IN TRACK SECTOR 25
09-12 18:26:15	2026-09-12T10:26:15.952776+00:00	CLEAR	Flag	Sector	16		2026-09-12T10:26:14|Flag|CLEAR IN TRACK SECTOR 16	CLEAR IN TRACK SECTOR 16	CLEAR IN TRACK SECTOR 16
09-12 18:30:02	2026-09-12T10:30:02.384080+00:00	GREEN	Flag	Track			2026-09-12T10:30:00|Flag|GREEN LIGHT - PIT EXIT OPEN	GREEN LIGHT - PIT EXIT OPEN	GREEN LIGHT - PIT EXIT OPEN
09-12 18:40:42	2026-09-12T10:40:42.979608+00:00		Other				2026-09-12T10:40:41|Other|CAR 55 (SAI) LAP DELETED - TRACK LIMITS AT TURN 17 LAP 2 12:39:02	CAR 55 (SAI) LAP DELETED - TRACK LIMITS AT TURN 17 LAP 2 12:39:02	CAR 55 (SAI) LAP DELETED - TRACK LIMITS AT TURN 17 LAP 2 12:39:02
09-12 18:43:26	2026-09-12T10:43:26.852524+00:00		Other				2026-09-12T10:43:25|Other|TURN 1 INCIDENT INVOLVING CAR 5 (BOR) NOTED - FAILING TO FOLLOW RACE DIRECTORS INSTRUCTIONS – ESCAPE ROAD INSTRUCTIONS (12:41:13)	TURN 1 INCIDENT INVOLVING CAR 5 (BOR) NOTED - FAILING TO FOLLOW RACE DIRECTORS INSTRUCTIONS – ESCAPE ROAD INSTRUCTIONS (12:41:13)	TURN 1 INCIDENT INVOLVING CAR 5 (BOR) NOTED - FAILING TO FOLLOW RACE DIRECTORS INSTRUCTIONS – ESCAPE ROAD INSTRUCTIONS (12:41:13)
09-12 18:43:34	2026-09-12T10:43:34.806487+00:00		Other				2026-09-12T10:43:33|Other|CAR 5 (BOR) TIME 1:53.561 DELETED - TRACK LIMITS AT TURN 1 LAP 5 12:41:13	CAR 5 (BOR) TIME 1:53.561 DELETED - TRACK LIMITS AT TURN 1 LAP 5 12:41:13	CAR 5 (BOR) TIME 1:53.561 DELETED - TRACK LIMITS AT TURN 1 LAP 5 12:41:13
09-12 18:45:11	2026-09-12T10:45:11.104803+00:00		Other				2026-09-12T10:45:09|Other|FIA STEWARDS: TURN 1 INCIDENT INVOLVING CAR 5 (BOR) REVIEWED NO FURTHER INVESTIGATION - FAILING TO FOLLOW RACE DIRECTORS INSTRUCTIONS – ESCAPE ROAD INSTRUCTIONS (12:41:13)	FIA STEWARDS: TURN 1 INCIDENT INVOLVING CAR 5 (BOR) REVIEWED NO FURTHER INVESTIGATION - FAILING TO FOLLOW RACE DIRECTORS INSTRUCTIONS – ESCAPE ROAD INSTRUCTIONS (12:41:13)	FIA STEWARDS: TURN 1 INCIDENT INVOLVING CAR 5 (BOR) REVIEWED NO FURTHER INVESTIGATION - FAILING TO FOLLOW RACE DIRECTORS INSTRUCTIONS – ESCAPE ROAD INSTRUCTIONS (12:41:13)
09-12 18:45:56	2026-09-12T10:45:56.938799+00:00		Other				2026-09-12T10:45:53|Other|TURN 1 INCIDENT INVOLVING CAR 10 (GAS) NOTED - FAILING TO FOLLOW RACE DIRECTORS INSTRUCTIONS – ESCAPE ROAD INSTRUCTIONS (12:45:03)	TURN 1 INCIDENT INVOLVING CAR 10 (GAS) NOTED - FAILING TO FOLLOW RACE DIRECTORS INSTRUCTIONS – ESCAPE ROAD INSTRUCTIONS (12:45:03)	TURN 1 INCIDENT INVOLVING CAR 10 (GAS) NOTED - FAILING TO FOLLOW RACE DIRECTORS INSTRUCTIONS – ESCAPE ROAD INSTRUCTIONS (12:45:03)
09-12 18:46:20	2026-09-12T10:46:20.180292+00:00		Other				2026-09-12T10:46:18|Other|CAR 1 (NOR) TIME 1:57.686 DELETED - TRACK LIMITS AT TURN 5 LAP 3 12:44:16	CAR 1 (NOR) TIME 1:57.686 DELETED - TRACK LIMITS AT TURN 5 LAP 3 12:44:16	CAR 1 (NOR) TIME 1:57.686 DELETED - TRACK LIMITS AT TURN 5 LAP 3 12:44:16
09-12 18:46:23	2026-09-12T10:46:23.194297+00:00	DOUBLE YELLOW	Flag	Sector	8		2026-09-12T10:46:21|Flag|DOUBLE YELLOW IN TRACK SECTOR 8	DOUBLE YELLOW IN TRACK SECTOR 8	DOUBLE YELLOW IN TRACK SECTOR 8
09-12 18:46:23	2026-09-12T10:46:23.721925+00:00	YELLOW	Flag	Sector	7		2026-09-12T10:46:21|Flag|YELLOW IN TRACK SECTOR 7	YELLOW IN TRACK SECTOR 7	YELLOW IN TRACK SECTOR 7
09-12 18:46:31	2026-09-12T10:46:31.486521+00:00	CLEAR	Flag	Sector	7		2026-09-12T10:46:29|Flag|CLEAR IN TRACK SECTOR 7	CLEAR IN TRACK SECTOR 7	CLEAR IN TRACK SECTOR 7
09-12 18:46:32	2026-09-12T10:46:32.428434+00:00	CLEAR	Flag	Sector	8		2026-09-12T10:46:30|Flag|CLEAR IN TRACK SECTOR 8	CLEAR IN TRACK SECTOR 8	CLEAR IN TRACK SECTOR 8
09-12 18:47:13	2026-09-12T10:47:13.576909+00:00		Other				2026-09-12T10:47:11|Other|FIA STEWARDS: TURN 1 INCIDENT INVOLVING CAR 10 (GAS) REVIEWED NO FURTHER INVESTIGATION - FAILING TO FOLLOW RACE DIRECTORS INSTRUCTIONS – ESCAPE ROAD INSTRUCTIONS (12:45:03)	FIA STEWARDS: TURN 1 INCIDENT INVOLVING CAR 10 (GAS) REVIEWED NO FURTHER INVESTIGATION - FAILING TO FOLLOW RACE DIRECTORS INSTRUCTIONS – ESCAPE ROAD INSTRUCTIONS (12:45:03)	FIA STEWARDS: TURN 1 INCIDENT INVOLVING CAR 10 (GAS) REVIEWED NO FURTHER INVESTIGATION - FAILING TO FOLLOW RACE DIRECTORS INSTRUCTIONS – ESCAPE ROAD INSTRUCTIONS (12:45:03)
09-12 18:47:45	2026-09-12T10:47:45.459172+00:00		Other				2026-09-12T10:47:43|Other|CAR 10 (GAS) TIME 2:08.897 DELETED - TRACK LIMITS AT TURN 1 LAP 3 12:45:03	CAR 10 (GAS) TIME 2:08.897 DELETED - TRACK LIMITS AT TURN 1 LAP 3 12:45:03	CAR 10 (GAS) TIME 2:08.897 DELETED - TRACK LIMITS AT TURN 1 LAP 3 12:45:03
09-12 18:49:12	2026-09-12T10:49:12.360248+00:00		Other				2026-09-12T10:49:10|Other|TURN 1 INCIDENT INVOLVING CAR 12 (ANT) NOTED - FAILING TO FOLLOW RACE DIRECTORS INSTRUCTIONS – ESCAPE ROAD INSTRUCTIONS (12:45:15)	TURN 1 INCIDENT INVOLVING CAR 12 (ANT) NOTED - FAILING TO FOLLOW RACE DIRECTORS INSTRUCTIONS – ESCAPE ROAD INSTRUCTIONS (12:45:15)	TURN 1 INCIDENT INVOLVING CAR 12 (ANT) NOTED - FAILING TO FOLLOW RACE DIRECTORS INSTRUCTIONS – ESCAPE ROAD INSTRUCTIONS (12:45:15)
09-12 18:49:28	2026-09-12T10:49:28.877346+00:00		Other				2026-09-12T10:49:27|Other|CAR 12 (ANT) TIME 2:02.630 DELETED - TRACK LIMITS AT TURN 1 LAP 3 12:45:15	CAR 12 (ANT) TIME 2:02.630 DELETED - TRACK LIMITS AT TURN 1 LAP 3 12:45:15	CAR 12 (ANT) TIME 2:02.630 DELETED - TRACK LIMITS AT TURN 1 LAP 3 12:45:15
09-12 18:49:29	2026-09-12T10:49:29.853876+00:00	YELLOW	Flag	Sector	23		2026-09-12T10:49:28|Flag|YELLOW IN TRACK SECTOR 23	YELLOW IN TRACK SECTOR 23	YELLOW IN TRACK SECTOR 23
09-12 18:49:30	2026-09-12T10:49:30.381223+00:00	YELLOW	Flag	Sector	22		2026-09-12T10:49:28|Flag|YELLOW IN TRACK SECTOR 22	YELLOW IN TRACK SECTOR 22	YELLOW IN TRACK SECTOR 22
09-12 18:49:36	2026-09-12T10:49:36.720905+00:00	CLEAR	Flag	Sector	22		2026-09-12T10:49:34|Flag|CLEAR IN TRACK SECTOR 22	CLEAR IN TRACK SECTOR 22	CLEAR IN TRACK SECTOR 22
09-12 18:49:38	2026-09-12T10:49:38.103925+00:00	CLEAR	Flag	Sector	23		2026-09-12T10:49:36|Flag|CLEAR IN TRACK SECTOR 23	CLEAR IN TRACK SECTOR 23	CLEAR IN TRACK SECTOR 23
09-12 18:50:13	2026-09-12T10:50:13.004771+00:00		Other				2026-09-12T10:50:11|Other|CAR 18 (STR) LAP DELETED - TRACK LIMITS AT TURN 20 LAP 7 12:49:27 (PIT)	CAR 18 (STR) LAP DELETED - TRACK LIMITS AT TURN 20 LAP 7 12:49:27 (PIT)	CAR 18 (STR) LAP DELETED - TRACK LIMITS AT TURN 20 LAP 7 12:49:27 (PIT)
09-12 18:51:23	2026-09-12T10:51:23.890196+00:00		Other				2026-09-12T10:51:22|Other|TURN 1 INCIDENT INVOLVING CAR 43 (COL) NOTED - FAILING TO FOLLOW RACE DIRECTORS INSTRUCTIONS – ESCAPE ROAD INSTRUCTIONS (12:45:34)	TURN 1 INCIDENT INVOLVING CAR 43 (COL) NOTED - FAILING TO FOLLOW RACE DIRECTORS INSTRUCTIONS – ESCAPE ROAD INSTRUCTIONS (12:45:34)	TURN 1 INCIDENT INVOLVING CAR 43 (COL) NOTED - FAILING TO FOLLOW RACE DIRECTORS INSTRUCTIONS – ESCAPE ROAD INSTRUCTIONS (12:45:34)
09-12 18:51:28	2026-09-12T10:51:28.874581+00:00		Other				2026-09-12T10:51:27|Other|FIA STEWARDS: TURN 1 INCIDENT INVOLVING CAR 12 (ANT) REVIEWED NO FURTHER INVESTIGATION - FAILING TO FOLLOW RACE DIRECTORS INSTRUCTIONS – ESCAPE ROAD INSTRUCTIONS (12:45:15)	FIA STEWARDS: TURN 1 INCIDENT INVOLVING CAR 12 (ANT) REVIEWED NO FURTHER INVESTIGATION - FAILING TO FOLLOW RACE DIRECTORS INSTRUCTIONS – ESCAPE ROAD INSTRUCTIONS (12:45:15)	FIA STEWARDS: TURN 1 INCIDENT INVOLVING CAR 12 (ANT) REVIEWED NO FURTHER INVESTIGATION - FAILING TO FOLLOW RACE DIRECTORS INSTRUCTIONS – ESCAPE ROAD INSTRUCTIONS (12:45:15)
09-12 18:51:31	2026-09-12T10:51:31.653000+00:00		Other				2026-09-12T10:51:29|Other|CAR 43 (COL) TIME 2:02.457 DELETED - TRACK LIMITS AT TURN 1 LAP 6 12:45:34	CAR 43 (COL) TIME 2:02.457 DELETED - TRACK LIMITS AT TURN 1 LAP 6 12:45:34	CAR 43 (COL) TIME 2:02.457 DELETED - TRACK LIMITS AT TURN 1 LAP 6 12:45:34
09-12 18:52:27	2026-09-12T10:52:27.786736+00:00		Other				2026-09-12T10:52:26|Other|FIA STEWARDS: TURN 1 INCIDENT INVOLVING CAR 43 (COL) REVIEWED NO FURTHER INVESTIGATION - FAILING TO FOLLOW RACE DIRECTORS INSTRUCTIONS – ESCAPE ROAD INSTRUCTIONS (12:45:34)	FIA STEWARDS: TURN 1 INCIDENT INVOLVING CAR 43 (COL) REVIEWED NO FURTHER INVESTIGATION - FAILING TO FOLLOW RACE DIRECTORS INSTRUCTIONS – ESCAPE ROAD INSTRUCTIONS (12:45:34)	FIA STEWARDS: TURN 1 INCIDENT INVOLVING CAR 43 (COL) REVIEWED NO FURTHER INVESTIGATION - FAILING TO FOLLOW RACE DIRECTORS INSTRUCTIONS – ESCAPE ROAD INSTRUCTIONS (12:45:34)
09-12 18:52:41	2026-09-12T10:52:41.057556+00:00		Other				2026-09-12T10:52:39|Other|CAR 27 (HUL) TIME 1:59.529 DELETED - TRACK LIMITS AT TURN 1 LAP 7 12:45:51	CAR 27 (HUL) TIME 1:59.529 DELETED - TRACK LIMITS AT TURN 1 LAP 7 12:45:51	CAR 27 (HUL) TIME 1:59.529 DELETED - TRACK LIMITS AT TURN 1 LAP 7 12:45:51
09-12 18:52:58	2026-09-12T10:52:58.546183+00:00		Other				2026-09-12T10:52:56|Other|TURN 1 INCIDENT INVOLVING CAR 27 (HUL) NOTED - FAILING TO FOLLOW RACE DIRECTORS INSTRUCTIONS – ESCAPE ROAD INSTRUCTIONS (12:45:51)	TURN 1 INCIDENT INVOLVING CAR 27 (HUL) NOTED - FAILING TO FOLLOW RACE DIRECTORS INSTRUCTIONS – ESCAPE ROAD INSTRUCTIONS (12:45:51)	TURN 1 INCIDENT INVOLVING CAR 27 (HUL) NOTED - FAILING TO FOLLOW RACE DIRECTORS INSTRUCTIONS – ESCAPE ROAD INSTRUCTIONS (12:45:51)
09-12 18:53:02	2026-09-12T10:53:02.592404+00:00	DOUBLE YELLOW	Flag	Sector	25		2026-09-12T10:53:00|Flag|DOUBLE YELLOW IN TRACK SECTOR 25	DOUBLE YELLOW IN TRACK SECTOR 25	DOUBLE YELLOW IN TRACK SECTOR 25
09-12 18:53:02	2026-09-12T10:53:02.656560+00:00	YELLOW	Flag	Sector	24		2026-09-12T10:53:00|Flag|YELLOW IN TRACK SECTOR 24	YELLOW IN TRACK SECTOR 24	YELLOW IN TRACK SECTOR 24
09-12 18:53:03	2026-09-12T10:53:03.275617+00:00	DOUBLE YELLOW	Flag	Sector	26		2026-09-12T10:53:01|Flag|DOUBLE YELLOW IN TRACK SECTOR 26	DOUBLE YELLOW IN TRACK SECTOR 26	DOUBLE YELLOW IN TRACK SECTOR 26
09-12 18:53:14	2026-09-12T10:53:14.243499+00:00	CLEAR	Flag	Sector	24		2026-09-12T10:53:12|Flag|CLEAR IN TRACK SECTOR 24	CLEAR IN TRACK SECTOR 24	CLEAR IN TRACK SECTOR 24
09-12 18:53:19	2026-09-12T10:53:19.436781+00:00	RED	Flag	Track			2026-09-12T10:53:17|Flag|RED FLAG	RED FLAG	RED FLAG
09-12 18:53:19	2026-09-12T10:53:19.584307+00:00	CLEAR	Flag	Sector	25		2026-09-12T10:53:17|Flag|CLEAR IN TRACK SECTOR 25	CLEAR IN TRACK SECTOR 25	CLEAR IN TRACK SECTOR 25
09-12 18:53:19	2026-09-12T10:53:19.642054+00:00	CLEAR	Flag	Sector	26		2026-09-12T10:53:17|Flag|CLEAR IN TRACK SECTOR 26	CLEAR IN TRACK SECTOR 26	CLEAR IN TRACK SECTOR 26
09-12 18:54:59	2026-09-12T10:54:59.956643+00:00		Other				2026-09-12T10:54:57|Other|CAR 63 (RUS) TIME 2:18.248 DELETED - TRACK LIMITS AT TURN 5 LAP 3 12:46:28	CAR 63 (RUS) TIME 2:18.248 DELETED - TRACK LIMITS AT TURN 5 LAP 3 12:46:28	CAR 63 (RUS) TIME 2:18.248 DELETED - TRACK LIMITS AT TURN 5 LAP 3 12:46:28
09-12 18:55:00	2026-09-12T10:55:00.104423+00:00		Other				2026-09-12T10:54:58|Other|CAR 63 (RUS) TIME 2:18.248 DELETED - TRACK LIMITS AT TURN 11 LAP 3 12:46:54	CAR 63 (RUS) TIME 2:18.248 DELETED - TRACK LIMITS AT TURN 11 LAP 3 12:46:54	CAR 63 (RUS) TIME 2:18.248 DELETED - TRACK LIMITS AT TURN 11 LAP 3 12:46:54
09-12 18:56:17	2026-09-12T10:56:17.878975+00:00	CLEAR	Flag	Track			2026-09-12T10:56:16|Flag|TRACK CLEAR	TRACK CLEAR	TRACK CLEAR
09-12 18:56:23	2026-09-12T10:56:23.554951+00:00		Other				2026-09-12T10:56:21|Other|OVERTAKE ENABLED	OVERTAKE ENABLED	OVERTAKE ENABLED
09-12 18:56:34	2026-09-12T10:56:34.998356+00:00	DOUBLE YELLOW	Flag	Sector	2		2026-09-12T10:56:32|Flag|DOUBLE YELLOW IN TRACK SECTOR 2	DOUBLE YELLOW IN TRACK SECTOR 2	DOUBLE YELLOW IN TRACK SECTOR 2
09-12 18:56:35	2026-09-12T10:56:35.000404+00:00	YELLOW	Flag	Sector	1		2026-09-12T10:56:32|Flag|YELLOW IN TRACK SECTOR 1	YELLOW IN TRACK SECTOR 1	YELLOW IN TRACK SECTOR 1
09-12 18:56:36	2026-09-12T10:56:36.516816+00:00	DOUBLE YELLOW	Flag	Sector	25		2026-09-12T10:56:34|Flag|DOUBLE YELLOW IN TRACK SECTOR 25	DOUBLE YELLOW IN TRACK SECTOR 25	DOUBLE YELLOW IN TRACK SECTOR 25
09-12 18:56:37	2026-09-12T10:56:37.038950+00:00	YELLOW	Flag	Sector	24		2026-09-12T10:56:34|Flag|YELLOW IN TRACK SECTOR 24	YELLOW IN TRACK SECTOR 24	YELLOW IN TRACK SECTOR 24
09-12 18:56:39	2026-09-12T10:56:39.021677+00:00	DOUBLE YELLOW	Flag	Sector	26		2026-09-12T10:56:37|Flag|DOUBLE YELLOW IN TRACK SECTOR 26	DOUBLE YELLOW IN TRACK SECTOR 26	DOUBLE YELLOW IN TRACK SECTOR 26
09-12 18:56:42	2026-09-12T10:56:42.394720+00:00	CLEAR	Flag	Sector	1		2026-09-12T10:56:40|Flag|CLEAR IN TRACK SECTOR 1	CLEAR IN TRACK SECTOR 1	CLEAR IN TRACK SECTOR 1
09-12 18:56:44	2026-09-12T10:56:44.203195+00:00	CLEAR	Flag	Sector	24		2026-09-12T10:56:42|Flag|CLEAR IN TRACK SECTOR 24	CLEAR IN TRACK SECTOR 24	CLEAR IN TRACK SECTOR 24
09-12 18:56:50	2026-09-12T10:56:50.784436+00:00	DOUBLE YELLOW	Flag	Sector	7		2026-09-12T10:56:48|Flag|DOUBLE YELLOW IN TRACK SECTOR 7	DOUBLE YELLOW IN TRACK SECTOR 7	DOUBLE YELLOW IN TRACK SECTOR 7
09-12 18:56:50	2026-09-12T10:56:50.836792+00:00	YELLOW	Flag	Sector	6		2026-09-12T10:56:49|Flag|YELLOW IN TRACK SECTOR 6	YELLOW IN TRACK SECTOR 6	YELLOW IN TRACK SECTOR 6
09-12 18:56:56	2026-09-12T10:56:56.912071+00:00	DOUBLE YELLOW	Flag	Sector	10		2026-09-12T10:56:55|Flag|DOUBLE YELLOW IN TRACK SECTOR 10	DOUBLE YELLOW IN TRACK SECTOR 10	DOUBLE YELLOW IN TRACK SECTOR 10
09-12 18:56:56	2026-09-12T10:56:56.958911+00:00	YELLOW	Flag	Sector	9		2026-09-12T10:56:55|Flag|YELLOW IN TRACK SECTOR 9	YELLOW IN TRACK SECTOR 9	YELLOW IN TRACK SECTOR 9
09-12 18:56:57	2026-09-12T10:56:57.445288+00:00	DOUBLE YELLOW	Flag	Sector	16		2026-09-12T10:56:55|Flag|DOUBLE YELLOW IN TRACK SECTOR 16	DOUBLE YELLOW IN TRACK SECTOR 16	DOUBLE YELLOW IN TRACK SECTOR 16
09-12 18:56:57	2026-09-12T10:56:57.504229+00:00	DOUBLE YELLOW	Flag	Sector	15		2026-09-12T10:56:55|Flag|DOUBLE YELLOW IN TRACK SECTOR 15	DOUBLE YELLOW IN TRACK SECTOR 15	DOUBLE YELLOW IN TRACK SECTOR 15
09-12 18:56:57	2026-09-12T10:56:57.808606+00:00	DOUBLE YELLOW	Flag	Sector	14		2026-09-12T10:56:55|Flag|DOUBLE YELLOW IN TRACK SECTOR 14	DOUBLE YELLOW IN TRACK SECTOR 14	DOUBLE YELLOW IN TRACK SECTOR 14
09-12 18:56:57	2026-09-12T10:56:57.810407+00:00	DOUBLE YELLOW	Flag	Sector	13		2026-09-12T10:56:55|Flag|DOUBLE YELLOW IN TRACK SECTOR 13	DOUBLE YELLOW IN TRACK SECTOR 13	DOUBLE YELLOW IN TRACK SECTOR 13
09-12 18:56:57	2026-09-12T10:56:57.811868+00:00	DOUBLE YELLOW	Flag	Sector	12		2026-09-12T10:56:55|Flag|DOUBLE YELLOW IN TRACK SECTOR 12	DOUBLE YELLOW IN TRACK SECTOR 12	DOUBLE YELLOW IN TRACK SECTOR 12
09-12 18:57:00	2026-09-12T10:57:00.917555+00:00	DOUBLE YELLOW	Flag	Sector	5		2026-09-12T10:56:59|Flag|DOUBLE YELLOW IN TRACK SECTOR 5	DOUBLE YELLOW IN TRACK SECTOR 5	DOUBLE YELLOW IN TRACK SECTOR 5
09-12 18:57:00	2026-09-12T10:57:00.975405+00:00	YELLOW	Flag	Sector	4		2026-09-12T10:56:59|Flag|YELLOW IN TRACK SECTOR 4	YELLOW IN TRACK SECTOR 4	YELLOW IN TRACK SECTOR 4
09-12 18:57:06	2026-09-12T10:57:06.130139+00:00	CLEAR	Flag	Sector	4		2026-09-12T10:57:04|Flag|CLEAR IN TRACK SECTOR 4	CLEAR IN TRACK SECTOR 4	CLEAR IN TRACK SECTOR 4
09-12 18:57:06	2026-09-12T10:57:06.316337+00:00	DOUBLE YELLOW	Flag	Sector	6		2026-09-12T10:57:04|Flag|DOUBLE YELLOW IN TRACK SECTOR 6	DOUBLE YELLOW IN TRACK SECTOR 6	DOUBLE YELLOW IN TRACK SECTOR 6
09-12 18:57:10	2026-09-12T10:57:10.128710+00:00	CLEAR	Flag	Sector	9		2026-09-12T10:57:08|Flag|CLEAR IN TRACK SECTOR 9	CLEAR IN TRACK SECTOR 9	CLEAR IN TRACK SECTOR 9
09-12 18:57:13	2026-09-12T10:57:13.660594+00:00	CLEAR	Flag	Sector	16		2026-09-12T10:57:11|Flag|CLEAR IN TRACK SECTOR 16	CLEAR IN TRACK SECTOR 16	CLEAR IN TRACK SECTOR 16
09-12 18:57:14	2026-09-12T10:57:14.191403+00:00	DOUBLE YELLOW	Flag	Sector	8		2026-09-12T10:57:12|Flag|DOUBLE YELLOW IN TRACK SECTOR 8	DOUBLE YELLOW IN TRACK SECTOR 8	DOUBLE YELLOW IN TRACK SECTOR 8
09-12 18:57:23	2026-09-12T10:57:23.873246+00:00	DOUBLE YELLOW	Flag	Sector	3		2026-09-12T10:57:22|Flag|DOUBLE YELLOW IN TRACK SECTOR 3	DOUBLE YELLOW IN TRACK SECTOR 3	DOUBLE YELLOW IN TRACK SECTOR 3
09-12 18:57:26	2026-09-12T10:57:26.953937+00:00	DOUBLE YELLOW	Flag	Sector	17		2026-09-12T10:57:25|Flag|DOUBLE YELLOW IN TRACK SECTOR 17	DOUBLE YELLOW IN TRACK SECTOR 17	DOUBLE YELLOW IN TRACK SECTOR 17
09-12 18:57:27	2026-09-12T10:57:27.021854+00:00	YELLOW	Flag	Sector	16		2026-09-12T10:57:25|Flag|YELLOW IN TRACK SECTOR 16	YELLOW IN TRACK SECTOR 16	YELLOW IN TRACK SECTOR 16
09-12 18:57:31	2026-09-12T10:57:31.895762+00:00	CLEAR	Flag	Sector	10		2026-09-12T10:57:30|Flag|CLEAR IN TRACK SECTOR 10	CLEAR IN TRACK SECTOR 10	CLEAR IN TRACK SECTOR 10
09-12 18:57:36	2026-09-12T10:57:36.517736+00:00	DOUBLE YELLOW	Flag	Sector	1		2026-09-12T10:57:34|Flag|DOUBLE YELLOW IN TRACK SECTOR 1	DOUBLE YELLOW IN TRACK SECTOR 1	DOUBLE YELLOW IN TRACK SECTOR 1
09-12 18:57:39	2026-09-12T10:57:39.520125+00:00	DOUBLE YELLOW	Flag	Sector	9		2026-09-12T10:57:37|Flag|DOUBLE YELLOW IN TRACK SECTOR 9	DOUBLE YELLOW IN TRACK SECTOR 9	DOUBLE YELLOW IN TRACK SECTOR 9
09-12 18:57:39	2026-09-12T10:57:39.843174+00:00	CLEAR	Flag	Sector	16		2026-09-12T10:57:38|Flag|CLEAR IN TRACK SECTOR 16	CLEAR IN TRACK SECTOR 16	CLEAR IN TRACK SECTOR 16
09-12 18:57:45	2026-09-12T10:57:45.210978+00:00	DOUBLE YELLOW	Flag	Sector	4		2026-09-12T10:57:43|Flag|DOUBLE YELLOW IN TRACK SECTOR 4	DOUBLE YELLOW IN TRACK SECTOR 4	DOUBLE YELLOW IN TRACK SECTOR 4
09-12 18:58:06	2026-09-12T10:58:06.300905+00:00		Other				2026-09-12T10:58:04|Other|CAR 12 (ANT) TIME 2:04.109 DELETED - DOUBLE YELLOW AT TURN 21 LAP 6 12:53:02	CAR 12 (ANT) TIME 2:04.109 DELETED - DOUBLE YELLOW AT TURN 21 LAP 6 12:53:02	CAR 12 (ANT) TIME 2:04.109 DELETED - DOUBLE YELLOW AT TURN 21 LAP 6 12:53:02
09-12 18:58:11	2026-09-12T10:58:11.314961+00:00	CLEAR	Flag	Sector	4		2026-09-12T10:58:09|Flag|CLEAR IN TRACK SECTOR 4	CLEAR IN TRACK SECTOR 4	CLEAR IN TRACK SECTOR 4
09-12 18:58:28	2026-09-12T10:58:28.065292+00:00	YELLOW	Flag	Sector	16		2026-09-12T10:58:26|Flag|YELLOW IN TRACK SECTOR 16	YELLOW IN TRACK SECTOR 16	YELLOW IN TRACK SECTOR 16
09-12 18:58:28	2026-09-12T10:58:28.067367+00:00	DOUBLE YELLOW	Flag	Sector	16		2026-09-12T10:58:26|Flag|DOUBLE YELLOW IN TRACK SECTOR 16	DOUBLE YELLOW IN TRACK SECTOR 16	DOUBLE YELLOW IN TRACK SECTOR 16
09-12 18:58:31	2026-09-12T10:58:31.500498+00:00	YELLOW	Flag	Sector	17		2026-09-12T10:58:29|Flag|YELLOW IN TRACK SECTOR 17	YELLOW IN TRACK SECTOR 17	YELLOW IN TRACK SECTOR 17
09-12 18:58:46	2026-09-12T10:58:46.919405+00:00	DOUBLE YELLOW	Flag	Sector	18		2026-09-12T10:58:45|Flag|DOUBLE YELLOW IN TRACK SECTOR 18	DOUBLE YELLOW IN TRACK SECTOR 18	DOUBLE YELLOW IN TRACK SECTOR 18
09-12 18:58:51	2026-09-12T10:58:51.341607+00:00	YELLOW	Flag	Sector	6		2026-09-12T10:58:49|Flag|YELLOW IN TRACK SECTOR 6	YELLOW IN TRACK SECTOR 6	YELLOW IN TRACK SECTOR 6
09-12 18:58:53	2026-09-12T10:58:53.814131+00:00		Other				2026-09-12T10:58:51|Other|CAR 55 (SAI) LAP DELETED - TRACK LIMITS AT TURN 5 LAP 9 12:52:44 (PIT)	CAR 55 (SAI) LAP DELETED - TRACK LIMITS AT TURN 5 LAP 9 12:52:44 (PIT)	CAR 55 (SAI) LAP DELETED - TRACK LIMITS AT TURN 5 LAP 9 12:52:44 (PIT)
09-12 18:58:55	2026-09-12T10:58:55.570025+00:00		Other				2026-09-12T10:58:53|Other|CAR 87 (BEA) LAP DELETED - TRACK LIMITS AT TURN 18 LAP 4 12:49:02 (PIT)	CAR 87 (BEA) LAP DELETED - TRACK LIMITS AT TURN 18 LAP 4 12:49:02 (PIT)	CAR 87 (BEA) LAP DELETED - TRACK LIMITS AT TURN 18 LAP 4 12:49:02 (PIT)
09-12 18:59:05	2026-09-12T10:59:05.656012+00:00	CLEAR	Flag	Sector	7		2026-09-12T10:59:03|Flag|CLEAR IN TRACK SECTOR 7	CLEAR IN TRACK SECTOR 7	CLEAR IN TRACK SECTOR 7
09-12 18:59:23	2026-09-12T10:59:23.153675+00:00	CLEAR	Flag	Sector	17		2026-09-12T10:59:21|Flag|CLEAR IN TRACK SECTOR 17	CLEAR IN TRACK SECTOR 17	CLEAR IN TRACK SECTOR 17
09-12 18:59:26	2026-09-12T10:59:26.100402+00:00	CLEAR	Flag	Sector	6		2026-09-12T10:59:24|Flag|CLEAR IN TRACK SECTOR 6	CLEAR IN TRACK SECTOR 6	CLEAR IN TRACK SECTOR 6
09-12 18:59:40	2026-09-12T10:59:40.694077+00:00	CLEAR	Flag	Sector	8		2026-09-12T10:59:38|Flag|CLEAR IN TRACK SECTOR 8	CLEAR IN TRACK SECTOR 8	CLEAR IN TRACK SECTOR 8
09-12 19:00:08	2026-09-12T11:00:08.365337+00:00	CLEAR	Flag	Sector	2		2026-09-12T11:00:06|Flag|CLEAR IN TRACK SECTOR 2	CLEAR IN TRACK SECTOR 2	CLEAR IN TRACK SECTOR 2
09-12 19:00:21	2026-09-12T11:00:21.012980+00:00	DOUBLE YELLOW	Flag	Sector	17		2026-09-12T11:00:19|Flag|DOUBLE YELLOW IN TRACK SECTOR 17	DOUBLE YELLOW IN TRACK SECTOR 17	DOUBLE YELLOW IN TRACK SECTOR 17
09-12 19:00:30	2026-09-12T11:00:30.344578+00:00	CLEAR	Flag	Sector	5		2026-09-12T11:00:28|Flag|CLEAR IN TRACK SECTOR 5	CLEAR IN TRACK SECTOR 5	CLEAR IN TRACK SECTOR 5
09-12 19:00:38	2026-09-12T11:00:38.790077+00:00	CLEAR	Flag	Sector	3		2026-09-12T11:00:37|Flag|CLEAR IN TRACK SECTOR 3	CLEAR IN TRACK SECTOR 3	CLEAR IN TRACK SECTOR 3
09-12 19:01:00	2026-09-12T11:01:00.685753+00:00	CLEAR	Flag	Sector	9		2026-09-12T11:00:58|Flag|CLEAR IN TRACK SECTOR 9	CLEAR IN TRACK SECTOR 9	CLEAR IN TRACK SECTOR 9
09-12 19:01:01	2026-09-12T11:01:01.643838+00:00	CLEAR	Flag	Sector	17		2026-09-12T11:00:59|Flag|CLEAR IN TRACK SECTOR 17	CLEAR IN TRACK SECTOR 17	CLEAR IN TRACK SECTOR 17
09-12 19:02:18	2026-09-12T11:02:18.663729+00:00	CLEAR	Flag	Sector	12		2026-09-12T11:02:16|Flag|CLEAR IN TRACK SECTOR 12	CLEAR IN TRACK SECTOR 12	CLEAR IN TRACK SECTOR 12
09-12 19:02:20	2026-09-12T11:02:20.257218+00:00	CLEAR	Flag	Sector	13		2026-09-12T11:02:18|Flag|CLEAR IN TRACK SECTOR 13	CLEAR IN TRACK SECTOR 13	CLEAR IN TRACK SECTOR 13
09-12 19:02:22	2026-09-12T11:02:22.097842+00:00	CLEAR	Flag	Sector	14		2026-09-12T11:02:20|Flag|CLEAR IN TRACK SECTOR 14	CLEAR IN TRACK SECTOR 14	CLEAR IN TRACK SECTOR 14
09-12 19:02:23	2026-09-12T11:02:23.995756+00:00	CLEAR	Flag	Sector	15		2026-09-12T11:02:22|Flag|CLEAR IN TRACK SECTOR 15	CLEAR IN TRACK SECTOR 15	CLEAR IN TRACK SECTOR 15
09-12 19:02:25	2026-09-12T11:02:25.425393+00:00	CLEAR	Flag	Sector	16		2026-09-12T11:02:23|Flag|CLEAR IN TRACK SECTOR 16	CLEAR IN TRACK SECTOR 16	CLEAR IN TRACK SECTOR 16
09-12 19:02:29	2026-09-12T11:02:29.203809+00:00	CLEAR	Flag	Sector	1		2026-09-12T11:02:27|Flag|CLEAR IN TRACK SECTOR 1	CLEAR IN TRACK SECTOR 1	CLEAR IN TRACK SECTOR 1
09-12 19:02:40	2026-09-12T11:02:40.242684+00:00		Other				2026-09-12T11:02:38|Other|CAR 1 (NOR) TIME 2:02.976 DELETED - DOUBLE YELLOW AT TURN 7 LAP 4 12:46:21	CAR 1 (NOR) TIME 2:02.976 DELETED - DOUBLE YELLOW AT TURN 7 LAP 4 12:46:21	CAR 1 (NOR) TIME 2:02.976 DELETED - DOUBLE YELLOW AT TURN 7 LAP 4 12:46:21
09-12 19:02:41	2026-09-12T11:02:41.739826+00:00		Other				2026-09-12T11:02:40|Other|CAR 27 (HUL) TIME 1:59.529 DELETED - DOUBLE YELLOW AT TURN 7 LAP 7 12:46:23	CAR 27 (HUL) TIME 1:59.529 DELETED - DOUBLE YELLOW AT TURN 7 LAP 7 12:46:23	CAR 27 (HUL) TIME 1:59.529 DELETED - DOUBLE YELLOW AT TURN 7 LAP 7 12:46:23
09-12 19:02:44	2026-09-12T11:02:44.371121+00:00		Other				2026-09-12T11:02:42|Other|CAR 81 (PIA) TIME 2:12.628 DELETED - DOUBLE YELLOW AT TURN 7 LAP 3 12:46:28	CAR 81 (PIA) TIME 2:12.628 DELETED - DOUBLE YELLOW AT TURN 7 LAP 3 12:46:28	CAR 81 (PIA) TIME 2:12.628 DELETED - DOUBLE YELLOW AT TURN 7 LAP 3 12:46:28
09-12 19:04:03	2026-09-12T11:04:03.317801+00:00	DOUBLE YELLOW	Flag	Sector	14		2026-09-12T11:04:01|Flag|DOUBLE YELLOW IN TRACK SECTOR 14	DOUBLE YELLOW IN TRACK SECTOR 14	DOUBLE YELLOW IN TRACK SECTOR 14
09-12 19:04:03	2026-09-12T11:04:03.376665+00:00	DOUBLE YELLOW	Flag	Sector	13		2026-09-12T11:04:01|Flag|DOUBLE YELLOW IN TRACK SECTOR 13	DOUBLE YELLOW IN TRACK SECTOR 13	DOUBLE YELLOW IN TRACK SECTOR 13
09-12 19:04:03	2026-09-12T11:04:03.427710+00:00	DOUBLE YELLOW	Flag	Sector	12		2026-09-12T11:04:01|Flag|DOUBLE YELLOW IN TRACK SECTOR 12	DOUBLE YELLOW IN TRACK SECTOR 12	DOUBLE YELLOW IN TRACK SECTOR 12
09-12 19:04:10	2026-09-12T11:04:10.504035+00:00	CLEAR	Flag	Sector	13		2026-09-12T11:04:08|Flag|CLEAR IN TRACK SECTOR 13	CLEAR IN TRACK SECTOR 13	CLEAR IN TRACK SECTOR 13
09-12 19:04:12	2026-09-12T11:04:12.022274+00:00	CLEAR	Flag	Sector	12		2026-09-12T11:04:10|Flag|CLEAR IN TRACK SECTOR 12	CLEAR IN TRACK SECTOR 12	CLEAR IN TRACK SECTOR 12
09-12 19:04:21	2026-09-12T11:04:21.115984+00:00	CLEAR	Flag	Sector	14		2026-09-12T11:04:19|Flag|CLEAR IN TRACK SECTOR 14	CLEAR IN TRACK SECTOR 14	CLEAR IN TRACK SECTOR 14
09-12 19:06:39	2026-09-12T11:06:39.603280+00:00	CLEAR	Flag	Sector	18		2026-09-12T11:06:37|Flag|CLEAR IN TRACK SECTOR 18	CLEAR IN TRACK SECTOR 18	CLEAR IN TRACK SECTOR 18
09-12 19:13:09	2026-09-12T11:13:09.874238+00:00	CLEAR	Flag	Sector	25		2026-09-12T11:13:08|Flag|CLEAR IN TRACK SECTOR 25	CLEAR IN TRACK SECTOR 25	CLEAR IN TRACK SECTOR 25
09-12 19:14:24	2026-09-12T11:14:24.974337+00:00		Other				2026-09-12T11:14:23|Other|SESSION WILL BE TEMPORARILY STOPPED	SESSION WILL BE TEMPORARILY STOPPED	SESSION WILL BE TEMPORARILY STOPPED
09-12 19:30:03	2026-09-12T11:30:03.115644+00:00	CLEAR	Flag	Sector	26		2026-09-12T11:30:01|Flag|CLEAR IN TRACK SECTOR 26	CLEAR IN TRACK SECTOR 26	CLEAR IN TRACK SECTOR 26
09-12 19:30:35	2026-09-12T11:30:35.226771+00:00		Other				2026-09-12T11:30:33|Other|SESSION WILL RESUME AT 13:32	SESSION WILL RESUME AT 13:32	SESSION WILL RESUME AT 13:32
09-12 19:31:53	2026-09-12T11:31:53.874939+00:00		Other				2026-09-12T11:31:52|Other|FIA STEWARDS: TURN 1 INCIDENT INVOLVING CAR 27 (HUL) REVIEWED NO FURTHER INVESTIGATION - FAILING TO FOLLOW RACE DIRECTORS INSTRUCTIONS – ESCAPE ROAD INSTRUCTIONS (12:45:51)	FIA STEWARDS: TURN 1 INCIDENT INVOLVING CAR 27 (HUL) REVIEWED NO FURTHER INVESTIGATION - FAILING TO FOLLOW RACE DIRECTORS INSTRUCTIONS – ESCAPE ROAD INSTRUCTIONS (12:45:51)	FIA STEWARDS: TURN 1 INCIDENT INVOLVING CAR 27 (HUL) REVIEWED NO FURTHER INVESTIGATION - FAILING TO FOLLOW RACE DIRECTORS INSTRUCTIONS – ESCAPE ROAD INSTRUCTIONS (12:45:51)
09-12 19:32:02	2026-09-12T11:32:02.519295+00:00	GREEN	Flag	Track			2026-09-12T11:32:00|Flag|GREEN LIGHT - PIT EXIT OPEN	GREEN LIGHT - PIT EXIT OPEN	GREEN LIGHT - PIT EXIT OPEN
09-12 19:38:34	2026-09-12T11:38:34.800792+00:00		Other				2026-09-12T11:38:33|Other|CAR 10 (GAS) LAP DELETED - TRACK LIMITS AT TURN 5 LAP 9 13:35:59 (PIT)	CAR 10 (GAS) LAP DELETED - TRACK LIMITS AT TURN 5 LAP 9 13:35:59 (PIT)	CAR 10 (GAS) LAP DELETED - TRACK LIMITS AT TURN 5 LAP 9 13:35:59 (PIT)
09-12 19:41:21	2026-09-12T11:41:21.507381+00:00		Other				2026-09-12T11:41:19|Other|CAR 63 (RUS) TIME 2:47.386 DELETED - TRACK LIMITS AT TURN 11 LAP 9 13:38:53	CAR 63 (RUS) TIME 2:47.386 DELETED - TRACK LIMITS AT TURN 11 LAP 9 13:38:53	CAR 63 (RUS) TIME 2:47.386 DELETED - TRACK LIMITS AT TURN 11 LAP 9 13:38:53
09-12 19:42:32	2026-09-12T11:42:32.095510+00:00		Other				2026-09-12T11:42:30|Other|CAR 55 (SAI) TIME 2:38.166 DELETED - TRACK LIMITS AT TURN 1 LAP 13 13:39:05	CAR 55 (SAI) TIME 2:38.166 DELETED - TRACK LIMITS AT TURN 1 LAP 13 13:39:05	CAR 55 (SAI) TIME 2:38.166 DELETED - TRACK LIMITS AT TURN 1 LAP 13 13:39:05
09-12 19:46:24	2026-09-12T11:46:24.149490+00:00		Other				2026-09-12T11:46:22|Other|TURN 5 INCIDENT INVOLVING CAR 77 (BOT) NOTED - FAILING TO FOLLOW RACE DIRECTORS INSTRUCTIONS – ESCAPE ROAD INSTRUCTIONS (13:45:06)	TURN 5 INCIDENT INVOLVING CAR 77 (BOT) NOTED - FAILING TO FOLLOW RACE DIRECTORS INSTRUCTIONS – ESCAPE ROAD INSTRUCTIONS (13:45:06)	TURN 5 INCIDENT INVOLVING CAR 77 (BOT) NOTED - FAILING TO FOLLOW RACE DIRECTORS INSTRUCTIONS – ESCAPE ROAD INSTRUCTIONS (13:45:06)
09-12 19:46:33	2026-09-12T11:46:33.056181+00:00	DOUBLE YELLOW	Flag	Sector	10		2026-09-12T11:46:31|Flag|DOUBLE YELLOW IN TRACK SECTOR 10	DOUBLE YELLOW IN TRACK SECTOR 10	DOUBLE YELLOW IN TRACK SECTOR 10
09-12 19:46:33	2026-09-12T11:46:33.058397+00:00	DOUBLE YELLOW	Flag	Sector	11		2026-09-12T11:46:31|Flag|DOUBLE YELLOW IN TRACK SECTOR 11	DOUBLE YELLOW IN TRACK SECTOR 11	DOUBLE YELLOW IN TRACK SECTOR 11
09-12 19:46:33	2026-09-12T11:46:33.203680+00:00	YELLOW	Flag	Sector	9		2026-09-12T11:46:31|Flag|YELLOW IN TRACK SECTOR 9	YELLOW IN TRACK SECTOR 9	YELLOW IN TRACK SECTOR 9
09-12 19:46:36	2026-09-12T11:46:36.355823+00:00	DOUBLE YELLOW	Flag	Sector	12		2026-09-12T11:46:34|Flag|DOUBLE YELLOW IN TRACK SECTOR 12	DOUBLE YELLOW IN TRACK SECTOR 12	DOUBLE YELLOW IN TRACK SECTOR 12
09-12 19:46:46	2026-09-12T11:46:46.107088+00:00	RED	Flag	Track			2026-09-12T11:46:43|Flag|RED FLAG	RED FLAG	RED FLAG
09-12 19:46:46	2026-09-12T11:46:46.109538+00:00	CLEAR	Flag	Sector	9		2026-09-12T11:46:43|Flag|CLEAR IN TRACK SECTOR 9	CLEAR IN TRACK SECTOR 9	CLEAR IN TRACK SECTOR 9
09-12 19:46:46	2026-09-12T11:46:46.110982+00:00	CLEAR	Flag	Sector	10		2026-09-12T11:46:43|Flag|CLEAR IN TRACK SECTOR 10	CLEAR IN TRACK SECTOR 10	CLEAR IN TRACK SECTOR 10
09-12 19:46:46	2026-09-12T11:46:46.112385+00:00	CLEAR	Flag	Sector	11		2026-09-12T11:46:43|Flag|CLEAR IN TRACK SECTOR 11	CLEAR IN TRACK SECTOR 11	CLEAR IN TRACK SECTOR 11
09-12 19:46:46	2026-09-12T11:46:46.120723+00:00	CLEAR	Flag	Sector	12		2026-09-12T11:46:43|Flag|CLEAR IN TRACK SECTOR 12	CLEAR IN TRACK SECTOR 12	CLEAR IN TRACK SECTOR 12
09-12 19:46:58	2026-09-12T11:46:58.830063+00:00		Other				2026-09-12T11:46:57|Other|MEDICAL CAR DEPLOYED	MEDICAL CAR DEPLOYED	MEDICAL CAR DEPLOYED
09-12 19:47:32	2026-09-12T11:47:32.086292+00:00		Other				2026-09-12T11:47:30|Other|CAR 63 (RUS) LAP DELETED - TRACK LIMITS AT TURN 2 LAP 12 13:44:57 (PIT)	CAR 63 (RUS) LAP DELETED - TRACK LIMITS AT TURN 2 LAP 12 13:44:57 (PIT)	CAR 63 (RUS) LAP DELETED - TRACK LIMITS AT TURN 2 LAP 12 13:44:57 (PIT)
09-12 19:47:33	2026-09-12T11:47:33.328049+00:00		Other				2026-09-12T11:47:31|Other|CAR 77 (BOT) LAP DELETED - TRACK LIMITS AT TURN 5 LAP 14 13:45:06 (PIT)	CAR 77 (BOT) LAP DELETED - TRACK LIMITS AT TURN 5 LAP 14 13:45:06 (PIT)	CAR 77 (BOT) LAP DELETED - TRACK LIMITS AT TURN 5 LAP 14 13:45:06 (PIT)
09-12 19:48:40	2026-09-12T11:48:40.812130+00:00		Other				2026-09-12T11:48:39|Other|CAR 55 (SAI) LAP DELETED - TRACK LIMITS AT TURN 5 LAP 16 13:45:32 (PIT)	CAR 55 (SAI) LAP DELETED - TRACK LIMITS AT TURN 5 LAP 16 13:45:32 (PIT)	CAR 55 (SAI) LAP DELETED - TRACK LIMITS AT TURN 5 LAP 16 13:45:32 (PIT)
09-12 19:49:08	2026-09-12T11:49:08.048261+00:00		Other				2026-09-12T11:49:06|Other|CAR 22 (TSU) LAP DELETED - TRACK LIMITS AT TURN 15 LAP 13 13:46:08 (PIT)	CAR 22 (TSU) LAP DELETED - TRACK LIMITS AT TURN 15 LAP 13 13:46:08 (PIT)	CAR 22 (TSU) LAP DELETED - TRACK LIMITS AT TURN 15 LAP 13 13:46:08 (PIT)
09-12 19:49:17	2026-09-12T11:49:17.446993+00:00		Other				2026-09-12T11:49:15|Other|CAR 10 (GAS) LAP DELETED - TRACK LIMITS AT TURN 5 LAP 14 13:46:45 (PIT)	CAR 10 (GAS) LAP DELETED - TRACK LIMITS AT TURN 5 LAP 14 13:46:45 (PIT)	CAR 10 (GAS) LAP DELETED - TRACK LIMITS AT TURN 5 LAP 14 13:46:45 (PIT)
09-12 19:49:19	2026-09-12T11:49:19.804672+00:00		Other				2026-09-12T11:49:18|Other|CAR 81 (PIA) LAP DELETED - TRACK LIMITS AT TURN 11 LAP 13 13:46:48 (PIT)	CAR 81 (PIA) LAP DELETED - TRACK LIMITS AT TURN 11 LAP 13 13:46:48 (PIT)	CAR 81 (PIA) LAP DELETED - TRACK LIMITS AT TURN 11 LAP 13 13:46:48 (PIT)
09-12 19:49:37	2026-09-12T11:49:37.709585+00:00	CLEAR	Flag	Track			2026-09-12T11:49:36|Flag|TRACK CLEAR	TRACK CLEAR	TRACK CLEAR
09-12 19:49:48	2026-09-12T11:49:48.100335+00:00	DOUBLE YELLOW	Flag	Sector	11		2026-09-12T11:49:46|Flag|DOUBLE YELLOW IN TRACK SECTOR 11	DOUBLE YELLOW IN TRACK SECTOR 11	DOUBLE YELLOW IN TRACK SECTOR 11
09-12 19:49:48	2026-09-12T11:49:48.204541+00:00	DOUBLE YELLOW	Flag	Sector	10		2026-09-12T11:49:46|Flag|DOUBLE YELLOW IN TRACK SECTOR 10	DOUBLE YELLOW IN TRACK SECTOR 10	DOUBLE YELLOW IN TRACK SECTOR 10
09-12 19:50:02	2026-09-12T11:50:02.844269+00:00	DOUBLE YELLOW	Flag	Sector	16		2026-09-12T11:50:01|Flag|DOUBLE YELLOW IN TRACK SECTOR 16	DOUBLE YELLOW IN TRACK SECTOR 16	DOUBLE YELLOW IN TRACK SECTOR 16
09-12 19:50:02	2026-09-12T11:50:02.910014+00:00	DOUBLE YELLOW	Flag	Sector	15		2026-09-12T11:50:01|Flag|DOUBLE YELLOW IN TRACK SECTOR 15	DOUBLE YELLOW IN TRACK SECTOR 15	DOUBLE YELLOW IN TRACK SECTOR 15
09-12 19:50:03	2026-09-12T11:50:03.137858+00:00	DOUBLE YELLOW	Flag	Sector	14		2026-09-12T11:50:01|Flag|DOUBLE YELLOW IN TRACK SECTOR 14	DOUBLE YELLOW IN TRACK SECTOR 14	DOUBLE YELLOW IN TRACK SECTOR 14
09-12 19:50:03	2026-09-12T11:50:03.157833+00:00	DOUBLE YELLOW	Flag	Sector	13		2026-09-12T11:50:01|Flag|DOUBLE YELLOW IN TRACK SECTOR 13	DOUBLE YELLOW IN TRACK SECTOR 13	DOUBLE YELLOW IN TRACK SECTOR 13
09-12 19:50:03	2026-09-12T11:50:03.183563+00:00	DOUBLE YELLOW	Flag	Sector	12		2026-09-12T11:50:01|Flag|DOUBLE YELLOW IN TRACK SECTOR 12	DOUBLE YELLOW IN TRACK SECTOR 12	DOUBLE YELLOW IN TRACK SECTOR 12
09-12 19:50:04	2026-09-12T11:50:04.459763+00:00	CLEAR	Flag	Sector	10		2026-09-12T11:50:02|Flag|CLEAR IN TRACK SECTOR 10	CLEAR IN TRACK SECTOR 10	CLEAR IN TRACK SECTOR 10
09-12 19:50:11	2026-09-12T11:50:11.919737+00:00	DOUBLE YELLOW	Flag	Sector	23		2026-09-12T11:50:10|Flag|DOUBLE YELLOW IN TRACK SECTOR 23	DOUBLE YELLOW IN TRACK SECTOR 23	DOUBLE YELLOW IN TRACK SECTOR 23
09-12 19:50:12	2026-09-12T11:50:12.724852+00:00	CLEAR	Flag	Sector	15		2026-09-12T11:50:11|Flag|CLEAR IN TRACK SECTOR 15	CLEAR IN TRACK SECTOR 15	CLEAR IN TRACK SECTOR 15
09-12 19:50:13	2026-09-12T11:50:13.950150+00:00	DOUBLE YELLOW	Flag	Sector	24		2026-09-12T11:50:12|Flag|DOUBLE YELLOW IN TRACK SECTOR 24	DOUBLE YELLOW IN TRACK SECTOR 24	DOUBLE YELLOW IN TRACK SECTOR 24
09-12 19:50:14	2026-09-12T11:50:14.270655+00:00	CLEAR	Flag	Sector	14		2026-09-12T11:50:12|Flag|CLEAR IN TRACK SECTOR 14	CLEAR IN TRACK SECTOR 14	CLEAR IN TRACK SECTOR 14
09-12 19:50:15	2026-09-12T11:50:15.799994+00:00	CLEAR	Flag	Sector	13		2026-09-12T11:50:14|Flag|CLEAR IN TRACK SECTOR 13	CLEAR IN TRACK SECTOR 13	CLEAR IN TRACK SECTOR 13
09-12 19:50:16	2026-09-12T11:50:16.570352+00:00	YELLOW	Flag	Sector	17		2026-09-12T11:50:14|Flag|YELLOW IN TRACK SECTOR 17	YELLOW IN TRACK SECTOR 17	YELLOW IN TRACK SECTOR 17
09-12 19:50:17	2026-09-12T11:50:17.344534+00:00	CLEAR	Flag	Sector	12		2026-09-12T11:50:15|Flag|CLEAR IN TRACK SECTOR 12	CLEAR IN TRACK SECTOR 12	CLEAR IN TRACK SECTOR 12
09-12 19:50:17	2026-09-12T11:50:17.486047+00:00	DOUBLE YELLOW	Flag	Sector	6		2026-09-12T11:50:15|Flag|DOUBLE YELLOW IN TRACK SECTOR 6	DOUBLE YELLOW IN TRACK SECTOR 6	DOUBLE YELLOW IN TRACK SECTOR 6
09-12 19:50:19	2026-09-12T11:50:19.576511+00:00	DOUBLE YELLOW	Flag	Sector	8		2026-09-12T11:50:17|Flag|DOUBLE YELLOW IN TRACK SECTOR 8	DOUBLE YELLOW IN TRACK SECTOR 8	DOUBLE YELLOW IN TRACK SECTOR 8
09-12 19:50:20	2026-09-12T11:50:20.755640+00:00	CLEAR	Flag	Sector	17		2026-09-12T11:50:18|Flag|CLEAR IN TRACK SECTOR 17	CLEAR IN TRACK SECTOR 17	CLEAR IN TRACK SECTOR 17
09-12 19:50:20	2026-09-12T11:50:20.803167+00:00	DOUBLE YELLOW	Flag	Sector	22		2026-09-12T11:50:19|Flag|DOUBLE YELLOW IN TRACK SECTOR 22	DOUBLE YELLOW IN TRACK SECTOR 22	DOUBLE YELLOW IN TRACK SECTOR 22
09-12 19:50:21	2026-09-12T11:50:21.175156+00:00	DOUBLE YELLOW	Flag	Sector	5		2026-09-12T11:50:19|Flag|DOUBLE YELLOW IN TRACK SECTOR 5	DOUBLE YELLOW IN TRACK SECTOR 5	DOUBLE YELLOW IN TRACK SECTOR 5
09-12 19:50:21	2026-09-12T11:50:21.268421+00:00	DOUBLE YELLOW	Flag	Sector	9		2026-09-12T11:50:19|Flag|DOUBLE YELLOW IN TRACK SECTOR 9	DOUBLE YELLOW IN TRACK SECTOR 9	DOUBLE YELLOW IN TRACK SECTOR 9
09-12 19:50:21	2026-09-12T11:50:21.328137+00:00	DOUBLE YELLOW	Flag	Sector	17		2026-09-12T11:50:19|Flag|DOUBLE YELLOW IN TRACK SECTOR 17	DOUBLE YELLOW IN TRACK SECTOR 17	DOUBLE YELLOW IN TRACK SECTOR 17
09-12 19:50:26	2026-09-12T11:50:26.476780+00:00	DOUBLE YELLOW	Flag	Sector	15		2026-09-12T11:50:23|Flag|DOUBLE YELLOW IN TRACK SECTOR 15	DOUBLE YELLOW IN TRACK SECTOR 15	DOUBLE YELLOW IN TRACK SECTOR 15
09-12 19:50:27	2026-09-12T11:50:27.288324+00:00	DOUBLE YELLOW	Flag	Sector	25		2026-09-12T11:50:25|Flag|DOUBLE YELLOW IN TRACK SECTOR 25	DOUBLE YELLOW IN TRACK SECTOR 25	DOUBLE YELLOW IN TRACK SECTOR 25
09-12 19:50:27	2026-09-12T11:50:27.595033+00:00		Other				2026-09-12T11:50:25|Other|CAR 41 (LIN) LAP DELETED - TRACK LIMITS AT TURN 6 LAP 8 13:45:07 (PIT)	CAR 41 (LIN) LAP DELETED - TRACK LIMITS AT TURN 6 LAP 8 13:45:07 (PIT)	CAR 41 (LIN) LAP DELETED - TRACK LIMITS AT TURN 6 LAP 8 13:45:07 (PIT)
09-12 19:50:30	2026-09-12T11:50:30.116658+00:00	DOUBLE YELLOW	Flag	Sector	7		2026-09-12T11:50:28|Flag|DOUBLE YELLOW IN TRACK SECTOR 7	DOUBLE YELLOW IN TRACK SECTOR 7	DOUBLE YELLOW IN TRACK SECTOR 7
09-12 19:50:30	2026-09-12T11:50:30.798259+00:00	DOUBLE YELLOW	Flag	Sector	26		2026-09-12T11:50:29|Flag|DOUBLE YELLOW IN TRACK SECTOR 26	DOUBLE YELLOW IN TRACK SECTOR 26	DOUBLE YELLOW IN TRACK SECTOR 26
09-12 19:50:31	2026-09-12T11:50:31.792997+00:00	YELLOW	Flag	Sector	20		2026-09-12T11:50:30|Flag|YELLOW IN TRACK SECTOR 20	YELLOW IN TRACK SECTOR 20	YELLOW IN TRACK SECTOR 20
09-12 19:50:35	2026-09-12T11:50:35.869832+00:00	DOUBLE YELLOW	Flag	Sector	4		2026-09-12T11:50:34|Flag|DOUBLE YELLOW IN TRACK SECTOR 4	DOUBLE YELLOW IN TRACK SECTOR 4	DOUBLE YELLOW IN TRACK SECTOR 4
09-12 19:50:40	2026-09-12T11:50:40.463951+00:00	YELLOW	Flag	Sector	21		2026-09-12T11:50:38|Flag|YELLOW IN TRACK SECTOR 21	YELLOW IN TRACK SECTOR 21	YELLOW IN TRACK SECTOR 21
09-12 19:50:40	2026-09-12T11:50:40.972606+00:00	DOUBLE YELLOW	Flag	Sector	2		2026-09-12T11:50:39|Flag|DOUBLE YELLOW IN TRACK SECTOR 2	DOUBLE YELLOW IN TRACK SECTOR 2	DOUBLE YELLOW IN TRACK SECTOR 2
09-12 19:50:43	2026-09-12T11:50:43.224770+00:00	DOUBLE YELLOW	Flag	Sector	21		2026-09-12T11:50:41|Flag|DOUBLE YELLOW IN TRACK SECTOR 21	DOUBLE YELLOW IN TRACK SECTOR 21	DOUBLE YELLOW IN TRACK SECTOR 21
09-12 19:50:51	2026-09-12T11:50:51.042220+00:00	DOUBLE YELLOW	Flag	Sector	20		2026-09-12T11:50:49|Flag|DOUBLE YELLOW IN TRACK SECTOR 20	DOUBLE YELLOW IN TRACK SECTOR 20	DOUBLE YELLOW IN TRACK SECTOR 20
09-12 19:50:52	2026-09-12T11:50:52.590260+00:00	DOUBLE YELLOW	Flag	Sector	18		2026-09-12T11:50:50|Flag|DOUBLE YELLOW IN TRACK SECTOR 18	DOUBLE YELLOW IN TRACK SECTOR 18	DOUBLE YELLOW IN TRACK SECTOR 18
09-12 19:50:53	2026-09-12T11:50:53.066752+00:00	DOUBLE YELLOW	Flag	Sector	1		2026-09-12T11:50:51|Flag|DOUBLE YELLOW IN TRACK SECTOR 1	DOUBLE YELLOW IN TRACK SECTOR 1	DOUBLE YELLOW IN TRACK SECTOR 1
09-12 19:50:57	2026-09-12T11:50:57.716444+00:00	DOUBLE YELLOW	Flag	Sector	10		2026-09-12T11:50:55|Flag|DOUBLE YELLOW IN TRACK SECTOR 10	DOUBLE YELLOW IN TRACK SECTOR 10	DOUBLE YELLOW IN TRACK SECTOR 10
09-12 19:50:58	2026-09-12T11:50:58.610141+00:00	DOUBLE YELLOW	Flag	Sector	13		2026-09-12T11:50:56|Flag|DOUBLE YELLOW IN TRACK SECTOR 13	DOUBLE YELLOW IN TRACK SECTOR 13	DOUBLE YELLOW IN TRACK SECTOR 13
09-12 19:51:00	2026-09-12T11:51:00.062450+00:00	DOUBLE YELLOW	Flag	Sector	14		2026-09-12T11:50:58|Flag|DOUBLE YELLOW IN TRACK SECTOR 14	DOUBLE YELLOW IN TRACK SECTOR 14	DOUBLE YELLOW IN TRACK SECTOR 14
09-12 19:51:09	2026-09-12T11:51:09.283060+00:00	DOUBLE YELLOW	Flag	Sector	3		2026-09-12T11:51:07|Flag|DOUBLE YELLOW IN TRACK SECTOR 3	DOUBLE YELLOW IN TRACK SECTOR 3	DOUBLE YELLOW IN TRACK SECTOR 3
09-12 19:51:10	2026-09-12T11:51:10.428069+00:00	DOUBLE YELLOW	Flag	Sector	19		2026-09-12T11:51:08|Flag|DOUBLE YELLOW IN TRACK SECTOR 19	DOUBLE YELLOW IN TRACK SECTOR 19	DOUBLE YELLOW IN TRACK SECTOR 19
09-12 19:51:24	2026-09-12T11:51:24.591901+00:00	DOUBLE YELLOW	Flag	Sector	12		2026-09-12T11:51:22|Flag|DOUBLE YELLOW IN TRACK SECTOR 12	DOUBLE YELLOW IN TRACK SECTOR 12	DOUBLE YELLOW IN TRACK SECTOR 12
09-12 19:52:30	2026-09-12T11:52:30.642030+00:00		Other				2026-09-12T11:52:28|Other|FIA STEWARDS: TURN 5 INCIDENT INVOLVING CAR 77 (BOT) WILL BE INVESTIGATED AFTER THE SESSION - FAILING TO FOLLOW RACE DIRECTORS INSTRUCTIONS – ESCAPE ROAD INSTRUCTIONS (13:45:06)	FIA STEWARDS: TURN 5 INCIDENT INVOLVING CAR 77 (BOT) WILL BE INVESTIGATED AFTER THE SESSION - FAILING TO FOLLOW RACE DIRECTORS INSTRUCTIONS – ESCAPE ROAD INSTRUCTIONS (13:45:06)	FIA STEWARDS: TURN 5 INCIDENT INVOLVING CAR 77 (BOT) WILL BE INVESTIGATED AFTER THE SESSION - FAILING TO FOLLOW RACE DIRECTORS INSTRUCTIONS – ESCAPE ROAD INSTRUCTIONS (13:45:06)
09-12 20:00:53	2026-09-12T12:00:53.363198+00:00		Other				2026-09-12T12:00:51|Other|DELAYED START	DELAYED START	DELAYED START
09-12 20:02:49	2026-09-12T12:02:49.937569+00:00		Other				2026-09-12T12:02:48|Other|RISK OF RAIN FOR THE F2 SPRINT RACE IS 0%	RISK OF RAIN FOR THE F2 SPRINT RACE IS 0%	RISK OF RAIN FOR THE F2 SPRINT RACE IS 0%
09-12 21:46:20	2026-09-12T13:46:20.276930+00:00		Other				2026-09-12T13:46:18|Other|RISK OF RAIN FOR F1 QUALIFYING IS 0%	RISK OF RAIN FOR F1 QUALIFYING IS 0%	RISK OF RAIN FOR F1 QUALIFYING IS 0%
09-12 21:47:51	2026-09-12T13:47:51.124009+00:00		Other				2026-09-12T13:47:48|Other|PINK HEAD PADDING MATERIAL MUST BE USED	PINK HEAD PADDING MATERIAL MUST BE USED	PINK HEAD PADDING MATERIAL MUST BE USED
09-12 22:00:02	2026-09-12T14:00:02.363733+00:00	GREEN	Flag	Track			2026-09-12T14:00:00|Flag|GREEN LIGHT - PIT EXIT OPEN	GREEN LIGHT - PIT EXIT OPEN	GREEN LIGHT - PIT EXIT OPEN
09-12 22:05:02	2026-09-12T14:05:02.899269+00:00		Other				2026-09-12T14:05:01|Other|CAR 41 (LIN) TIME 1:35.149 DELETED - TRACK LIMITS AT TURN 17 LAP 3 16:04:00	CAR 41 (LIN) TIME 1:35.149 DELETED - TRACK LIMITS AT TURN 17 LAP 3 16:04:00	CAR 41 (LIN) TIME 1:35.149 DELETED - TRACK LIMITS AT TURN 17 LAP 3 16:04:00
09-12 22:05:08	2026-09-12T14:05:08.597713+00:00		Other				2026-09-12T14:05:06|Other|CAR 23 (ALB) TIME 1:37.014 DELETED - TRACK LIMITS AT TURN 6 LAP 3 16:03:41	CAR 23 (ALB) TIME 1:37.014 DELETED - TRACK LIMITS AT TURN 6 LAP 3 16:03:41	CAR 23 (ALB) TIME 1:37.014 DELETED - TRACK LIMITS AT TURN 6 LAP 3 16:03:41
09-12 22:05:11	2026-09-12T14:05:11.165124+00:00		Other				2026-09-12T14:05:09|Other|CAR 18 (STR) LAP DELETED - TRACK LIMITS AT TURN 6 LAP 3 16:03:47 (PIT)	CAR 18 (STR) LAP DELETED - TRACK LIMITS AT TURN 6 LAP 3 16:03:47 (PIT)	CAR 18 (STR) LAP DELETED - TRACK LIMITS AT TURN 6 LAP 3 16:03:47 (PIT)
09-12 22:05:47	2026-09-12T14:05:47.877166+00:00		Other				2026-09-12T14:05:46|Other|CAR 1 (NOR) TIME 1:54.645 DELETED - TRACK LIMITS AT TURN 6 LAP 3 16:04:06	CAR 1 (NOR) TIME 1:54.645 DELETED - TRACK LIMITS AT TURN 6 LAP 3 16:04:06	CAR 1 (NOR) TIME 1:54.645 DELETED - TRACK LIMITS AT TURN 6 LAP 3 16:04:06
09-12 22:06:41	2026-09-12T14:06:41.656263+00:00		Other				2026-09-12T14:06:39|Other|CAR 81 (PIA) TIME 2:06.043 DELETED - TRACK LIMITS AT TURN 6 LAP 3 16:04:25	CAR 81 (PIA) TIME 2:06.043 DELETED - TRACK LIMITS AT TURN 6 LAP 3 16:04:25	CAR 81 (PIA) TIME 2:06.043 DELETED - TRACK LIMITS AT TURN 6 LAP 3 16:04:25
09-12 22:08:53	2026-09-12T14:08:53.044800+00:00		Other				2026-09-12T14:08:50|Other|CAR 55 (SAI) TIME 2:17.815 DELETED - TRACK LIMITS AT TURN 5 LAP 5 16:07:21	CAR 55 (SAI) TIME 2:17.815 DELETED - TRACK LIMITS AT TURN 5 LAP 5 16:07:21	CAR 55 (SAI) TIME 2:17.815 DELETED - TRACK LIMITS AT TURN 5 LAP 5 16:07:21
09-12 22:10:01	2026-09-12T14:10:01.028806+00:00		Other				2026-09-12T14:09:59|Other|CAR 12 (ANT) LAP DELETED - TRACK LIMITS AT TURN 17 LAP 6 16:09:12 (PIT)	CAR 12 (ANT) LAP DELETED - TRACK LIMITS AT TURN 17 LAP 6 16:09:12 (PIT)	CAR 12 (ANT) LAP DELETED - TRACK LIMITS AT TURN 17 LAP 6 16:09:12 (PIT)
09-12 22:11:21	2026-09-12T14:11:21.683155+00:00		Other				2026-09-12T14:11:19|Other|CAR 63 (RUS) TIME 2:02.906 DELETED - TRACK LIMITS AT TURN 11 LAP 6 16:09:53	CAR 63 (RUS) TIME 2:02.906 DELETED - TRACK LIMITS AT TURN 11 LAP 6 16:09:53	CAR 63 (RUS) TIME 2:02.906 DELETED - TRACK LIMITS AT TURN 11 LAP 6 16:09:53
09-12 22:11:33	2026-09-12T14:11:33.442620+00:00		Other				2026-09-12T14:11:29|Other|CAR 27 (HUL) LAP DELETED - TRACK LIMITS AT TURN 17 LAP 6 16:10:45 (PIT)	CAR 27 (HUL) LAP DELETED - TRACK LIMITS AT TURN 17 LAP 6 16:10:45 (PIT)	CAR 27 (HUL) LAP DELETED - TRACK LIMITS AT TURN 17 LAP 6 16:10:45 (PIT)
09-12 22:17:35	2026-09-12T14:17:35.982770+00:00		Other				2026-09-12T14:17:34|Other|TURN 5 INCIDENT INVOLVING CAR 63 (RUS) NOTED - FAILING TO FOLLOW RACE DIRECTORS INSTRUCTIONS – ESCAPE ROAD INSTRUCTIONS (16:16:33)	TURN 5 INCIDENT INVOLVING CAR 63 (RUS) NOTED - FAILING TO FOLLOW RACE DIRECTORS INSTRUCTIONS – ESCAPE ROAD INSTRUCTIONS (16:16:33)	TURN 5 INCIDENT INVOLVING CAR 63 (RUS) NOTED - FAILING TO FOLLOW RACE DIRECTORS INSTRUCTIONS – ESCAPE ROAD INSTRUCTIONS (16:16:33)
09-12 22:18:02	2026-09-12T14:18:02.621837+00:00	CHEQUERED	Flag	Track			2026-09-12T14:18:00|Flag|CHEQUERED FLAG	CHEQUERED FLAG	CHEQUERED FLAG
09-12 22:18:20	2026-09-12T14:18:20.771304+00:00		Other				2026-09-12T14:18:18|Other|FIRST CAR TO TAKE THE FLAG - CAR 11 (PER)	FIRST CAR TO TAKE THE FLAG - CAR 11 (PER)	FIRST CAR TO TAKE THE FLAG - CAR 11 (PER)
09-12 22:18:38	2026-09-12T14:18:38.237040+00:00		Other				2026-09-12T14:18:36|Other|FIA STEWARDS: TURN 5 INCIDENT INVOLVING CAR 63 (RUS) WILL BE INVESTIGATED AFTER THE SESSION - FAILING TO FOLLOW RACE DIRECTORS INSTRUCTIONS – ESCAPE ROAD INSTRUCTIONS (16:16:33)	FIA STEWARDS: TURN 5 INCIDENT INVOLVING CAR 63 (RUS) WILL BE INVESTIGATED AFTER THE SESSION - FAILING TO FOLLOW RACE DIRECTORS INSTRUCTIONS – ESCAPE ROAD INSTRUCTIONS (16:16:33)	FIA STEWARDS: TURN 5 INCIDENT INVOLVING CAR 63 (RUS) WILL BE INVESTIGATED AFTER THE SESSION - FAILING TO FOLLOW RACE DIRECTORS INSTRUCTIONS – ESCAPE ROAD INSTRUCTIONS (16:16:33)
09-12 22:18:48	2026-09-12T14:18:48.874336+00:00		Other				2026-09-12T14:18:47|Other|CAR 63 (RUS) TIME 3:10.586 DELETED - TRACK LIMITS AT TURN 6 LAP 9 16:16:33	CAR 63 (RUS) TIME 3:10.586 DELETED - TRACK LIMITS AT TURN 6 LAP 9 16:16:33	CAR 63 (RUS) TIME 3:10.586 DELETED - TRACK LIMITS AT TURN 6 LAP 9 16:16:33
09-12 22:19:52	2026-09-12T14:19:52.399354+00:00		Other				2026-09-12T14:19:50|Other|TURN 7 INCIDENT INVOLVING CARS 55 (SAI) AND 77 (BOT) NOTED - IMPEDING (16:17:31)	TURN 7 INCIDENT INVOLVING CARS 55 (SAI) AND 77 (BOT) NOTED - IMPEDING (16:17:31)	TURN 7 INCIDENT INVOLVING CARS 55 (SAI) AND 77 (BOT) NOTED - IMPEDING (16:17:31)
09-12 22:20:21	2026-09-12T14:20:21.288224+00:00		Other				2026-09-12T14:20:19|Other|CAR 43 (COL) LAP DELETED - TRACK LIMITS AT TURN 5 LAP 7 16:18:21 (PIT)	CAR 43 (COL) LAP DELETED - TRACK LIMITS AT TURN 5 LAP 7 16:18:21 (PIT)	CAR 43 (COL) LAP DELETED - TRACK LIMITS AT TURN 5 LAP 7 16:18:21 (PIT)
09-12 22:20:30	2026-09-12T14:20:30.689719+00:00		Other				2026-09-12T14:20:28|Other|CAR 23 (ALB) LAP DELETED - TRACK LIMITS AT TURN 15 LAP 10 16:18:22 (PIT)	CAR 23 (ALB) LAP DELETED - TRACK LIMITS AT TURN 15 LAP 10 16:18:22 (PIT)	CAR 23 (ALB) LAP DELETED - TRACK LIMITS AT TURN 15 LAP 10 16:18:22 (PIT)
09-12 22:21:51	2026-09-12T14:21:51.309377+00:00		Other				2026-09-12T14:21:49|Other|FIA STEWARDS: TURN 7 INCIDENT INVOLVING CARS 55 (SAI) AND 77 (BOT) WILL BE INVESTIGATED AFTER THE SESSION - IMPEDING (16:17:31)	FIA STEWARDS: TURN 7 INCIDENT INVOLVING CARS 55 (SAI) AND 77 (BOT) WILL BE INVESTIGATED AFTER THE SESSION - IMPEDING (16:17:31)	FIA STEWARDS: TURN 7 INCIDENT INVOLVING CARS 55 (SAI) AND 77 (BOT) WILL BE INVESTIGATED AFTER THE SESSION - IMPEDING (16:17:31)
09-12 22:22:07	2026-09-12T14:22:07.403623+00:00		Other				2026-09-12T14:22:05|Other|FIA STEWARDS: Q1 INCIDENT INVOLVING CARS 81 (PIA), 63 (RUS), 3 (VER), 5 (BOR), 27 (HUL), 10 (GAS), 43 (COL), 22 (TSU) AND 77 (BOT) NOTED - FAILING TO FOLLOW RACE DIRECTORS INSTRUCTIONS - MAXIMUM DELTA TIME	FIA STEWARDS: Q1 INCIDENT INVOLVING CARS 81 (PIA), 63 (RUS), 3 (VER), 5 (BOR), 27 (HUL), 10 (GAS), 43 (COL), 22 (TSU) AND 77 (BOT) NOTED - FAILING TO FOLLOW RACE DIRECTORS INSTRUCTIONS - MAXIMUM DELTA TIME	FIA STEWARDS: Q1 INCIDENT INVOLVING CARS 81 (PIA), 63 (RUS), 3 (VER), 5 (BOR), 27 (HUL), 10 (GAS), 43 (COL), 22 (TSU) AND 77 (BOT) NOTED - FAILING TO FOLLOW RACE DIRECTORS INSTRUCTIONS - MAXIMUM DELTA TIME
09-12 22:22:21	2026-09-12T14:22:21.999708+00:00		Other				2026-09-12T14:22:19|Other|FIA STEWARDS: Q1 INCIDENT INVOLVING CARS 81 (PIA), 63 (RUS), 3 (VER), 5 (BOR), 27 (HUL), 10 (GAS), 43 (COL), 22 (TSU) AND 77 (BOT) WILL BE INVESTIGATED AFTER THE SESSION - FAILING TO FOLLOW RACE DIRECTORS INSTRUCTIONS - MAXIMUM DELTA TIME	FIA STEWARDS: Q1 INCIDENT INVOLVING CARS 81 (PIA), 63 (RUS), 3 (VER), 5 (BOR), 27 (HUL), 10 (GAS), 43 (COL), 22 (TSU) AND 77 (BOT) WILL BE INVESTIGATED AFTER THE SESSION - FAILING TO FOLLOW RACE DIRECTORS INSTRUCTIONS - MAXIMUM DELTA TIME	FIA STEWARDS: Q1 INCIDENT INVOLVING CARS 81 (PIA), 63 (RUS), 3 (VER), 5 (BOR), 27 (HUL), 10 (GAS), 43 (COL), 22 (TSU) AND 77 (BOT) WILL BE INVESTIGATED AFTER THE SESSION - FAILING TO FOLLOW RACE DIRECTORS INSTRUCTIONS - MAXIMUM DELTA TIME
09-12 22:22:30	2026-09-12T14:22:30.230372+00:00	DOUBLE YELLOW	Flag	Sector	16		2026-09-12T14:22:28|Flag|DOUBLE YELLOW IN TRACK SECTOR 16	DOUBLE YELLOW IN TRACK SECTOR 16	DOUBLE YELLOW IN TRACK SECTOR 16
09-12 22:22:30	2026-09-12T14:22:30.368726+00:00	DOUBLE YELLOW	Flag	Sector	15		2026-09-12T14:22:28|Flag|DOUBLE YELLOW IN TRACK SECTOR 15	DOUBLE YELLOW IN TRACK SECTOR 15	DOUBLE YELLOW IN TRACK SECTOR 15
09-12 22:22:30	2026-09-12T14:22:30.370432+00:00	DOUBLE YELLOW	Flag	Sector	14		2026-09-12T14:22:28|Flag|DOUBLE YELLOW IN TRACK SECTOR 14	DOUBLE YELLOW IN TRACK SECTOR 14	DOUBLE YELLOW IN TRACK SECTOR 14
09-12 22:22:30	2026-09-12T14:22:30.522052+00:00	DOUBLE YELLOW	Flag	Sector	13		2026-09-12T14:22:28|Flag|DOUBLE YELLOW IN TRACK SECTOR 13	DOUBLE YELLOW IN TRACK SECTOR 13	DOUBLE YELLOW IN TRACK SECTOR 13
09-12 22:22:30	2026-09-12T14:22:30.523708+00:00	DOUBLE YELLOW	Flag	Sector	12		2026-09-12T14:22:28|Flag|DOUBLE YELLOW IN TRACK SECTOR 12	DOUBLE YELLOW IN TRACK SECTOR 12	DOUBLE YELLOW IN TRACK SECTOR 12
09-12 22:22:30	2026-09-12T14:22:30.709177+00:00	YELLOW	Flag	Sector	8		2026-09-12T14:22:28|Flag|YELLOW IN TRACK SECTOR 8	YELLOW IN TRACK SECTOR 8	YELLOW IN TRACK SECTOR 8
09-12 22:22:30	2026-09-12T14:22:30.711169+00:00	YELLOW	Flag	Sector	7		2026-09-12T14:22:28|Flag|YELLOW IN TRACK SECTOR 7	YELLOW IN TRACK SECTOR 7	YELLOW IN TRACK SECTOR 7
09-12 22:22:35	2026-09-12T14:22:35.709906+00:00	DOUBLE YELLOW	Flag	Sector	25		2026-09-12T14:22:33|Flag|DOUBLE YELLOW IN TRACK SECTOR 25	DOUBLE YELLOW IN TRACK SECTOR 25	DOUBLE YELLOW IN TRACK SECTOR 25
09-12 22:22:35	2026-09-12T14:22:35.756226+00:00	YELLOW	Flag	Sector	24		2026-09-12T14:22:33|Flag|YELLOW IN TRACK SECTOR 24	YELLOW IN TRACK SECTOR 24	YELLOW IN TRACK SECTOR 24
09-12 22:22:46	2026-09-12T14:22:46.929597+00:00	CLEAR	Flag	Sector	7		2026-09-12T14:22:45|Flag|CLEAR IN TRACK SECTOR 7	CLEAR IN TRACK SECTOR 7	CLEAR IN TRACK SECTOR 7
09-12 22:22:50	2026-09-12T14:22:50.270024+00:00	CLEAR	Flag	Sector	24		2026-09-12T14:22:48|Flag|CLEAR IN TRACK SECTOR 24	CLEAR IN TRACK SECTOR 24	CLEAR IN TRACK SECTOR 24
09-12 22:22:54	2026-09-12T14:22:54.533045+00:00	CLEAR	Flag	Sector	16		2026-09-12T14:22:52|Flag|CLEAR IN TRACK SECTOR 16	CLEAR IN TRACK SECTOR 16	CLEAR IN TRACK SECTOR 16
09-12 22:22:56	2026-09-12T14:22:56.737804+00:00	CLEAR	Flag	Sector	25		2026-09-12T14:22:54|Flag|CLEAR IN TRACK SECTOR 25	CLEAR IN TRACK SECTOR 25	CLEAR IN TRACK SECTOR 25
09-12 22:23:05	2026-09-12T14:23:05.817792+00:00	CLEAR	Flag	Sector	8		2026-09-12T14:23:03|Flag|CLEAR IN TRACK SECTOR 8	CLEAR IN TRACK SECTOR 8	CLEAR IN TRACK SECTOR 8
09-12 22:23:10	2026-09-12T14:23:10.467896+00:00	CLEAR	Flag	Sector	12		2026-09-12T14:23:08|Flag|CLEAR IN TRACK SECTOR 12	CLEAR IN TRACK SECTOR 12	CLEAR IN TRACK SECTOR 12
09-12 22:23:12	2026-09-12T14:23:12.298357+00:00	CLEAR	Flag	Sector	13		2026-09-12T14:23:10|Flag|CLEAR IN TRACK SECTOR 13	CLEAR IN TRACK SECTOR 13	CLEAR IN TRACK SECTOR 13
09-12 22:23:13	2026-09-12T14:23:13.604702+00:00	CLEAR	Flag	Sector	14		2026-09-12T14:23:11|Flag|CLEAR IN TRACK SECTOR 14	CLEAR IN TRACK SECTOR 14	CLEAR IN TRACK SECTOR 14
09-12 22:23:15	2026-09-12T14:23:15.228971+00:00	CLEAR	Flag	Sector	16		2026-09-12T14:23:13|Flag|CLEAR IN TRACK SECTOR 16	CLEAR IN TRACK SECTOR 16	CLEAR IN TRACK SECTOR 16
09-12 22:23:15	2026-09-12T14:23:15.231026+00:00	YELLOW	Flag	Sector	8		2026-09-12T14:23:13|Flag|YELLOW IN TRACK SECTOR 8	YELLOW IN TRACK SECTOR 8	YELLOW IN TRACK SECTOR 8
09-12 22:23:15	2026-09-12T14:23:15.888150+00:00	YELLOW	Flag	Sector	7		2026-09-12T14:23:13|Flag|YELLOW IN TRACK SECTOR 7	YELLOW IN TRACK SECTOR 7	YELLOW IN TRACK SECTOR 7
09-12 22:23:22	2026-09-12T14:23:22.048404+00:00	CLEAR	Flag	Sector	7		2026-09-12T14:23:19|Flag|CLEAR IN TRACK SECTOR 7	CLEAR IN TRACK SECTOR 7	CLEAR IN TRACK SECTOR 7
09-12 22:23:24	2026-09-12T14:23:24.623283+00:00	CLEAR	Flag	Sector	15		2026-09-12T14:23:22|Flag|CLEAR IN TRACK SECTOR 15	CLEAR IN TRACK SECTOR 15	CLEAR IN TRACK SECTOR 15
09-12 22:23:29	2026-09-12T14:23:29.622820+00:00	CLEAR	Flag	Sector	8		2026-09-12T14:23:27|Flag|CLEAR IN TRACK SECTOR 8	CLEAR IN TRACK SECTOR 8	CLEAR IN TRACK SECTOR 8
09-12 22:25:02	2026-09-12T14:25:02.576528+00:00	GREEN	Flag	Track			2026-09-12T14:25:00|Flag|GREEN LIGHT - PIT EXIT OPEN	GREEN LIGHT - PIT EXIT OPEN	GREEN LIGHT - PIT EXIT OPEN
09-12 22:28:33	2026-09-12T14:28:33.536792+00:00	DOUBLE YELLOW	Flag	Sector	15		2026-09-12T14:28:31|Flag|DOUBLE YELLOW IN TRACK SECTOR 15	DOUBLE YELLOW IN TRACK SECTOR 15	DOUBLE YELLOW IN TRACK SECTOR 15
09-12 22:28:34	2026-09-12T14:28:34.697587+00:00	DOUBLE YELLOW	Flag	Sector	14		2026-09-12T14:28:31|Flag|DOUBLE YELLOW IN TRACK SECTOR 14	DOUBLE YELLOW IN TRACK SECTOR 14	DOUBLE YELLOW IN TRACK SECTOR 14
09-12 22:28:34	2026-09-12T14:28:34.699606+00:00	DOUBLE YELLOW	Flag	Sector	13		2026-09-12T14:28:31|Flag|DOUBLE YELLOW IN TRACK SECTOR 13	DOUBLE YELLOW IN TRACK SECTOR 13	DOUBLE YELLOW IN TRACK SECTOR 13
09-12 22:28:34	2026-09-12T14:28:34.701123+00:00	DOUBLE YELLOW	Flag	Sector	12		2026-09-12T14:28:31|Flag|DOUBLE YELLOW IN TRACK SECTOR 12	DOUBLE YELLOW IN TRACK SECTOR 12	DOUBLE YELLOW IN TRACK SECTOR 12
09-12 22:28:35	2026-09-12T14:28:35.348204+00:00	CLEAR	Flag	Sector	15		2026-09-12T14:28:33|Flag|CLEAR IN TRACK SECTOR 15	CLEAR IN TRACK SECTOR 15	CLEAR IN TRACK SECTOR 15
09-12 22:28:39	2026-09-12T14:28:39.826727+00:00	CLEAR	Flag	Sector	12		2026-09-12T14:28:37|Flag|CLEAR IN TRACK SECTOR 12	CLEAR IN TRACK SECTOR 12	CLEAR IN TRACK SECTOR 12
09-12 22:28:41	2026-09-12T14:28:41.578033+00:00	CLEAR	Flag	Sector	13		2026-09-12T14:28:39|Flag|CLEAR IN TRACK SECTOR 13	CLEAR IN TRACK SECTOR 13	CLEAR IN TRACK SECTOR 13
09-12 22:28:45	2026-09-12T14:28:45.114349+00:00	CLEAR	Flag	Sector	14		2026-09-12T14:28:43|Flag|CLEAR IN TRACK SECTOR 14	CLEAR IN TRACK SECTOR 14	CLEAR IN TRACK SECTOR 14
09-12 22:29:54	2026-09-12T14:29:54.726525+00:00		Other				2026-09-12T14:29:52|Other|CAR 22 (TSU) TIME 8:35.899 DELETED - TRACK LIMITS AT TURN 15 LAP 11 16:27:25	CAR 22 (TSU) TIME 8:35.899 DELETED - TRACK LIMITS AT TURN 15 LAP 11 16:27:25	CAR 22 (TSU) TIME 8:35.899 DELETED - TRACK LIMITS AT TURN 15 LAP 11 16:27:25
09-12 22:30:43	2026-09-12T14:30:43.834889+00:00		Other				2026-09-12T14:30:41|Other|CAR 10 (GAS) LAP DELETED - DOUBLE YELLOW AT TURN 11 LAP 9 16:28:33 (PIT)	CAR 10 (GAS) LAP DELETED - DOUBLE YELLOW AT TURN 11 LAP 9 16:28:33 (PIT)	CAR 10 (GAS) LAP DELETED - DOUBLE YELLOW AT TURN 11 LAP 9 16:28:33 (PIT)
09-12 22:40:02	2026-09-12T14:40:02.645514+00:00	CHEQUERED	Flag	Track			2026-09-12T14:40:00|Flag|CHEQUERED FLAG	CHEQUERED FLAG	CHEQUERED FLAG
09-12 22:40:10	2026-09-12T14:40:10.162302+00:00		Other				2026-09-12T14:40:08|Other|FIRST CAR TO TAKE THE FLAG - CAR 22 (TSU)	FIRST CAR TO TAKE THE FLAG - CAR 22 (TSU)	FIRST CAR TO TAKE THE FLAG - CAR 22 (TSU)
09-12 22:41:43	2026-09-12T14:41:43.110361+00:00		Other				2026-09-12T14:41:41|Other|CAR 43 (COL) LAP DELETED - TRACK LIMITS AT TURN 5 LAP 12 16:39:57 (PIT)	CAR 43 (COL) LAP DELETED - TRACK LIMITS AT TURN 5 LAP 12 16:39:57 (PIT)	CAR 43 (COL) LAP DELETED - TRACK LIMITS AT TURN 5 LAP 12 16:39:57 (PIT)
09-12 22:43:06	2026-09-12T14:43:06.515259+00:00		Other				2026-09-12T14:43:04|Other|FIA STEWARDS: Q2 INCIDENT INVOLVING CARS 81 (PIA), 10 (GAS) AND 5 (BOR) NOTED - FAILING TO FOLLOW RACE DIRECTORS INSTRUCTIONS - MAXIMUM DELTA TIME	FIA STEWARDS: Q2 INCIDENT INVOLVING CARS 81 (PIA), 10 (GAS) AND 5 (BOR) NOTED - FAILING TO FOLLOW RACE DIRECTORS INSTRUCTIONS - MAXIMUM DELTA TIME	FIA STEWARDS: Q2 INCIDENT INVOLVING CARS 81 (PIA), 10 (GAS) AND 5 (BOR) NOTED - FAILING TO FOLLOW RACE DIRECTORS INSTRUCTIONS - MAXIMUM DELTA TIME
09-12 22:43:16	2026-09-12T14:43:16.893522+00:00		Other				2026-09-12T14:43:15|Other|FIA STEWARDS: Q2 INCIDENT INVOLVING CARS 81 (PIA), 10 (GAS) AND 5 (BOR) WILL BE INVESTIGATED AFTER THE SESSION - FAILING TO FOLLOW RACE DIRECTORS INSTRUCTIONS - MAXIMUM DELTA TIME	FIA STEWARDS: Q2 INCIDENT INVOLVING CARS 81 (PIA), 10 (GAS) AND 5 (BOR) WILL BE INVESTIGATED AFTER THE SESSION - FAILING TO FOLLOW RACE DIRECTORS INSTRUCTIONS - MAXIMUM DELTA TIME	FIA STEWARDS: Q2 INCIDENT INVOLVING CARS 81 (PIA), 10 (GAS) AND 5 (BOR) WILL BE INVESTIGATED AFTER THE SESSION - FAILING TO FOLLOW RACE DIRECTORS INSTRUCTIONS - MAXIMUM DELTA TIME
09-12 22:44:42	2026-09-12T14:44:42.545068+00:00	DOUBLE YELLOW	Flag	Sector	22		2026-09-12T14:44:40|Flag|DOUBLE YELLOW IN TRACK SECTOR 22	DOUBLE YELLOW IN TRACK SECTOR 22	DOUBLE YELLOW IN TRACK SECTOR 22
09-12 22:44:42	2026-09-12T14:44:42.873857+00:00	YELLOW	Flag	Sector	21		2026-09-12T14:44:40|Flag|YELLOW IN TRACK SECTOR 21	YELLOW IN TRACK SECTOR 21	YELLOW IN TRACK SECTOR 21
09-12 22:44:49	2026-09-12T14:44:49.383603+00:00	CLEAR	Flag	Sector	21		2026-09-12T14:44:47|Flag|CLEAR IN TRACK SECTOR 21	CLEAR IN TRACK SECTOR 21	CLEAR IN TRACK SECTOR 21
09-12 22:44:52	2026-09-12T14:44:52.761746+00:00	CLEAR	Flag	Sector	22		2026-09-12T14:44:51|Flag|CLEAR IN TRACK SECTOR 22	CLEAR IN TRACK SECTOR 22	CLEAR IN TRACK SECTOR 22
09-12 22:47:02	2026-09-12T14:47:02.428739+00:00	GREEN	Flag	Track			2026-09-12T14:47:00|Flag|GREEN LIGHT - PIT EXIT OPEN	GREEN LIGHT - PIT EXIT OPEN	GREEN LIGHT - PIT EXIT OPEN
09-12 22:49:14	2026-09-12T14:49:14.039121+00:00	BLACK AND WHITE	Flag	Driver			2026-09-12T14:49:12|Flag|BLACK AND WHITE FLAG FOR CAR 1 (NOR) - FAILING TO FOLLOW RACE DIRECTORS INSTRUCTIONS (16:47:39)	BLACK AND WHITE FLAG FOR CAR 1 (NOR) - FAILING TO FOLLOW RACE DIRECTORS INSTRUCTIONS (16:47:39)	BLACK AND WHITE FLAG FOR CAR 1 (NOR) - FAILING TO FOLLOW RACE DIRECTORS INSTRUCTIONS (16:47:39)
09-12 22:56:53	2026-09-12T14:56:53.057287+00:00		Other				2026-09-12T14:56:50|Other|INCIDENT INVOLVING CAR 41 (LIN) NOTED - UNSAFE RELEASE (16:55:50)	INCIDENT INVOLVING CAR 41 (LIN) NOTED - UNSAFE RELEASE (16:55:50)	INCIDENT INVOLVING CAR 41 (LIN) NOTED - UNSAFE RELEASE (16:55:50)
09-12 22:57:57	2026-09-12T14:57:57.445532+00:00		Other				2026-09-12T14:57:55|Other|FIA STEWARDS: INCIDENT INVOLVING CAR 41 (LIN) REVIEWED NO FURTHER INVESTIGATION - UNSAFE RELEASE (16:55:50)	FIA STEWARDS: INCIDENT INVOLVING CAR 41 (LIN) REVIEWED NO FURTHER INVESTIGATION - UNSAFE RELEASE (16:55:50)	FIA STEWARDS: INCIDENT INVOLVING CAR 41 (LIN) REVIEWED NO FURTHER INVESTIGATION - UNSAFE RELEASE (16:55:50)
09-12 23:00:02	2026-09-12T15:00:02.427123+00:00	CHEQUERED	Flag	Track			2026-09-12T15:00:00|Flag|CHEQUERED FLAG	CHEQUERED FLAG	CHEQUERED FLAG
09-12 23:00:10	2026-09-12T15:00:10.044113+00:00		Other				2026-09-12T15:00:08|Other|FIRST CAR TO TAKE THE FLAG - CAR 30 (LAW)	FIRST CAR TO TAKE THE FLAG - CAR 30 (LAW)	FIRST CAR TO TAKE THE FLAG - CAR 30 (LAW)
09-12 23:01:55	2026-09-12T15:01:55.441500+00:00		Other				2026-09-12T15:01:53|Other|CAR 43 (COL) LAP DELETED - TRACK LIMITS AT TURN 5 LAP 18 17:00:05 (PIT)	CAR 43 (COL) LAP DELETED - TRACK LIMITS AT TURN 5 LAP 18 17:00:05 (PIT)	CAR 43 (COL) LAP DELETED - TRACK LIMITS AT TURN 5 LAP 18 17:00:05 (PIT)
09-12 23:03:00	2026-09-12T15:03:00.218286+00:00		Other				2026-09-12T15:02:58|Other|FIA STEWARDS: Q3 INCIDENT INVOLVING CARS 12 (ANT) AND 16 (LEC) NOTED - FAILING TO FOLLOW RACE DIRECTORS INSTRUCTIONS - MAXIMUM DELTA TIME	FIA STEWARDS: Q3 INCIDENT INVOLVING CARS 12 (ANT) AND 16 (LEC) NOTED - FAILING TO FOLLOW RACE DIRECTORS INSTRUCTIONS - MAXIMUM DELTA TIME	FIA STEWARDS: Q3 INCIDENT INVOLVING CARS 12 (ANT) AND 16 (LEC) NOTED - FAILING TO FOLLOW RACE DIRECTORS INSTRUCTIONS - MAXIMUM DELTA TIME
09-12 23:03:29	2026-09-12T15:03:29.947932+00:00		Other				2026-09-12T15:03:28|Other|FIA STEWARDS: Q1 INCIDENT INVOLVING CARS 81 (PIA), 63 (RUS), 3 (VER), 27 (HUL), 10 (GAS), 43 (COL), 22 (TSU) AND 77 (BOT) NO FURTHER ACTION - FAILING TO FOLLOW RACE DIRECTORS INSTRUCTIONS - MAXIMUM DELTA TIME	FIA STEWARDS: Q1 INCIDENT INVOLVING CARS 81 (PIA), 63 (RUS), 3 (VER), 27 (HUL), 10 (GAS), 43 (COL), 22 (TSU) AND 77 (BOT) NO FURTHER ACTION - FAILING TO FOLLOW RACE DIRECTORS INSTRUCTIONS - MAXIMUM DELTA TIME	FIA STEWARDS: Q1 INCIDENT INVOLVING CARS 81 (PIA), 63 (RUS), 3 (VER), 27 (HUL), 10 (GAS), 43 (COL), 22 (TSU) AND 77 (BOT) NO FURTHER ACTION - FAILING TO FOLLOW RACE DIRECTORS INSTRUCTIONS - MAXIMUM DELTA TIME
09-12 23:04:24	2026-09-12T15:04:24.529719+00:00		Other				2026-09-12T15:04:22|Other|FIA STEWARDS: Q2 INCIDENT INVOLVING CARS 81 (PIA), 10 (GAS) AND 5 (BOR) NO FURTHER ACTION - FAILING TO FOLLOW RACE DIRECTORS INSTRUCTIONS - MAXIMUM DELTA TIME	FIA STEWARDS: Q2 INCIDENT INVOLVING CARS 81 (PIA), 10 (GAS) AND 5 (BOR) NO FURTHER ACTION - FAILING TO FOLLOW RACE DIRECTORS INSTRUCTIONS - MAXIMUM DELTA TIME	FIA STEWARDS: Q2 INCIDENT INVOLVING CARS 81 (PIA), 10 (GAS) AND 5 (BOR) NO FURTHER ACTION - FAILING TO FOLLOW RACE DIRECTORS INSTRUCTIONS - MAXIMUM DELTA TIME
09-12 23:04:35	2026-09-12T15:04:35.516108+00:00		Other				2026-09-12T15:04:33|Other|FIA STEWARDS: Q3 INCIDENT INVOLVING CARS 12 (ANT) AND 16 (LEC) WILL BE INVESTIGATED AFTER THE SESSION - FAILING TO FOLLOW RACE DIRECTORS INSTRUCTIONS - MAXIMUM DELTA TIME	FIA STEWARDS: Q3 INCIDENT INVOLVING CARS 12 (ANT) AND 16 (LEC) WILL BE INVESTIGATED AFTER THE SESSION - FAILING TO FOLLOW RACE DIRECTORS INSTRUCTIONS - MAXIMUM DELTA TIME	FIA STEWARDS: Q3 INCIDENT INVOLVING CARS 12 (ANT) AND 16 (LEC) WILL BE INVESTIGATED AFTER THE SESSION - FAILING TO FOLLOW RACE DIRECTORS INSTRUCTIONS - MAXIMUM DELTA TIME
09-12 23:04:56	2026-09-12T15:04:56.165920+00:00	DOUBLE YELLOW	Flag	Sector	23		2026-09-12T15:04:52|Flag|DOUBLE YELLOW IN TRACK SECTOR 23	DOUBLE YELLOW IN TRACK SECTOR 23	DOUBLE YELLOW IN TRACK SECTOR 23
09-12 23:04:56	2026-09-12T15:04:56.168040+00:00	YELLOW	Flag	Sector	22		2026-09-12T15:04:52|Flag|YELLOW IN TRACK SECTOR 22	YELLOW IN TRACK SECTOR 22	YELLOW IN TRACK SECTOR 22
09-12 23:04:58	2026-09-12T15:04:58.482211+00:00	DOUBLE YELLOW	Flag	Sector	10		2026-09-12T15:04:56|Flag|DOUBLE YELLOW IN TRACK SECTOR 10	DOUBLE YELLOW IN TRACK SECTOR 10	DOUBLE YELLOW IN TRACK SECTOR 10
09-12 23:04:58	2026-09-12T15:04:58.544974+00:00	YELLOW	Flag	Sector	9		2026-09-12T15:04:56|Flag|YELLOW IN TRACK SECTOR 9	YELLOW IN TRACK SECTOR 9	YELLOW IN TRACK SECTOR 9
09-12 23:05:00	2026-09-12T15:05:00.143500+00:00	DOUBLE YELLOW	Flag	Sector	25		2026-09-12T15:04:58|Flag|DOUBLE YELLOW IN TRACK SECTOR 25	DOUBLE YELLOW IN TRACK SECTOR 25	DOUBLE YELLOW IN TRACK SECTOR 25
09-12 23:05:00	2026-09-12T15:05:00.204620+00:00	YELLOW	Flag	Sector	24		2026-09-12T15:04:58|Flag|YELLOW IN TRACK SECTOR 24	YELLOW IN TRACK SECTOR 24	YELLOW IN TRACK SECTOR 24
09-12 23:05:01	2026-09-12T15:05:01.105277+00:00	DOUBLE YELLOW	Flag	Sector	6		2026-09-12T15:04:59|Flag|DOUBLE YELLOW IN TRACK SECTOR 6	DOUBLE YELLOW IN TRACK SECTOR 6	DOUBLE YELLOW IN TRACK SECTOR 6
09-12 23:05:01	2026-09-12T15:05:01.155241+00:00	YELLOW	Flag	Sector	5		2026-09-12T15:04:59|Flag|YELLOW IN TRACK SECTOR 5	YELLOW IN TRACK SECTOR 5	YELLOW IN TRACK SECTOR 5
09-12 23:05:01	2026-09-12T15:05:01.604544+00:00	DOUBLE YELLOW	Flag	Sector	22		2026-09-12T15:04:59|Flag|DOUBLE YELLOW IN TRACK SECTOR 22	DOUBLE YELLOW IN TRACK SECTOR 22	DOUBLE YELLOW IN TRACK SECTOR 22
09-12 23:05:01	2026-09-12T15:05:01.639915+00:00	YELLOW	Flag	Sector	21		2026-09-12T15:04:59|Flag|YELLOW IN TRACK SECTOR 21	YELLOW IN TRACK SECTOR 21	YELLOW IN TRACK SECTOR 21
09-12 23:05:04	2026-09-12T15:05:04.099507+00:00	DOUBLE YELLOW	Flag	Sector	17		2026-09-12T15:05:02|Flag|DOUBLE YELLOW IN TRACK SECTOR 17	DOUBLE YELLOW IN TRACK SECTOR 17	DOUBLE YELLOW IN TRACK SECTOR 17
09-12 23:05:05	2026-09-12T15:05:05.603598+00:00	DOUBLE YELLOW	Flag	Sector	9		2026-09-12T15:05:03|Flag|DOUBLE YELLOW IN TRACK SECTOR 9	DOUBLE YELLOW IN TRACK SECTOR 9	DOUBLE YELLOW IN TRACK SECTOR 9
09-12 23:05:06	2026-09-12T15:05:06.104733+00:00	DOUBLE YELLOW	Flag	Sector	7		2026-09-12T15:05:04|Flag|DOUBLE YELLOW IN TRACK SECTOR 7	DOUBLE YELLOW IN TRACK SECTOR 7	DOUBLE YELLOW IN TRACK SECTOR 7
09-12 23:05:07	2026-09-12T15:05:07.690134+00:00	CLEAR	Flag	Sector	24		2026-09-12T15:05:05|Flag|CLEAR IN TRACK SECTOR 24	CLEAR IN TRACK SECTOR 24	CLEAR IN TRACK SECTOR 24
09-12 23:05:09	2026-09-12T15:05:09.092973+00:00	CLEAR	Flag	Sector	21		2026-09-12T15:05:07|Flag|CLEAR IN TRACK SECTOR 21	CLEAR IN TRACK SECTOR 21	CLEAR IN TRACK SECTOR 21
09-12 23:05:11	2026-09-12T15:05:11.536532+00:00	CLEAR	Flag	Sector	5		2026-09-12T15:05:09|Flag|CLEAR IN TRACK SECTOR 5	CLEAR IN TRACK SECTOR 5	CLEAR IN TRACK SECTOR 5
09-12 23:05:12	2026-09-12T15:05:12.763816+00:00	DOUBLE YELLOW	Flag	Sector	20		2026-09-12T15:05:11|Flag|DOUBLE YELLOW IN TRACK SECTOR 20	DOUBLE YELLOW IN TRACK SECTOR 20	DOUBLE YELLOW IN TRACK SECTOR 20
09-12 23:05:16	2026-09-12T15:05:16.899423+00:00	CLEAR	Flag	Sector	9		2026-09-12T15:05:15|Flag|CLEAR IN TRACK SECTOR 9	CLEAR IN TRACK SECTOR 9	CLEAR IN TRACK SECTOR 9
09-12 23:05:18	2026-09-12T15:05:18.859435+00:00	DOUBLE YELLOW	Flag	Sector	2		2026-09-12T15:05:17|Flag|DOUBLE YELLOW IN TRACK SECTOR 2	DOUBLE YELLOW IN TRACK SECTOR 2	DOUBLE YELLOW IN TRACK SECTOR 2
09-12 23:05:24	2026-09-12T15:05:24.264802+00:00	DOUBLE YELLOW	Flag	Sector	24		2026-09-12T15:05:21|Flag|DOUBLE YELLOW IN TRACK SECTOR 24	DOUBLE YELLOW IN TRACK SECTOR 24	DOUBLE YELLOW IN TRACK SECTOR 24
09-12 23:05:26	2026-09-12T15:05:26.672678+00:00	CLEAR	Flag	Sector	24		2026-09-12T15:05:24|Flag|CLEAR IN TRACK SECTOR 24	CLEAR IN TRACK SECTOR 24	CLEAR IN TRACK SECTOR 24
09-12 23:05:30	2026-09-12T15:05:30.000268+00:00	DOUBLE YELLOW	Flag	Sector	21		2026-09-12T15:05:28|Flag|DOUBLE YELLOW IN TRACK SECTOR 21	DOUBLE YELLOW IN TRACK SECTOR 21	DOUBLE YELLOW IN TRACK SECTOR 21
09-12 23:05:30	2026-09-12T15:05:30.469401+00:00	YELLOW	Flag	Sector	16		2026-09-12T15:05:28|Flag|YELLOW IN TRACK SECTOR 16	YELLOW IN TRACK SECTOR 16	YELLOW IN TRACK SECTOR 16
09-12 23:05:33	2026-09-12T15:05:33.614249+00:00	DOUBLE YELLOW	Flag	Sector	18		2026-09-12T15:05:31|Flag|DOUBLE YELLOW IN TRACK SECTOR 18	DOUBLE YELLOW IN TRACK SECTOR 18	DOUBLE YELLOW IN TRACK SECTOR 18
09-12 23:05:37	2026-09-12T15:05:37.592527+00:00	CLEAR	Flag	Sector	16		2026-09-12T15:05:35|Flag|CLEAR IN TRACK SECTOR 16	CLEAR IN TRACK SECTOR 16	CLEAR IN TRACK SECTOR 16
09-12 23:05:38	2026-09-12T15:05:38.712984+00:00	DOUBLE YELLOW	Flag	Sector	8		2026-09-12T15:05:36|Flag|DOUBLE YELLOW IN TRACK SECTOR 8	DOUBLE YELLOW IN TRACK SECTOR 8	DOUBLE YELLOW IN TRACK SECTOR 8
09-12 23:05:43	2026-09-12T15:05:43.316166+00:00	DOUBLE YELLOW	Flag	Sector	1		2026-09-12T15:05:41|Flag|DOUBLE YELLOW IN TRACK SECTOR 1	DOUBLE YELLOW IN TRACK SECTOR 1	DOUBLE YELLOW IN TRACK SECTOR 1
09-12 23:05:43	2026-09-12T15:05:43.363967+00:00	DOUBLE YELLOW	Flag	Sector	9		2026-09-12T15:05:41|Flag|DOUBLE YELLOW IN TRACK SECTOR 9	DOUBLE YELLOW IN TRACK SECTOR 9	DOUBLE YELLOW IN TRACK SECTOR 9
09-12 23:05:47	2026-09-12T15:05:47.284308+00:00	DOUBLE YELLOW	Flag	Sector	24		2026-09-12T15:05:45|Flag|DOUBLE YELLOW IN TRACK SECTOR 24	DOUBLE YELLOW IN TRACK SECTOR 24	DOUBLE YELLOW IN TRACK SECTOR 24
09-12 23:05:49	2026-09-12T15:05:49.269678+00:00	DOUBLE YELLOW	Flag	Sector	4		2026-09-12T15:05:47|Flag|DOUBLE YELLOW IN TRACK SECTOR 4	DOUBLE YELLOW IN TRACK SECTOR 4	DOUBLE YELLOW IN TRACK SECTOR 4
09-12 23:05:58	2026-09-12T15:05:58.428076+00:00	DOUBLE YELLOW	Flag	Sector	26		2026-09-12T15:05:56|Flag|DOUBLE YELLOW IN TRACK SECTOR 26	DOUBLE YELLOW IN TRACK SECTOR 26	DOUBLE YELLOW IN TRACK SECTOR 26
09-12 23:06:03	2026-09-12T15:06:03.132696+00:00	DOUBLE YELLOW	Flag	Sector	19		2026-09-12T15:06:01|Flag|DOUBLE YELLOW IN TRACK SECTOR 19	DOUBLE YELLOW IN TRACK SECTOR 19	DOUBLE YELLOW IN TRACK SECTOR 19
09-12 23:06:07	2026-09-12T15:06:07.408110+00:00	DOUBLE YELLOW	Flag	Sector	16		2026-09-12T15:06:03|Flag|DOUBLE YELLOW IN TRACK SECTOR 16	DOUBLE YELLOW IN TRACK SECTOR 16	DOUBLE YELLOW IN TRACK SECTOR 16
09-12 23:06:10	2026-09-12T15:06:10.657036+00:00	DOUBLE YELLOW	Flag	Sector	5		2026-09-12T15:06:08|Flag|DOUBLE YELLOW IN TRACK SECTOR 5	DOUBLE YELLOW IN TRACK SECTOR 5	DOUBLE YELLOW IN TRACK SECTOR 5
09-12 23:06:18	2026-09-12T15:06:18.872189+00:00	DOUBLE YELLOW	Flag	Sector	15		2026-09-12T15:06:17|Flag|DOUBLE YELLOW IN TRACK SECTOR 15	DOUBLE YELLOW IN TRACK SECTOR 15	DOUBLE YELLOW IN TRACK SECTOR 15
09-12 23:06:31	2026-09-12T15:06:31.127191+00:00	DOUBLE YELLOW	Flag	Sector	14		2026-09-12T15:06:29|Flag|DOUBLE YELLOW IN TRACK SECTOR 14	DOUBLE YELLOW IN TRACK SECTOR 14	DOUBLE YELLOW IN TRACK SECTOR 14
09-12 23:06:42	2026-09-12T15:06:42.248428+00:00	DOUBLE YELLOW	Flag	Sector	13		2026-09-12T15:06:40|Flag|DOUBLE YELLOW IN TRACK SECTOR 13	DOUBLE YELLOW IN TRACK SECTOR 13	DOUBLE YELLOW IN TRACK SECTOR 13
09-12 23:08:14	2026-09-12T15:08:14.409886+00:00	CLEAR	Flag	Sector	23		2026-09-12T15:08:12|Flag|CLEAR IN TRACK SECTOR 23	CLEAR IN TRACK SECTOR 23	CLEAR IN TRACK SECTOR 23
09-12 23:08:26	2026-09-12T15:08:26.957080+00:00	DOUBLE YELLOW	Flag	Sector	3		2026-09-12T15:08:25|Flag|DOUBLE YELLOW IN TRACK SECTOR 3	DOUBLE YELLOW IN TRACK SECTOR 3	DOUBLE YELLOW IN TRACK SECTOR 3
09-12 23:08:28	2026-09-12T15:08:28.036351+00:00	CLEAR	Flag	Sector	10		2026-09-12T15:08:26|Flag|CLEAR IN TRACK SECTOR 10	CLEAR IN TRACK SECTOR 10	CLEAR IN TRACK SECTOR 10
09-12 23:08:33	2026-09-12T15:08:33.619498+00:00	CLEAR	Flag	Sector	9		2026-09-12T15:08:31|Flag|CLEAR IN TRACK SECTOR 9	CLEAR IN TRACK SECTOR 9	CLEAR IN TRACK SECTOR 9
09-12 23:09:21	2026-09-12T15:09:21.496615+00:00	CLEAR	Flag	Sector	25		2026-09-12T15:09:19|Flag|CLEAR IN TRACK SECTOR 25	CLEAR IN TRACK SECTOR 25	CLEAR IN TRACK SECTOR 25
09-12 23:09:30	2026-09-12T15:09:30.136998+00:00	CLEAR	Flag	Sector	20		2026-09-12T15:09:28|Flag|CLEAR IN TRACK SECTOR 20	CLEAR IN TRACK SECTOR 20	CLEAR IN TRACK SECTOR 20
09-12 23:09:38	2026-09-12T15:09:38.786505+00:00	DOUBLE YELLOW	Flag	Sector	20		2026-09-12T15:09:37|Flag|DOUBLE YELLOW IN TRACK SECTOR 20	DOUBLE YELLOW IN TRACK SECTOR 20	DOUBLE YELLOW IN TRACK SECTOR 20
09-12 23:10:03	2026-09-12T15:10:03.196430+00:00	CLEAR	Flag	Sector	8		2026-09-12T15:10:01|Flag|CLEAR IN TRACK SECTOR 8	CLEAR IN TRACK SECTOR 8	CLEAR IN TRACK SECTOR 8
09-12 23:10:12	2026-09-12T15:10:12.398256+00:00	DOUBLE YELLOW	Flag	Sector	8		2026-09-12T15:10:10|Flag|DOUBLE YELLOW IN TRACK SECTOR 8	DOUBLE YELLOW IN TRACK SECTOR 8	DOUBLE YELLOW IN TRACK SECTOR 8
09-12 23:10:21	2026-09-12T15:10:21.571419+00:00	YELLOW	Flag	Sector	22		2026-09-12T15:10:19|Flag|YELLOW IN TRACK SECTOR 22	YELLOW IN TRACK SECTOR 22	YELLOW IN TRACK SECTOR 22
09-12 23:10:31	2026-09-12T15:10:31.217141+00:00	CLEAR	Flag	Sector	1		2026-09-12T15:10:28|Flag|CLEAR IN TRACK SECTOR 1	CLEAR IN TRACK SECTOR 1	CLEAR IN TRACK SECTOR 1
09-12 23:10:32	2026-09-12T15:10:32.760721+00:00	CLEAR	Flag	Sector	8		2026-09-12T15:10:31|Flag|CLEAR IN TRACK SECTOR 8	CLEAR IN TRACK SECTOR 8	CLEAR IN TRACK SECTOR 8
09-12 23:10:34	2026-09-12T15:10:34.276138+00:00	CLEAR	Flag	Sector	21		2026-09-12T15:10:32|Flag|CLEAR IN TRACK SECTOR 21	CLEAR IN TRACK SECTOR 21	CLEAR IN TRACK SECTOR 21
09-12 23:10:41	2026-09-12T15:10:41.894498+00:00	DOUBLE YELLOW	Flag	Sector	1		2026-09-12T15:10:40|Flag|DOUBLE YELLOW IN TRACK SECTOR 1	DOUBLE YELLOW IN TRACK SECTOR 1	DOUBLE YELLOW IN TRACK SECTOR 1
09-12 23:10:53	2026-09-12T15:10:53.669278+00:00	CLEAR	Flag	Sector	2		2026-09-12T15:10:51|Flag|CLEAR IN TRACK SECTOR 2	CLEAR IN TRACK SECTOR 2	CLEAR IN TRACK SECTOR 2
09-12 23:10:56	2026-09-12T15:10:56.565656+00:00	CLEAR	Flag	Sector	1		2026-09-12T15:10:54|Flag|CLEAR IN TRACK SECTOR 1	CLEAR IN TRACK SECTOR 1	CLEAR IN TRACK SECTOR 1
09-12 23:10:56	2026-09-12T15:10:56.567914+00:00	CLEAR	Flag	Sector	7		2026-09-12T15:10:54|Flag|CLEAR IN TRACK SECTOR 7	CLEAR IN TRACK SECTOR 7	CLEAR IN TRACK SECTOR 7
09-12 23:11:07	2026-09-12T15:11:07.397509+00:00	CLEAR	Flag	Sector	24		2026-09-12T15:11:05|Flag|CLEAR IN TRACK SECTOR 24	CLEAR IN TRACK SECTOR 24	CLEAR IN TRACK SECTOR 24
09-12 23:11:18	2026-09-12T15:11:18.616414+00:00	CLEAR	Flag	Sector	17		2026-09-12T15:11:16|Flag|CLEAR IN TRACK SECTOR 17	CLEAR IN TRACK SECTOR 17	CLEAR IN TRACK SECTOR 17
09-12 23:19:41	2026-09-12T15:19:41.871986+00:00	CLEAR	Flag	Sector	5		2026-09-12T15:19:40|Flag|CLEAR IN TRACK SECTOR 5	CLEAR IN TRACK SECTOR 5	CLEAR IN TRACK SECTOR 5
09-12 23:21:07	2026-09-12T15:21:07.438102+00:00	DOUBLE YELLOW	Flag	Sector	22		2026-09-12T15:21:05|Flag|DOUBLE YELLOW IN TRACK SECTOR 22	DOUBLE YELLOW IN TRACK SECTOR 22	DOUBLE YELLOW IN TRACK SECTOR 22
09-13 20:20:03	2026-09-13T12:20:03.113582+00:00	GREEN	Flag	Track			2026-09-13T12:20:01|Flag|GREEN LIGHT - PIT EXIT OPEN	GREEN LIGHT - PIT EXIT OPEN	GREEN LIGHT - PIT EXIT OPEN
09-13 20:25:11	2026-09-13T12:25:11.577700+00:00		Other				2026-09-13T12:25:09|Other|YELLOW IN PIT LANE	YELLOW IN PIT LANE	YELLOW IN PIT LANE
09-13 20:28:04	2026-09-13T12:28:04.088684+00:00		Other				2026-09-13T12:28:02|Other|PIT LANE CLEAR	PIT LANE CLEAR	PIT LANE CLEAR
09-13 20:30:03	2026-09-13T12:30:03.605411+00:00		Other				2026-09-13T12:30:01|Other|PIT EXIT CLOSED	PIT EXIT CLOSED	PIT EXIT CLOSED
09-13 20:45:10	2026-09-13T12:45:10.350656+00:00		Other				2026-09-13T12:45:08|Other|RISK OF RAIN FOR THE F1 RACE IS 0%	RISK OF RAIN FOR THE F1 RACE IS 0%	RISK OF RAIN FOR THE F1 RACE IS 0%
09-13 20:50:21	2026-09-13T12:50:21.993934+00:00	YELLOW	Flag	Sector	10		2026-09-13T12:50:20|Flag|YELLOW IN TRACK SECTOR 10	YELLOW IN TRACK SECTOR 10	YELLOW IN TRACK SECTOR 10
09-13 20:50:43	2026-09-13T12:50:43.351673+00:00	CLEAR	Flag	Sector	10		2026-09-13T12:50:41|Flag|CLEAR IN TRACK SECTOR 10	CLEAR IN TRACK SECTOR 10	CLEAR IN TRACK SECTOR 10
09-13 20:57:05	2026-09-13T12:57:05.342786+00:00		Other				2026-09-13T12:57:03|Other|OVERTAKE DISABLED	OVERTAKE DISABLED	OVERTAKE DISABLED
09-13 21:04:06	2026-09-13T13:04:06.527415+00:00		Other				2026-09-13T13:04:04|Other|RACE START	RACE START	RACE START
09-13 21:04:18	2026-09-13T13:04:18.312760+00:00	YELLOW	Flag	Sector	2		2026-09-13T13:04:15|Flag|YELLOW IN TRACK SECTOR 2	YELLOW IN TRACK SECTOR 2	YELLOW IN TRACK SECTOR 2
09-13 21:04:18	2026-09-13T13:04:18.319383+00:00	YELLOW	Flag	Sector	1		2026-09-13T13:04:15|Flag|YELLOW IN TRACK SECTOR 1	YELLOW IN TRACK SECTOR 1	YELLOW IN TRACK SECTOR 1
09-13 21:04:20	2026-09-13T13:04:20.193051+00:00	CLEAR	Flag	Sector	2		2026-09-13T13:04:18|Flag|CLEAR IN TRACK SECTOR 2	CLEAR IN TRACK SECTOR 2	CLEAR IN TRACK SECTOR 2
09-13 21:04:26	2026-09-13T13:04:26.067315+00:00		Other				2026-09-13T13:04:23|Other|PIT EXIT OPEN	PIT EXIT OPEN	PIT EXIT OPEN
09-13 21:04:35	2026-09-13T13:04:35.141035+00:00	CLEAR	Flag	Sector	1		2026-09-13T13:04:33|Flag|CLEAR IN TRACK SECTOR 1	CLEAR IN TRACK SECTOR 1	CLEAR IN TRACK SECTOR 1
09-13 21:05:40	2026-09-13T13:05:40.975896+00:00		Other				2026-09-13T13:05:39|Other|OVERTAKE ENABLED	OVERTAKE ENABLED	OVERTAKE ENABLED
09-13 21:09:08	2026-09-13T13:09:08.943547+00:00		Other				2026-09-13T13:09:06|Other|TURN 1 INCIDENT INVOLVING CAR 3 (VER) NOTED - LEAVING THE TRACK AND GAINING AN ADVANTAGE (15:04:12)	TURN 1 INCIDENT INVOLVING CAR 3 (VER) NOTED - LEAVING THE TRACK AND GAINING AN ADVANTAGE (15:04:12)	TURN 1 INCIDENT INVOLVING CAR 3 (VER) NOTED - LEAVING THE TRACK AND GAINING AN ADVANTAGE (15:04:12)
09-13 21:09:51	2026-09-13T13:09:51.663090+00:00		Other				2026-09-13T13:09:49|Other|TURN 1 INCIDENT INVOLVING CARS 55 (SAI) AND 22 (TSU) NOTED - CAUSING A COLLISION (15:04:12)	TURN 1 INCIDENT INVOLVING CARS 55 (SAI) AND 22 (TSU) NOTED - CAUSING A COLLISION (15:04:12)	TURN 1 INCIDENT INVOLVING CARS 55 (SAI) AND 22 (TSU) NOTED - CAUSING A COLLISION (15:04:12)
09-13 21:10:57	2026-09-13T13:10:57.026430+00:00		Other				2026-09-13T13:10:55|Other|FIA STEWARDS: TURN 1 INCIDENT INVOLVING CAR 3 (VER) REVIEWED NO FURTHER INVESTIGATION - LEAVING THE TRACK AND GAINING AN ADVANTAGE (15:04:12)	FIA STEWARDS: TURN 1 INCIDENT INVOLVING CAR 3 (VER) REVIEWED NO FURTHER INVESTIGATION - LEAVING THE TRACK AND GAINING AN ADVANTAGE (15:04:12)	FIA STEWARDS: TURN 1 INCIDENT INVOLVING CAR 3 (VER) REVIEWED NO FURTHER INVESTIGATION - LEAVING THE TRACK AND GAINING AN ADVANTAGE (15:04:12)
09-13 21:11:03	2026-09-13T13:11:03.664657+00:00		Other				2026-09-13T13:11:01|Other|CAR 81 (PIA) LAP DELETED - TRACK LIMITS AT TURN 5 LAP 1 15:04:34	CAR 81 (PIA) LAP DELETED - TRACK LIMITS AT TURN 5 LAP 1 15:04:34	CAR 81 (PIA) LAP DELETED - TRACK LIMITS AT TURN 5 LAP 1 15:04:34
09-13 21:11:06	2026-09-13T13:11:06.149333+00:00		Other				2026-09-13T13:11:03|Other|CAR 44 (HAM) TIME 1:43.055 DELETED - TRACK LIMITS AT TURN 1 LAP 4 15:09:18	CAR 44 (HAM) TIME 1:43.055 DELETED - TRACK LIMITS AT TURN 1 LAP 4 15:09:18	CAR 44 (HAM) TIME 1:43.055 DELETED - TRACK LIMITS AT TURN 1 LAP 4 15:09:18
09-13 21:12:26	2026-09-13T13:12:26.875562+00:00	YELLOW	Flag	Sector	23		2026-09-13T13:12:24|Flag|YELLOW IN TRACK SECTOR 23	YELLOW IN TRACK SECTOR 23	YELLOW IN TRACK SECTOR 23
09-13 21:12:26	2026-09-13T13:12:26.899655+00:00	YELLOW	Flag	Sector	22		2026-09-13T13:12:25|Flag|YELLOW IN TRACK SECTOR 22	YELLOW IN TRACK SECTOR 22	YELLOW IN TRACK SECTOR 22
09-13 21:12:30	2026-09-13T13:12:30.473254+00:00	CLEAR	Flag	Sector	23		2026-09-13T13:12:28|Flag|CLEAR IN TRACK SECTOR 23	CLEAR IN TRACK SECTOR 23	CLEAR IN TRACK SECTOR 23
09-13 21:12:31	2026-09-13T13:12:31.822690+00:00	CLEAR	Flag	Sector	22		2026-09-13T13:12:30|Flag|CLEAR IN TRACK SECTOR 22	CLEAR IN TRACK SECTOR 22	CLEAR IN TRACK SECTOR 22
09-13 21:12:45	2026-09-13T13:12:45.590134+00:00		Other				2026-09-13T13:12:43|Other|CAR 44 (HAM) TIME 1:43.055 DELETED - TRACK LIMITS AT TURN 5 LAP 4 15:09:34	CAR 44 (HAM) TIME 1:43.055 DELETED - TRACK LIMITS AT TURN 5 LAP 4 15:09:34	CAR 44 (HAM) TIME 1:43.055 DELETED - TRACK LIMITS AT TURN 5 LAP 4 15:09:34
09-13 21:13:03	2026-09-13T13:13:03.712090+00:00		Other				2026-09-13T13:13:01|Other|CAR 44 (HAM) TIME 1:51.932 DELETED - TRACK LIMITS AT TURN 1 LAP 5 15:11:01	CAR 44 (HAM) TIME 1:51.932 DELETED - TRACK LIMITS AT TURN 1 LAP 5 15:11:01	CAR 44 (HAM) TIME 1:51.932 DELETED - TRACK LIMITS AT TURN 1 LAP 5 15:11:01
09-13 21:13:05	2026-09-13T13:13:05.011913+00:00		Other				2026-09-13T13:13:03|Other|CAR 44 (HAM) TIME 1:51.932 DELETED - TRACK LIMITS AT TURN 20 LAP 5 15:12:23	CAR 44 (HAM) TIME 1:51.932 DELETED - TRACK LIMITS AT TURN 20 LAP 5 15:12:23	CAR 44 (HAM) TIME 1:51.932 DELETED - TRACK LIMITS AT TURN 20 LAP 5 15:12:23
09-13 21:13:40	2026-09-13T13:13:40.892486+00:00	BLACK AND WHITE	Flag	Driver			2026-09-13T13:13:38|Flag|BLACK AND WHITE FLAG FOR CAR 44 (HAM) - TRACK LIMITS	BLACK AND WHITE FLAG FOR CAR 44 (HAM) - TRACK LIMITS	BLACK AND WHITE FLAG FOR CAR 44 (HAM) - TRACK LIMITS
09-13 21:15:08	2026-09-13T13:15:08.536161+00:00		Other				2026-09-13T13:15:06|Other|CAR 12 (ANT) TIME 1:41.166 DELETED - TRACK LIMITS AT TURN 17 LAP 6 15:13:39	CAR 12 (ANT) TIME 1:41.166 DELETED - TRACK LIMITS AT TURN 17 LAP 6 15:13:39	CAR 12 (ANT) TIME 1:41.166 DELETED - TRACK LIMITS AT TURN 17 LAP 6 15:13:39
09-13 21:15:11	2026-09-13T13:15:11.983350+00:00		Other				2026-09-13T13:15:10|Other|CAR 44 (HAM) LAP DELETED - TRACK LIMITS AT TURN 17 LAP 6 15:14:10 (PIT)	CAR 44 (HAM) LAP DELETED - TRACK LIMITS AT TURN 17 LAP 6 15:14:10 (PIT)	CAR 44 (HAM) LAP DELETED - TRACK LIMITS AT TURN 17 LAP 6 15:14:10 (PIT)
09-13 21:15:54	2026-09-13T13:15:54.277033+00:00		Other				2026-09-13T13:15:52|Other|FIA STEWARDS: TURN 1 INCIDENT INVOLVING CARS 55 (SAI) AND 22 (TSU) REVIEWED NO FURTHER INVESTIGATION - CAUSING A COLLISION (15:04:12)	FIA STEWARDS: TURN 1 INCIDENT INVOLVING CARS 55 (SAI) AND 22 (TSU) REVIEWED NO FURTHER INVESTIGATION - CAUSING A COLLISION (15:04:12)	FIA STEWARDS: TURN 1 INCIDENT INVOLVING CARS 55 (SAI) AND 22 (TSU) REVIEWED NO FURTHER INVESTIGATION - CAUSING A COLLISION (15:04:12)
09-13 21:17:21	2026-09-13T13:17:21.159488+00:00		Other				2026-09-13T13:17:18|Other|CAR 22 (TSU) TIME 1:43.517 DELETED - TRACK LIMITS AT TURN 15 LAP 7 15:15:43	CAR 22 (TSU) TIME 1:43.517 DELETED - TRACK LIMITS AT TURN 15 LAP 7 15:15:43	CAR 22 (TSU) TIME 1:43.517 DELETED - TRACK LIMITS AT TURN 15 LAP 7 15:15:43
09-13 21:19:27	2026-09-13T13:19:27.650415+00:00		Other				2026-09-13T13:19:25|Other|INCIDENT INVOLVING CAR 81 (PIA) NOTED - YELLOW FLAG INFRINGEMENT (15:12::25)	INCIDENT INVOLVING CAR 81 (PIA) NOTED - YELLOW FLAG INFRINGEMENT (15:12::25)	INCIDENT INVOLVING CAR 81 (PIA) NOTED - YELLOW FLAG INFRINGEMENT (15:12::25)
09-13 21:20:29	2026-09-13T13:20:29.278769+00:00		Other				2026-09-13T13:20:27|Other|CAR 22 (TSU) TIME 1:43.759 DELETED - TRACK LIMITS AT TURN 15 LAP 8 15:17:27	CAR 22 (TSU) TIME 1:43.759 DELETED - TRACK LIMITS AT TURN 15 LAP 8 15:17:27	CAR 22 (TSU) TIME 1:43.759 DELETED - TRACK LIMITS AT TURN 15 LAP 8 15:17:27
09-13 21:22:41	2026-09-13T13:22:41.343628+00:00		Other				2026-09-13T13:22:39|Other|INCIDENT INVOLVING CAR 41 (LIN) NOTED - YELLOW FLAG INFRINGEMENT (15:12:24)	INCIDENT INVOLVING CAR 41 (LIN) NOTED - YELLOW FLAG INFRINGEMENT (15:12:24)	INCIDENT INVOLVING CAR 41 (LIN) NOTED - YELLOW FLAG INFRINGEMENT (15:12:24)
09-13 21:24:33	2026-09-13T13:24:33.159646+00:00		Other				2026-09-13T13:24:31|Other|FIA STEWARDS: INCIDENT INVOLVING CAR 81 (PIA) REVIEWED NO FURTHER INVESTIGATION - YELLOW FLAG INFRINGEMENT (15:12::25)	FIA STEWARDS: INCIDENT INVOLVING CAR 81 (PIA) REVIEWED NO FURTHER INVESTIGATION - YELLOW FLAG INFRINGEMENT (15:12::25)	FIA STEWARDS: INCIDENT INVOLVING CAR 81 (PIA) REVIEWED NO FURTHER INVESTIGATION - YELLOW FLAG INFRINGEMENT (15:12::25)
09-13 21:24:58	2026-09-13T13:24:58.718595+00:00		Other				2026-09-13T13:24:56|Other|FIA STEWARDS: INCIDENT INVOLVING CAR 41 (LIN) REVIEWED NO FURTHER INVESTIGATION - YELLOW FLAG INFRINGEMENT (15:12:24)	FIA STEWARDS: INCIDENT INVOLVING CAR 41 (LIN) REVIEWED NO FURTHER INVESTIGATION - YELLOW FLAG INFRINGEMENT (15:12:24)	FIA STEWARDS: INCIDENT INVOLVING CAR 41 (LIN) REVIEWED NO FURTHER INVESTIGATION - YELLOW FLAG INFRINGEMENT (15:12:24)
09-13 21:25:43	2026-09-13T13:25:43.384070+00:00		Other				2026-09-13T13:25:40|Other|CAR 55 (SAI) TIME 1:44.117 DELETED - TRACK LIMITS AT TURN 5 LAP 12 15:23:43	CAR 55 (SAI) TIME 1:44.117 DELETED - TRACK LIMITS AT TURN 5 LAP 12 15:23:43	CAR 55 (SAI) TIME 1:44.117 DELETED - TRACK LIMITS AT TURN 5 LAP 12 15:23:43
09-13 21:26:26	2026-09-13T13:26:26.348023+00:00		Other				2026-09-13T13:26:24|Other|CAR 22 (TSU) TIME 1:44.359 DELETED - TRACK LIMITS AT TURN 6 LAP 12 15:23:41	CAR 22 (TSU) TIME 1:44.359 DELETED - TRACK LIMITS AT TURN 6 LAP 12 15:23:41	CAR 22 (TSU) TIME 1:44.359 DELETED - TRACK LIMITS AT TURN 6 LAP 12 15:23:41
09-13 21:26:50	2026-09-13T13:26:50.337413+00:00		Other				2026-09-13T13:26:24|Other|CAR 22 (TSU) TIME 1:44.359 DELETED - TRACK LIMITS AT TURN 6 LAP 12 15:23:41	CAR 22 (TSU) TIME 1:44.359 DELETED - TRACK LIMITS AT TURN 6 LAP 12 15:23:41	CAR 22 (TSU) TIME 1:44.359 DELETED - TRACK LIMITS AT TURN 6 LAP 12 15:23:41
09-13 21:26:50	2026-09-13T13:26:50.339676+00:00	YELLOW	Flag	Sector	23		2026-09-13T13:26:41|Flag|YELLOW IN TRACK SECTOR 23	YELLOW IN TRACK SECTOR 23	YELLOW IN TRACK SECTOR 23
09-13 21:26:50	2026-09-13T13:26:50.341390+00:00	YELLOW	Flag	Sector	22		2026-09-13T13:26:41|Flag|YELLOW IN TRACK SECTOR 22	YELLOW IN TRACK SECTOR 22	YELLOW IN TRACK SECTOR 22
09-13 21:27:20	2026-09-13T13:27:20.593348+00:00		SafetyCar				2026-09-13T13:27:18|SafetyCar|VSC DEPLOYED	VSC DEPLOYED	VSC DEPLOYED
09-13 21:27:36	2026-09-13T13:27:36.713069+00:00		Other				2026-09-13T13:27:34|Other|MARSHALS ON TRACK AT TURN 20	MARSHALS ON TRACK AT TURN 20	MARSHALS ON TRACK AT TURN 20
09-13 21:27:53	2026-09-13T13:27:53.365658+00:00	DOUBLE YELLOW	Flag	Sector	5		2026-09-13T13:27:51|Flag|DOUBLE YELLOW IN TRACK SECTOR 5	DOUBLE YELLOW IN TRACK SECTOR 5	DOUBLE YELLOW IN TRACK SECTOR 5
09-13 21:28:06	2026-09-13T13:28:06.407864+00:00		Other				2026-09-13T13:28:04|Other|MARSHALS ON TRACK AT TURN 5	MARSHALS ON TRACK AT TURN 5	MARSHALS ON TRACK AT TURN 5
09-13 21:28:16	2026-09-13T13:28:16.388021+00:00	CLEAR	Flag	Sector	22		2026-09-13T13:28:14|Flag|CLEAR IN TRACK SECTOR 22	CLEAR IN TRACK SECTOR 22	CLEAR IN TRACK SECTOR 22
09-13 21:28:17	2026-09-13T13:28:17.553354+00:00	CLEAR	Flag	Sector	23		2026-09-13T13:28:15|Flag|CLEAR IN TRACK SECTOR 23	CLEAR IN TRACK SECTOR 23	CLEAR IN TRACK SECTOR 23
09-13 21:29:05	2026-09-13T13:29:05.602470+00:00	CLEAR	Flag	Sector	5		2026-09-13T13:29:03|Flag|CLEAR IN TRACK SECTOR 5	CLEAR IN TRACK SECTOR 5	CLEAR IN TRACK SECTOR 5
09-13 21:29:14	2026-09-13T13:29:14.902663+00:00		Other				2026-09-13T13:29:13|Other|CAR 55 (SAI) TIME 1:43.256 DELETED - TRACK LIMITS AT TURN 15 LAP 13 15:26:08	CAR 55 (SAI) TIME 1:43.256 DELETED - TRACK LIMITS AT TURN 15 LAP 13 15:26:08	CAR 55 (SAI) TIME 1:43.256 DELETED - TRACK LIMITS AT TURN 15 LAP 13 15:26:08
09-13 21:29:23	2026-09-13T13:29:23.409745+00:00		SafetyCar				2026-09-13T13:29:21|SafetyCar|VSC ENDING	VSC ENDING	VSC ENDING
09-13 21:29:33	2026-09-13T13:29:33.942151+00:00	CLEAR	Flag	Track			2026-09-13T13:29:32|Flag|TRACK CLEAR	TRACK CLEAR	TRACK CLEAR
09-13 21:30:29	2026-09-13T13:30:29.667128+00:00		Other				2026-09-13T13:30:27|Other|TURN 5 INCIDENT INVOLVING CAR 22 (TSU) NOTED (15:23:41)	TURN 5 INCIDENT INVOLVING CAR 22 (TSU) NOTED (15:23:41)	TURN 5 INCIDENT INVOLVING CAR 22 (TSU) NOTED (15:23:41)
09-13 21:31:00	2026-09-13T13:31:00.848475+00:00		Other				2026-09-13T13:30:58|Other|TURN 5 INCIDENT INVOLVING CARS 55 (SAI) AND 14 (ALO) NOTED (15:23:42)	TURN 5 INCIDENT INVOLVING CARS 55 (SAI) AND 14 (ALO) NOTED (15:23:42)	TURN 5 INCIDENT INVOLVING CARS 55 (SAI) AND 14 (ALO) NOTED (15:23:42)
09-13 21:32:16	2026-09-13T13:32:16.666917+00:00		Other				2026-09-13T13:32:14|Other|UPDATE: TURN 5 INCIDENT INVOLVING CARS 11 (PER) AND 22 (TSU) NOTED (15:23:41)	UPDATE: TURN 5 INCIDENT INVOLVING CARS 11 (PER) AND 22 (TSU) NOTED (15:23:41)	UPDATE: TURN 5 INCIDENT INVOLVING CARS 11 (PER) AND 22 (TSU) NOTED (15:23:41)
09-13 21:32:56	2026-09-13T13:32:56.835916+00:00		Other				2026-09-13T13:32:54|Other|CAR 23 (ALB) TIME 1:42.132 DELETED - TRACK LIMITS AT TURN 1 LAP 16 15:31:05	CAR 23 (ALB) TIME 1:42.132 DELETED - TRACK LIMITS AT TURN 1 LAP 16 15:31:05	CAR 23 (ALB) TIME 1:42.132 DELETED - TRACK LIMITS AT TURN 1 LAP 16 15:31:05
09-13 21:33:57	2026-09-13T13:33:57.113149+00:00		Other				2026-09-13T13:33:55|Other|FIA STEWARDS: TURN 5 INCIDENT INVOLVING CARS 55 (SAI) AND 14 (ALO) UNDER INVESTIGATION (15:23:42)	FIA STEWARDS: TURN 5 INCIDENT INVOLVING CARS 55 (SAI) AND 14 (ALO) UNDER INVESTIGATION (15:23:42)	FIA STEWARDS: TURN 5 INCIDENT INVOLVING CARS 55 (SAI) AND 14 (ALO) UNDER INVESTIGATION (15:23:42)
09-13 21:36:21	2026-09-13T13:36:21.608357+00:00		Other				2026-09-13T13:36:19|Other|FIA STEWARDS: TURN 5 INCIDENT INVOLVING CARS 11 (PER) AND 22 (TSU) REVIEWED NO FURTHER INVESTIGATION (15:23:41)	FIA STEWARDS: TURN 5 INCIDENT INVOLVING CARS 11 (PER) AND 22 (TSU) REVIEWED NO FURTHER INVESTIGATION (15:23:41)	FIA STEWARDS: TURN 5 INCIDENT INVOLVING CARS 11 (PER) AND 22 (TSU) REVIEWED NO FURTHER INVESTIGATION (15:23:41)
09-13 21:38:01	2026-09-13T13:38:01.349457+00:00		Other				2026-09-13T13:37:59|Other|FIA STEWARDS: 5 SECOND TIME PENALTY FOR CAR 55 (SAI) (15:23:42)	FIA STEWARDS: 5 SECOND TIME PENALTY FOR CAR 55 (SAI) (15:23:42)	FIA STEWARDS: 5 SECOND TIME PENALTY FOR CAR 55 (SAI) (15:23:42)
09-13 21:42:59	2026-09-13T13:42:59.593849+00:00	BLUE	Flag	Driver			2026-09-13T13:42:57|Flag|WAVED BLUE FLAG FOR CAR 14 (ALO) TIMED AT 15:42:56	WAVED BLUE FLAG FOR CAR 14 (ALO) TIMED AT 15:42:56	WAVED BLUE FLAG FOR CAR 14 (ALO) TIMED AT 15:42:56
09-13 21:43:14	2026-09-13T13:43:14.745810+00:00		Other				2026-09-13T13:43:13|Other|CAR 55 (SAI) TIME 1:42.021 DELETED - TRACK LIMITS AT TURN 15 LAP 22 15:42:09	CAR 55 (SAI) TIME 1:42.021 DELETED - TRACK LIMITS AT TURN 15 LAP 22 15:42:09	CAR 55 (SAI) TIME 1:42.021 DELETED - TRACK LIMITS AT TURN 15 LAP 22 15:42:09
09-13 21:43:28	2026-09-13T13:43:28.864214+00:00	BLUE	Flag	Driver			2026-09-13T13:43:26|Flag|WAVED BLUE FLAG FOR CAR 77 (BOT) TIMED AT 15:43:26	WAVED BLUE FLAG FOR CAR 77 (BOT) TIMED AT 15:43:26	WAVED BLUE FLAG FOR CAR 77 (BOT) TIMED AT 15:43:26
09-13 21:43:28	2026-09-13T13:43:28.937017+00:00		Other				2026-09-13T13:43:26|Other|CAR 12 (ANT) TIME 1:39.145 DELETED - TRACK LIMITS AT TURN 6 LAP 23 15:41:55	CAR 12 (ANT) TIME 1:39.145 DELETED - TRACK LIMITS AT TURN 6 LAP 23 15:41:55	CAR 12 (ANT) TIME 1:39.145 DELETED - TRACK LIMITS AT TURN 6 LAP 23 15:41:55
09-13 21:43:55	2026-09-13T13:43:55.335433+00:00	BLUE	Flag	Driver			2026-09-13T13:43:53|Flag|WAVED BLUE FLAG FOR CAR 14 (ALO) TIMED AT 15:43:52	WAVED BLUE FLAG FOR CAR 14 (ALO) TIMED AT 15:43:52	WAVED BLUE FLAG FOR CAR 14 (ALO) TIMED AT 15:43:52
09-13 21:44:27	2026-09-13T13:44:27.791644+00:00	BLUE	Flag	Driver			2026-09-13T13:44:25|Flag|WAVED BLUE FLAG FOR CAR 77 (BOT) TIMED AT 15:44:25	WAVED BLUE FLAG FOR CAR 77 (BOT) TIMED AT 15:44:25	WAVED BLUE FLAG FOR CAR 77 (BOT) TIMED AT 15:44:25
09-13 21:44:39	2026-09-13T13:44:39.897182+00:00	BLACK AND WHITE	Flag	Driver			2026-09-13T13:44:37|Flag|BLACK AND WHITE FLAG FOR CAR 55 (SAI) - TRACK LIMITS	BLACK AND WHITE FLAG FOR CAR 55 (SAI) - TRACK LIMITS	BLACK AND WHITE FLAG FOR CAR 55 (SAI) - TRACK LIMITS
09-13 21:45:47	2026-09-13T13:45:47.954763+00:00	BLUE	Flag	Driver			2026-09-13T13:45:45|Flag|WAVED BLUE FLAG FOR CAR 77 (BOT) TIMED AT 15:45:45	WAVED BLUE FLAG FOR CAR 77 (BOT) TIMED AT 15:45:45	WAVED BLUE FLAG FOR CAR 77 (BOT) TIMED AT 15:45:45
09-13 21:45:59	2026-09-13T13:45:59.574896+00:00	BLUE	Flag	Driver			2026-09-13T13:45:57|Flag|WAVED BLUE FLAG FOR CAR 55 (SAI) TIMED AT 15:45:57	WAVED BLUE FLAG FOR CAR 55 (SAI) TIMED AT 15:45:57	WAVED BLUE FLAG FOR CAR 55 (SAI) TIMED AT 15:45:57
09-13 21:46:18	2026-09-13T13:46:18.699392+00:00	BLUE	Flag	Driver			2026-09-13T13:46:16|Flag|WAVED BLUE FLAG FOR CAR 77 (BOT) TIMED AT 15:46:16	WAVED BLUE FLAG FOR CAR 77 (BOT) TIMED AT 15:46:16	WAVED BLUE FLAG FOR CAR 77 (BOT) TIMED AT 15:46:16
09-13 21:46:32	2026-09-13T13:46:32.296464+00:00	BLUE	Flag	Driver			2026-09-13T13:46:30|Flag|WAVED BLUE FLAG FOR CAR 14 (ALO) TIMED AT 15:46:29	WAVED BLUE FLAG FOR CAR 14 (ALO) TIMED AT 15:46:29	WAVED BLUE FLAG FOR CAR 14 (ALO) TIMED AT 15:46:29
09-13 21:48:00	2026-09-13T13:48:00.953017+00:00		Other				2026-09-13T13:47:58|Other|CAR 55 (SAI) TIME 2:23.167 DELETED - TRACK LIMITS AT TURN 15 LAP 24 15:46:17	CAR 55 (SAI) TIME 2:23.167 DELETED - TRACK LIMITS AT TURN 15 LAP 24 15:46:17	CAR 55 (SAI) TIME 2:23.167 DELETED - TRACK LIMITS AT TURN 15 LAP 24 15:46:17
09-13 21:48:47	2026-09-13T13:48:47.085903+00:00	BLUE	Flag	Driver			2026-09-13T13:48:44|Flag|WAVED BLUE FLAG FOR CAR 14 (ALO) TIMED AT 15:48:44	WAVED BLUE FLAG FOR CAR 14 (ALO) TIMED AT 15:48:44	WAVED BLUE FLAG FOR CAR 14 (ALO) TIMED AT 15:48:44
09-13 21:49:19	2026-09-13T13:49:19.354748+00:00	BLUE	Flag	Driver			2026-09-13T13:49:17|Flag|WAVED BLUE FLAG FOR CAR 11 (PER) TIMED AT 15:49:17	WAVED BLUE FLAG FOR CAR 11 (PER) TIMED AT 15:49:17	WAVED BLUE FLAG FOR CAR 11 (PER) TIMED AT 15:49:17
09-13 21:49:21	2026-09-13T13:49:21.947623+00:00		Other				2026-09-13T13:49:20|Other|FIA STEWARDS: PENALTY SERVED - 5 SECOND TIME PENALTY FOR CAR 55 (SAI) (15:23:42)	FIA STEWARDS: PENALTY SERVED - 5 SECOND TIME PENALTY FOR CAR 55 (SAI) (15:23:42)	FIA STEWARDS: PENALTY SERVED - 5 SECOND TIME PENALTY FOR CAR 55 (SAI) (15:23:42)
09-13 21:49:40	2026-09-13T13:49:40.193540+00:00	BLUE	Flag	Driver			2026-09-13T13:49:38|Flag|WAVED BLUE FLAG FOR CAR 11 (PER) TIMED AT 15:49:37	WAVED BLUE FLAG FOR CAR 11 (PER) TIMED AT 15:49:37	WAVED BLUE FLAG FOR CAR 11 (PER) TIMED AT 15:49:37
09-13 21:50:36	2026-09-13T13:50:36.858594+00:00		Other				2026-09-13T13:50:34|Other|CAR 5 (BOR) TIME 1:39.753 DELETED - TRACK LIMITS AT TURN 6 LAP 26 15:47:39	CAR 5 (BOR) TIME 1:39.753 DELETED - TRACK LIMITS AT TURN 6 LAP 26 15:47:39	CAR 5 (BOR) TIME 1:39.753 DELETED - TRACK LIMITS AT TURN 6 LAP 26 15:47:39
09-13 21:51:16	2026-09-13T13:51:16.840436+00:00		Other				2026-09-13T13:51:15|Other|CAR 11 (PER) TIME 1:43.523 DELETED - TRACK LIMITS AT TURN 15 LAP 26 15:49:02	CAR 11 (PER) TIME 1:43.523 DELETED - TRACK LIMITS AT TURN 15 LAP 26 15:49:02	CAR 11 (PER) TIME 1:43.523 DELETED - TRACK LIMITS AT TURN 15 LAP 26 15:49:02
09-13 21:51:33	2026-09-13T13:51:33.343258+00:00	BLUE	Flag	Driver			2026-09-13T13:51:30|Flag|WAVED BLUE FLAG FOR CAR 55 (SAI) TIMED AT 15:51:29	WAVED BLUE FLAG FOR CAR 55 (SAI) TIMED AT 15:51:29	WAVED BLUE FLAG FOR CAR 55 (SAI) TIMED AT 15:51:29
09-13 21:51:54	2026-09-13T13:51:54.899987+00:00	BLUE	Flag	Driver			2026-09-13T13:51:53|Flag|WAVED BLUE FLAG FOR CAR 11 (PER) TIMED AT 15:51:52	WAVED BLUE FLAG FOR CAR 11 (PER) TIMED AT 15:51:52	WAVED BLUE FLAG FOR CAR 11 (PER) TIMED AT 15:51:52
09-13 21:52:54	2026-09-13T13:52:54.756139+00:00	BLUE	Flag	Driver			2026-09-13T13:52:52|Flag|WAVED BLUE FLAG FOR CAR 23 (ALB) TIMED AT 15:52:52	WAVED BLUE FLAG FOR CAR 23 (ALB) TIMED AT 15:52:52	WAVED BLUE FLAG FOR CAR 23 (ALB) TIMED AT 15:52:52
09-13 21:52:58	2026-09-13T13:52:58.402160+00:00	BLUE	Flag	Driver			2026-09-13T13:52:56|Flag|WAVED BLUE FLAG FOR CAR 23 (ALB) TIMED AT 15:52:55	WAVED BLUE FLAG FOR CAR 23 (ALB) TIMED AT 15:52:55	WAVED BLUE FLAG FOR CAR 23 (ALB) TIMED AT 15:52:55
09-13 21:53:06	2026-09-13T13:53:06.682568+00:00		Other				2026-09-13T13:53:04|Other|CAR 11 (PER) TIME 1:43.767 DELETED - TRACK LIMITS AT TURN 15 LAP 27 15:50:46	CAR 11 (PER) TIME 1:43.767 DELETED - TRACK LIMITS AT TURN 15 LAP 27 15:50:46	CAR 11 (PER) TIME 1:43.767 DELETED - TRACK LIMITS AT TURN 15 LAP 27 15:50:46
09-13 21:53:09	2026-09-13T13:53:09.542161+00:00	BLUE	Flag	Driver			2026-09-13T13:53:07|Flag|WAVED BLUE FLAG FOR CAR 77 (BOT) TIMED AT 15:53:06	WAVED BLUE FLAG FOR CAR 77 (BOT) TIMED AT 15:53:06	WAVED BLUE FLAG FOR CAR 77 (BOT) TIMED AT 15:53:06
09-13 21:53:13	2026-09-13T13:53:13.050445+00:00	BLUE	Flag	Driver			2026-09-13T13:53:11|Flag|WAVED BLUE FLAG FOR CAR 11 (PER) TIMED AT 15:53:10	WAVED BLUE FLAG FOR CAR 11 (PER) TIMED AT 15:53:10	WAVED BLUE FLAG FOR CAR 11 (PER) TIMED AT 15:53:10
09-13 21:53:45	2026-09-13T13:53:45.935602+00:00	BLUE	Flag	Driver			2026-09-13T13:53:43|Flag|WAVED BLUE FLAG FOR CAR 23 (ALB) TIMED AT 15:53:43	WAVED BLUE FLAG FOR CAR 23 (ALB) TIMED AT 15:53:43	WAVED BLUE FLAG FOR CAR 23 (ALB) TIMED AT 15:53:43
09-13 21:53:59	2026-09-13T13:53:59.211793+00:00		Other				2026-09-13T13:53:56|Other|CAR 27 (HUL) TIME 1:40.148 DELETED - TRACK LIMITS AT TURN 15 LAP 28 15:51:46	CAR 27 (HUL) TIME 1:40.148 DELETED - TRACK LIMITS AT TURN 15 LAP 28 15:51:46	CAR 27 (HUL) TIME 1:40.148 DELETED - TRACK LIMITS AT TURN 15 LAP 28 15:51:46
09-13 21:54:03	2026-09-13T13:54:03.389667+00:00	BLUE	Flag	Driver			2026-09-13T13:54:01|Flag|WAVED BLUE FLAG FOR CAR 23 (ALB) TIMED AT 15:54:01	WAVED BLUE FLAG FOR CAR 23 (ALB) TIMED AT 15:54:01	WAVED BLUE FLAG FOR CAR 23 (ALB) TIMED AT 15:54:01
09-13 21:54:39	2026-09-13T13:54:39.074341+00:00	BLUE	Flag	Driver			2026-09-13T13:54:37|Flag|WAVED BLUE FLAG FOR CAR 77 (BOT) TIMED AT 15:54:36	WAVED BLUE FLAG FOR CAR 77 (BOT) TIMED AT 15:54:36	WAVED BLUE FLAG FOR CAR 77 (BOT) TIMED AT 15:54:36
09-13 21:54:56	2026-09-13T13:54:56.016763+00:00	BLUE	Flag	Driver			2026-09-13T13:54:54|Flag|WAVED BLUE FLAG FOR CAR 77 (BOT) TIMED AT 15:54:53	WAVED BLUE FLAG FOR CAR 77 (BOT) TIMED AT 15:54:53	WAVED BLUE FLAG FOR CAR 77 (BOT) TIMED AT 15:54:53
09-13 21:55:26	2026-09-13T13:55:26.501431+00:00	BLUE	Flag	Driver			2026-09-13T13:55:24|Flag|WAVED BLUE FLAG FOR CAR 55 (SAI) TIMED AT 15:55:24	WAVED BLUE FLAG FOR CAR 55 (SAI) TIMED AT 15:55:24	WAVED BLUE FLAG FOR CAR 55 (SAI) TIMED AT 15:55:24
09-13 21:55:42	2026-09-13T13:55:42.730688+00:00	BLUE	Flag	Driver			2026-09-13T13:55:40|Flag|WAVED BLUE FLAG FOR CAR 55 (SAI) TIMED AT 15:55:39	WAVED BLUE FLAG FOR CAR 55 (SAI) TIMED AT 15:55:39	WAVED BLUE FLAG FOR CAR 55 (SAI) TIMED AT 15:55:39
09-13 21:55:52	2026-09-13T13:55:52.394520+00:00	BLUE	Flag	Driver			2026-09-13T13:55:50|Flag|WAVED BLUE FLAG FOR CAR 77 (BOT) TIMED AT 15:55:49	WAVED BLUE FLAG FOR CAR 77 (BOT) TIMED AT 15:55:49	WAVED BLUE FLAG FOR CAR 77 (BOT) TIMED AT 15:55:49
09-13 21:55:55	2026-09-13T13:55:55.434441+00:00	BLUE	Flag	Driver			2026-09-13T13:55:53|Flag|WAVED BLUE FLAG FOR CAR 23 (ALB) TIMED AT 15:55:53	WAVED BLUE FLAG FOR CAR 23 (ALB) TIMED AT 15:55:53	WAVED BLUE FLAG FOR CAR 23 (ALB) TIMED AT 15:55:53
09-13 21:56:54	2026-09-13T13:56:54.225889+00:00	BLUE	Flag	Driver			2026-09-13T13:56:51|Flag|WAVED BLUE FLAG FOR CAR 11 (PER) TIMED AT 15:56:51	WAVED BLUE FLAG FOR CAR 11 (PER) TIMED AT 15:56:51	WAVED BLUE FLAG FOR CAR 11 (PER) TIMED AT 15:56:51
09-13 21:57:12	2026-09-13T13:57:12.324409+00:00	BLUE	Flag	Driver			2026-09-13T13:57:09|Flag|WAVED BLUE FLAG FOR CAR 55 (SAI) TIMED AT 15:57:09	WAVED BLUE FLAG FOR CAR 55 (SAI) TIMED AT 15:57:09	WAVED BLUE FLAG FOR CAR 55 (SAI) TIMED AT 15:57:09
09-13 21:57:14	2026-09-13T13:57:14.696498+00:00	BLUE	Flag	Driver			2026-09-13T13:57:12|Flag|WAVED BLUE FLAG FOR CAR 11 (PER) TIMED AT 15:57:12	WAVED BLUE FLAG FOR CAR 11 (PER) TIMED AT 15:57:12	WAVED BLUE FLAG FOR CAR 11 (PER) TIMED AT 15:57:12
09-13 21:57:17	2026-09-13T13:57:17.272695+00:00	BLUE	Flag	Driver			2026-09-13T13:57:15|Flag|WAVED BLUE FLAG FOR CAR 55 (SAI) TIMED AT 15:57:14	WAVED BLUE FLAG FOR CAR 55 (SAI) TIMED AT 15:57:14	WAVED BLUE FLAG FOR CAR 55 (SAI) TIMED AT 15:57:14
09-13 21:57:26	2026-09-13T13:57:26.544361+00:00	BLUE	Flag	Driver			2026-09-13T13:57:24|Flag|WAVED BLUE FLAG FOR CAR 11 (PER) TIMED AT 15:57:24	WAVED BLUE FLAG FOR CAR 11 (PER) TIMED AT 15:57:24	WAVED BLUE FLAG FOR CAR 11 (PER) TIMED AT 15:57:24
09-13 21:57:45	2026-09-13T13:57:45.487363+00:00	BLUE	Flag	Driver			2026-09-13T13:57:42|Flag|WAVED BLUE FLAG FOR CAR 23 (ALB) TIMED AT 15:57:42	WAVED BLUE FLAG FOR CAR 23 (ALB) TIMED AT 15:57:42	WAVED BLUE FLAG FOR CAR 23 (ALB) TIMED AT 15:57:42
09-13 21:58:15	2026-09-13T13:58:15.874802+00:00	BLUE	Flag	Driver			2026-09-13T13:58:13|Flag|WAVED BLUE FLAG FOR CAR 77 (BOT) TIMED AT 15:58:13	WAVED BLUE FLAG FOR CAR 77 (BOT) TIMED AT 15:58:13	WAVED BLUE FLAG FOR CAR 77 (BOT) TIMED AT 15:58:13
09-13 21:58:35	2026-09-13T13:58:35.052821+00:00	BLUE	Flag	Driver			2026-09-13T13:58:33|Flag|WAVED BLUE FLAG FOR CAR 55 (SAI) TIMED AT 15:58:32	WAVED BLUE FLAG FOR CAR 55 (SAI) TIMED AT 15:58:32	WAVED BLUE FLAG FOR CAR 55 (SAI) TIMED AT 15:58:32
09-13 21:59:31	2026-09-13T13:59:31.160721+00:00	BLUE	Flag	Driver			2026-09-13T13:59:29|Flag|WAVED BLUE FLAG FOR CAR 55 (SAI) TIMED AT 15:59:28	WAVED BLUE FLAG FOR CAR 55 (SAI) TIMED AT 15:59:28	WAVED BLUE FLAG FOR CAR 55 (SAI) TIMED AT 15:59:28
09-13 21:59:35	2026-09-13T13:59:35.180355+00:00		Other				2026-09-13T13:59:33|Other|CAR 11 (PER) LAP DELETED - TRACK LIMITS AT TURN 5 LAP 31 15:57:15 (PIT)	CAR 11 (PER) LAP DELETED - TRACK LIMITS AT TURN 5 LAP 31 15:57:15 (PIT)	CAR 11 (PER) LAP DELETED - TRACK LIMITS AT TURN 5 LAP 31 15:57:15 (PIT)
09-13 22:02:34	2026-09-13T14:02:34.036878+00:00		Other				2026-09-13T14:02:31|Other|CAR 5 (BOR) TIME 1:39.650 DELETED - TRACK LIMITS AT TURN 1 LAP 34 16:00:38	CAR 5 (BOR) TIME 1:39.650 DELETED - TRACK LIMITS AT TURN 1 LAP 34 16:00:38	CAR 5 (BOR) TIME 1:39.650 DELETED - TRACK LIMITS AT TURN 1 LAP 34 16:00:38
09-13 22:02:34	2026-09-13T14:02:34.569632+00:00	BLUE	Flag	Driver			2026-09-13T14:02:32|Flag|WAVED BLUE FLAG FOR CAR 55 (SAI) TIMED AT 16:02:32	WAVED BLUE FLAG FOR CAR 55 (SAI) TIMED AT 16:02:32	WAVED BLUE FLAG FOR CAR 55 (SAI) TIMED AT 16:02:32
09-13 22:03:15	2026-09-13T14:03:15.539026+00:00	BLUE	Flag	Driver			2026-09-13T14:03:13|Flag|WAVED BLUE FLAG FOR CAR 55 (SAI) TIMED AT 16:03:12	WAVED BLUE FLAG FOR CAR 55 (SAI) TIMED AT 16:03:12	WAVED BLUE FLAG FOR CAR 55 (SAI) TIMED AT 16:03:12
09-13 22:04:58	2026-09-13T14:04:58.516911+00:00	BLUE	Flag	Driver			2026-09-13T14:04:56|Flag|WAVED BLUE FLAG FOR CAR 55 (SAI) TIMED AT 16:04:56	WAVED BLUE FLAG FOR CAR 55 (SAI) TIMED AT 16:04:56	WAVED BLUE FLAG FOR CAR 55 (SAI) TIMED AT 16:04:56
09-13 22:05:31	2026-09-13T14:05:31.895566+00:00	BLUE	Flag	Driver			2026-09-13T14:05:30|Flag|WAVED BLUE FLAG FOR CAR 14 (ALO) TIMED AT 16:05:29	WAVED BLUE FLAG FOR CAR 14 (ALO) TIMED AT 16:05:29	WAVED BLUE FLAG FOR CAR 14 (ALO) TIMED AT 16:05:29
09-13 22:05:46	2026-09-13T14:05:46.211821+00:00	BLUE	Flag	Driver			2026-09-13T14:05:44|Flag|WAVED BLUE FLAG FOR CAR 55 (SAI) TIMED AT 16:05:43	WAVED BLUE FLAG FOR CAR 55 (SAI) TIMED AT 16:05:43	WAVED BLUE FLAG FOR CAR 55 (SAI) TIMED AT 16:05:43
09-13 22:06:10	2026-09-13T14:06:10.108444+00:00	BLUE	Flag	Driver			2026-09-13T14:06:07|Flag|WAVED BLUE FLAG FOR CAR 14 (ALO) TIMED AT 16:06:07	WAVED BLUE FLAG FOR CAR 14 (ALO) TIMED AT 16:06:07	WAVED BLUE FLAG FOR CAR 14 (ALO) TIMED AT 16:06:07
09-13 22:06:36	2026-09-13T14:06:36.803664+00:00	BLUE	Flag	Driver			2026-09-13T14:06:34|Flag|WAVED BLUE FLAG FOR CAR 14 (ALO) TIMED AT 16:06:33	WAVED BLUE FLAG FOR CAR 14 (ALO) TIMED AT 16:06:33	WAVED BLUE FLAG FOR CAR 14 (ALO) TIMED AT 16:06:33
09-13 22:07:02	2026-09-13T14:07:02.025711+00:00		Other				2026-09-13T14:07:00|Other|CAR 55 (SAI) TIME 1:44.517 DELETED - TRACK LIMITS AT TURN 11 LAP 35 16:05:11	CAR 55 (SAI) TIME 1:44.517 DELETED - TRACK LIMITS AT TURN 11 LAP 35 16:05:11	CAR 55 (SAI) TIME 1:44.517 DELETED - TRACK LIMITS AT TURN 11 LAP 35 16:05:11
09-13 22:07:04	2026-09-13T14:07:04.465552+00:00		Other				2026-09-13T14:07:02|Other|CAR 81 (PIA) TIME 1:38.324 DELETED - TRACK LIMITS AT TURN 19 LAP 35 16:03:06	CAR 81 (PIA) TIME 1:38.324 DELETED - TRACK LIMITS AT TURN 19 LAP 35 16:03:06	CAR 81 (PIA) TIME 1:38.324 DELETED - TRACK LIMITS AT TURN 19 LAP 35 16:03:06
09-13 22:07:18	2026-09-13T14:07:18.746509+00:00	BLUE	Flag	Driver			2026-09-13T14:07:16|Flag|WAVED BLUE FLAG FOR CAR 77 (BOT) TIMED AT 16:07:16	WAVED BLUE FLAG FOR CAR 77 (BOT) TIMED AT 16:07:16	WAVED BLUE FLAG FOR CAR 77 (BOT) TIMED AT 16:07:16
09-13 22:07:37	2026-09-13T14:07:37.198083+00:00		Other				2026-09-13T14:07:35|Other|CAR 41 (LIN) TIME 1:39.716 DELETED - TRACK LIMITS AT TURN 5 LAP 37 16:05:57	CAR 41 (LIN) TIME 1:39.716 DELETED - TRACK LIMITS AT TURN 5 LAP 37 16:05:57	CAR 41 (LIN) TIME 1:39.716 DELETED - TRACK LIMITS AT TURN 5 LAP 37 16:05:57
09-13 22:07:50	2026-09-13T14:07:50.596905+00:00	BLUE	Flag	Driver			2026-09-13T14:07:48|Flag|WAVED BLUE FLAG FOR CAR 77 (BOT) TIMED AT 16:07:47	WAVED BLUE FLAG FOR CAR 77 (BOT) TIMED AT 16:07:47	WAVED BLUE FLAG FOR CAR 77 (BOT) TIMED AT 16:07:47
09-13 22:08:40	2026-09-13T14:08:40.167685+00:00	BLUE	Flag	Driver			2026-09-13T14:08:37|Flag|WAVED BLUE FLAG FOR CAR 77 (BOT) TIMED AT 16:08:37	WAVED BLUE FLAG FOR CAR 77 (BOT) TIMED AT 16:08:37	WAVED BLUE FLAG FOR CAR 77 (BOT) TIMED AT 16:08:37
09-13 22:08:48	2026-09-13T14:08:48.390496+00:00	BLUE	Flag	Driver			2026-09-13T14:08:46|Flag|WAVED BLUE FLAG FOR CAR 77 (BOT) TIMED AT 16:08:45	WAVED BLUE FLAG FOR CAR 77 (BOT) TIMED AT 16:08:45	WAVED BLUE FLAG FOR CAR 77 (BOT) TIMED AT 16:08:45
09-13 22:13:56	2026-09-13T14:13:56.093392+00:00	BLUE	Flag	Driver			2026-09-13T14:13:54|Flag|WAVED BLUE FLAG FOR CAR 87 (BEA) TIMED AT 16:13:53	WAVED BLUE FLAG FOR CAR 87 (BEA) TIMED AT 16:13:53	WAVED BLUE FLAG FOR CAR 87 (BEA) TIMED AT 16:13:53
09-13 22:14:28	2026-09-13T14:14:28.096109+00:00	BLUE	Flag	Driver			2026-09-13T14:14:26|Flag|WAVED BLUE FLAG FOR CAR 23 (ALB) TIMED AT 16:14:25	WAVED BLUE FLAG FOR CAR 23 (ALB) TIMED AT 16:14:25	WAVED BLUE FLAG FOR CAR 23 (ALB) TIMED AT 16:14:25
09-13 22:16:30	2026-09-13T14:16:30.121912+00:00	BLUE	Flag	Driver			2026-09-13T14:16:28|Flag|WAVED BLUE FLAG FOR CAR 55 (SAI) TIMED AT 16:16:27	WAVED BLUE FLAG FOR CAR 55 (SAI) TIMED AT 16:16:27	WAVED BLUE FLAG FOR CAR 55 (SAI) TIMED AT 16:16:27
09-13 22:17:03	2026-09-13T14:17:03.876158+00:00	BLUE	Flag	Driver			2026-09-13T14:17:01|Flag|WAVED BLUE FLAG FOR CAR 77 (BOT) TIMED AT 16:17:01	WAVED BLUE FLAG FOR CAR 77 (BOT) TIMED AT 16:17:01	WAVED BLUE FLAG FOR CAR 77 (BOT) TIMED AT 16:17:01
09-13 22:17:19	2026-09-13T14:17:19.699541+00:00	BLUE	Flag	Driver			2026-09-13T14:17:17|Flag|WAVED BLUE FLAG FOR CAR 55 (SAI) TIMED AT 16:17:16	WAVED BLUE FLAG FOR CAR 55 (SAI) TIMED AT 16:17:16	WAVED BLUE FLAG FOR CAR 55 (SAI) TIMED AT 16:17:16
09-13 22:17:43	2026-09-13T14:17:43.371423+00:00	BLUE	Flag	Driver			2026-09-13T14:17:41|Flag|WAVED BLUE FLAG FOR CAR 77 (BOT) TIMED AT 16:17:40	WAVED BLUE FLAG FOR CAR 77 (BOT) TIMED AT 16:17:40	WAVED BLUE FLAG FOR CAR 77 (BOT) TIMED AT 16:17:40
09-13 22:17:44	2026-09-13T14:17:44.102346+00:00	BLUE	Flag	Driver			2026-09-13T14:17:41|Flag|WAVED BLUE FLAG FOR CAR 14 (ALO) TIMED AT 16:17:41	WAVED BLUE FLAG FOR CAR 14 (ALO) TIMED AT 16:17:41	WAVED BLUE FLAG FOR CAR 14 (ALO) TIMED AT 16:17:41
09-13 22:17:44	2026-09-13T14:17:44.528882+00:00		Other				2026-09-13T14:17:42|Other|CAR 43 (COL) TIME 1:39.209 DELETED - TRACK LIMITS AT TURN 17 LAP 42 16:14:53	CAR 43 (COL) TIME 1:39.209 DELETED - TRACK LIMITS AT TURN 17 LAP 42 16:14:53	CAR 43 (COL) TIME 1:39.209 DELETED - TRACK LIMITS AT TURN 17 LAP 42 16:14:53
09-13 22:18:22	2026-09-13T14:18:22.038629+00:00		Other				2026-09-13T14:18:20|Other|TURN 17 INCIDENT INVOLVING CAR 43 (COL) NOTED - LEAVING THE TRACK AND GAINING AN ADVANTAGE (16:14:53)	TURN 17 INCIDENT INVOLVING CAR 43 (COL) NOTED - LEAVING THE TRACK AND GAINING AN ADVANTAGE (16:14:53)	TURN 17 INCIDENT INVOLVING CAR 43 (COL) NOTED - LEAVING THE TRACK AND GAINING AN ADVANTAGE (16:14:53)
09-13 22:19:05	2026-09-13T14:19:05.592716+00:00		Other				2026-09-13T14:19:03|Other|CAR 23 (ALB) TIME 1:40.060 DELETED - TRACK LIMITS AT TURN 18 LAP 43 16:17:43	CAR 23 (ALB) TIME 1:40.060 DELETED - TRACK LIMITS AT TURN 18 LAP 43 16:17:43	CAR 23 (ALB) TIME 1:40.060 DELETED - TRACK LIMITS AT TURN 18 LAP 43 16:17:43
09-13 22:19:21	2026-09-13T14:19:21.532780+00:00	BLUE	Flag	Driver			2026-09-13T14:19:18|Flag|WAVED BLUE FLAG FOR CAR 22 (TSU) TIMED AT 16:19:18	WAVED BLUE FLAG FOR CAR 22 (TSU) TIMED AT 16:19:18	WAVED BLUE FLAG FOR CAR 22 (TSU) TIMED AT 16:19:18
09-13 22:19:33	2026-09-13T14:19:33.528961+00:00	BLUE	Flag	Driver			2026-09-13T14:19:31|Flag|WAVED BLUE FLAG FOR CAR 55 (SAI) TIMED AT 16:19:31	WAVED BLUE FLAG FOR CAR 55 (SAI) TIMED AT 16:19:31	WAVED BLUE FLAG FOR CAR 55 (SAI) TIMED AT 16:19:31
09-13 22:20:30	2026-09-13T14:20:30.241232+00:00	BLUE	Flag	Driver			2026-09-13T14:20:28|Flag|WAVED BLUE FLAG FOR CAR 77 (BOT) TIMED AT 16:20:27	WAVED BLUE FLAG FOR CAR 77 (BOT) TIMED AT 16:20:27	WAVED BLUE FLAG FOR CAR 77 (BOT) TIMED AT 16:20:27
09-13 22:22:06	2026-09-13T14:22:06.324963+00:00		Other				2026-09-13T14:22:04|Other|TURN 5 INCIDENT INVOLVING CAR 5 (BOR) NOTED - MOVING UNDER BRAKING (16:19:05)	TURN 5 INCIDENT INVOLVING CAR 5 (BOR) NOTED - MOVING UNDER BRAKING (16:19:05)	TURN 5 INCIDENT INVOLVING CAR 5 (BOR) NOTED - MOVING UNDER BRAKING (16:19:05)
09-13 22:22:58	2026-09-13T14:22:58.940501+00:00		Other				2026-09-13T14:22:56|Other|FIA STEWARDS: TURN 17 INCIDENT INVOLVING CAR 43 (COL) REVIEWED NO FURTHER INVESTIGATION - LEAVING THE TRACK AND GAINING AN ADVANTAGE (16:14:53)	FIA STEWARDS: TURN 17 INCIDENT INVOLVING CAR 43 (COL) REVIEWED NO FURTHER INVESTIGATION - LEAVING THE TRACK AND GAINING AN ADVANTAGE (16:14:53)	FIA STEWARDS: TURN 17 INCIDENT INVOLVING CAR 43 (COL) REVIEWED NO FURTHER INVESTIGATION - LEAVING THE TRACK AND GAINING AN ADVANTAGE (16:14:53)
09-13 22:23:38	2026-09-13T14:23:38.015361+00:00	BLUE	Flag	Driver			2026-09-13T14:23:35|Flag|WAVED BLUE FLAG FOR CAR 77 (BOT) TIMED AT 16:23:35	WAVED BLUE FLAG FOR CAR 77 (BOT) TIMED AT 16:23:35	WAVED BLUE FLAG FOR CAR 77 (BOT) TIMED AT 16:23:35
09-13 22:23:51	2026-09-13T14:23:51.253172+00:00	BLUE	Flag	Driver			2026-09-13T14:23:49|Flag|WAVED BLUE FLAG FOR CAR 77 (BOT) TIMED AT 16:23:48	WAVED BLUE FLAG FOR CAR 77 (BOT) TIMED AT 16:23:48	WAVED BLUE FLAG FOR CAR 77 (BOT) TIMED AT 16:23:48
09-13 22:23:52	2026-09-13T14:23:52.813455+00:00		Other				2026-09-13T14:23:50|Other|CAR 43 (COL) TIME 1:40.470 DELETED - TRACK LIMITS AT TURN 5 LAP 45 16:19:08	CAR 43 (COL) TIME 1:40.470 DELETED - TRACK LIMITS AT TURN 5 LAP 45 16:19:08	CAR 43 (COL) TIME 1:40.470 DELETED - TRACK LIMITS AT TURN 5 LAP 45 16:19:08
09-13 22:24:25	2026-09-13T14:24:25.764607+00:00	BLUE	Flag	Driver			2026-09-13T14:24:24|Flag|WAVED BLUE FLAG FOR CAR 14 (ALO) TIMED AT 16:24:23	WAVED BLUE FLAG FOR CAR 14 (ALO) TIMED AT 16:24:23	WAVED BLUE FLAG FOR CAR 14 (ALO) TIMED AT 16:24:23
09-13 22:25:31	2026-09-13T14:25:31.467260+00:00		Other				2026-09-13T14:25:28|Other|FIA STEWARDS: TURN 5 INCIDENT INVOLVING CAR 5 (BOR) UNDER INVESTIGATION - MOVING UNDER BRAKING (16:19:05)	FIA STEWARDS: TURN 5 INCIDENT INVOLVING CAR 5 (BOR) UNDER INVESTIGATION - MOVING UNDER BRAKING (16:19:05)	FIA STEWARDS: TURN 5 INCIDENT INVOLVING CAR 5 (BOR) UNDER INVESTIGATION - MOVING UNDER BRAKING (16:19:05)
09-13 22:25:54	2026-09-13T14:25:54.156975+00:00		Other				2026-09-13T14:25:51|Other|CAR 81 (PIA) TIME 1:40.554 DELETED - TRACK LIMITS AT TURN 19 LAP 45 16:20:02	CAR 81 (PIA) TIME 1:40.554 DELETED - TRACK LIMITS AT TURN 19 LAP 45 16:20:02	CAR 81 (PIA) TIME 1:40.554 DELETED - TRACK LIMITS AT TURN 19 LAP 45 16:20:02
09-13 22:25:56	2026-09-13T14:25:56.105684+00:00		Other				2026-09-13T14:25:53|Other|CAR 81 (PIA) TIME 1:39.478 DELETED - TRACK LIMITS AT TURN 5 LAP 46 16:20:48	CAR 81 (PIA) TIME 1:39.478 DELETED - TRACK LIMITS AT TURN 5 LAP 46 16:20:48	CAR 81 (PIA) TIME 1:39.478 DELETED - TRACK LIMITS AT TURN 5 LAP 46 16:20:48
09-13 22:25:58	2026-09-13T14:25:58.335569+00:00		Other				2026-09-13T14:25:56|Other|CAR 41 (LIN) TIME 1:40.648 DELETED - TRACK LIMITS AT TURN 1 LAP 47 16:22:11	CAR 41 (LIN) TIME 1:40.648 DELETED - TRACK LIMITS AT TURN 1 LAP 47 16:22:11	CAR 41 (LIN) TIME 1:40.648 DELETED - TRACK LIMITS AT TURN 1 LAP 47 16:22:11
09-13 22:26:10	2026-09-13T14:26:10.396132+00:00		Other				2026-09-13T14:26:08|Other|FIA STEWARDS: WARNING FOR CAR 5 (BOR) - MOVING UNDER BRAKING (16:19:05)	FIA STEWARDS: WARNING FOR CAR 5 (BOR) - MOVING UNDER BRAKING (16:19:05)	FIA STEWARDS: WARNING FOR CAR 5 (BOR) - MOVING UNDER BRAKING (16:19:05)
09-13 22:26:13	2026-09-13T14:26:13.342610+00:00	BLUE	Flag	Driver			2026-09-13T14:26:11|Flag|WAVED BLUE FLAG FOR CAR 77 (BOT) TIMED AT 16:26:10	WAVED BLUE FLAG FOR CAR 77 (BOT) TIMED AT 16:26:10	WAVED BLUE FLAG FOR CAR 77 (BOT) TIMED AT 16:26:10
09-13 22:26:25	2026-09-13T14:26:25.009418+00:00	BLUE	Flag	Driver			2026-09-13T14:26:22|Flag|WAVED BLUE FLAG FOR CAR 77 (BOT) TIMED AT 16:26:21	WAVED BLUE FLAG FOR CAR 77 (BOT) TIMED AT 16:26:21	WAVED BLUE FLAG FOR CAR 77 (BOT) TIMED AT 16:26:21
09-13 22:26:41	2026-09-13T14:26:41.130495+00:00	BLUE	Flag	Driver			2026-09-13T14:26:39|Flag|WAVED BLUE FLAG FOR CAR 77 (BOT) TIMED AT 16:26:38	WAVED BLUE FLAG FOR CAR 77 (BOT) TIMED AT 16:26:38	WAVED BLUE FLAG FOR CAR 77 (BOT) TIMED AT 16:26:38
09-13 22:26:57	2026-09-13T14:26:57.236240+00:00	BLACK AND WHITE	Flag	Driver			2026-09-13T14:26:55|Flag|BLACK AND WHITE FLAG FOR CAR 81 (PIA) - TRACK LIMITS	BLACK AND WHITE FLAG FOR CAR 81 (PIA) - TRACK LIMITS	BLACK AND WHITE FLAG FOR CAR 81 (PIA) - TRACK LIMITS
09-13 22:27:38	2026-09-13T14:27:38.687927+00:00	BLUE	Flag	Driver			2026-09-13T14:27:36|Flag|WAVED BLUE FLAG FOR CAR 77 (BOT) TIMED AT 16:27:36	WAVED BLUE FLAG FOR CAR 77 (BOT) TIMED AT 16:27:36	WAVED BLUE FLAG FOR CAR 77 (BOT) TIMED AT 16:27:36
09-13 22:28:15	2026-09-13T14:28:15.647826+00:00	BLUE	Flag	Driver			2026-09-13T14:28:13|Flag|WAVED BLUE FLAG FOR CAR 77 (BOT) TIMED AT 16:28:13	WAVED BLUE FLAG FOR CAR 77 (BOT) TIMED AT 16:28:13	WAVED BLUE FLAG FOR CAR 77 (BOT) TIMED AT 16:28:13
09-13 22:29:53	2026-09-13T14:29:53.957486+00:00	BLUE	Flag	Driver			2026-09-13T14:29:51|Flag|WAVED BLUE FLAG FOR CAR 31 (OCO) TIMED AT 16:29:51	WAVED BLUE FLAG FOR CAR 31 (OCO) TIMED AT 16:29:51	WAVED BLUE FLAG FOR CAR 31 (OCO) TIMED AT 16:29:51
09-13 22:30:29	2026-09-13T14:30:29.045866+00:00		Other				2026-09-13T14:30:27|Other|CAR 5 (BOR) TIME 1:38.430 DELETED - TRACK LIMITS AT TURN 1 LAP 49 16:25:55	CAR 5 (BOR) TIME 1:38.430 DELETED - TRACK LIMITS AT TURN 1 LAP 49 16:25:55	CAR 5 (BOR) TIME 1:38.430 DELETED - TRACK LIMITS AT TURN 1 LAP 49 16:25:55
09-13 22:30:55	2026-09-13T14:30:55.391078+00:00	BLUE	Flag	Driver			2026-09-13T14:30:53|Flag|WAVED BLUE FLAG FOR CAR 31 (OCO) TIMED AT 16:30:52	WAVED BLUE FLAG FOR CAR 31 (OCO) TIMED AT 16:30:52	WAVED BLUE FLAG FOR CAR 31 (OCO) TIMED AT 16:30:52
09-13 22:31:08	2026-09-13T14:31:08.118721+00:00	BLUE	Flag	Driver			2026-09-13T14:31:06|Flag|WAVED BLUE FLAG FOR CAR 87 (BEA) TIMED AT 16:31:05	WAVED BLUE FLAG FOR CAR 87 (BEA) TIMED AT 16:31:05	WAVED BLUE FLAG FOR CAR 87 (BEA) TIMED AT 16:31:05
09-13 22:31:26	2026-09-13T14:31:26.695270+00:00	BLUE	Flag	Driver			2026-09-13T14:31:24|Flag|WAVED BLUE FLAG FOR CAR 77 (BOT) TIMED AT 16:31:23	WAVED BLUE FLAG FOR CAR 77 (BOT) TIMED AT 16:31:23	WAVED BLUE FLAG FOR CAR 77 (BOT) TIMED AT 16:31:23
09-13 22:31:29	2026-09-13T14:31:29.797716+00:00	BLACK AND WHITE	Flag	Driver			2026-09-13T14:31:28|Flag|BLACK AND WHITE FLAG FOR CAR 5 (BOR) - TRACK LIMITS	BLACK AND WHITE FLAG FOR CAR 5 (BOR) - TRACK LIMITS	BLACK AND WHITE FLAG FOR CAR 5 (BOR) - TRACK LIMITS
09-13 22:32:43	2026-09-13T14:32:43.218413+00:00	BLUE	Flag	Driver			2026-09-13T14:32:41|Flag|WAVED BLUE FLAG FOR CAR 14 (ALO) TIMED AT 16:32:40	WAVED BLUE FLAG FOR CAR 14 (ALO) TIMED AT 16:32:40	WAVED BLUE FLAG FOR CAR 14 (ALO) TIMED AT 16:32:40
09-13 22:33:39	2026-09-13T14:33:39.741792+00:00	BLUE	Flag	Driver			2026-09-13T14:33:37|Flag|WAVED BLUE FLAG FOR CAR 77 (BOT) TIMED AT 16:33:37	WAVED BLUE FLAG FOR CAR 77 (BOT) TIMED AT 16:33:37	WAVED BLUE FLAG FOR CAR 77 (BOT) TIMED AT 16:33:37
09-13 22:33:46	2026-09-13T14:33:46.644184+00:00	BLUE	Flag	Driver			2026-09-13T14:33:44|Flag|WAVED BLUE FLAG FOR CAR 27 (HUL) TIMED AT 16:33:43	WAVED BLUE FLAG FOR CAR 27 (HUL) TIMED AT 16:33:43	WAVED BLUE FLAG FOR CAR 27 (HUL) TIMED AT 16:33:43
09-13 22:34:04	2026-09-13T14:34:04.974128+00:00		Other				2026-09-13T14:34:03|Other|CAR 1 (NOR) TIME 1:36.934 DELETED - TRACK LIMITS AT TURN 6 LAP 54 16:32:29	CAR 1 (NOR) TIME 1:36.934 DELETED - TRACK LIMITS AT TURN 6 LAP 54 16:32:29	CAR 1 (NOR) TIME 1:36.934 DELETED - TRACK LIMITS AT TURN 6 LAP 54 16:32:29
09-13 22:34:15	2026-09-13T14:34:15.342817+00:00	BLUE	Flag	Driver			2026-09-13T14:34:13|Flag|WAVED BLUE FLAG FOR CAR 41 (LIN) TIMED AT 16:34:13	WAVED BLUE FLAG FOR CAR 41 (LIN) TIMED AT 16:34:13	WAVED BLUE FLAG FOR CAR 41 (LIN) TIMED AT 16:34:13
09-13 22:34:23	2026-09-13T14:34:23.340800+00:00	BLUE	Flag	Driver			2026-09-13T14:34:21|Flag|WAVED BLUE FLAG FOR CAR 41 (LIN) TIMED AT 16:34:20	WAVED BLUE FLAG FOR CAR 41 (LIN) TIMED AT 16:34:20	WAVED BLUE FLAG FOR CAR 41 (LIN) TIMED AT 16:34:20
09-13 22:35:07	2026-09-13T14:35:07.683104+00:00	BLUE	Flag	Driver			2026-09-13T14:35:05|Flag|WAVED BLUE FLAG FOR CAR 27 (HUL) TIMED AT 16:35:05	WAVED BLUE FLAG FOR CAR 27 (HUL) TIMED AT 16:35:05	WAVED BLUE FLAG FOR CAR 27 (HUL) TIMED AT 16:35:05
09-13 22:35:12	2026-09-13T14:35:12.988400+00:00	BLUE	Flag	Driver			2026-09-13T14:35:10|Flag|WAVED BLUE FLAG FOR CAR 87 (BEA) TIMED AT 16:35:10	WAVED BLUE FLAG FOR CAR 87 (BEA) TIMED AT 16:35:10	WAVED BLUE FLAG FOR CAR 87 (BEA) TIMED AT 16:35:10
09-13 22:35:27	2026-09-13T14:35:27.135940+00:00	BLUE	Flag	Driver			2026-09-13T14:35:24|Flag|WAVED BLUE FLAG FOR CAR 41 (LIN) TIMED AT 16:35:24	WAVED BLUE FLAG FOR CAR 41 (LIN) TIMED AT 16:35:24	WAVED BLUE FLAG FOR CAR 41 (LIN) TIMED AT 16:35:24
09-13 22:35:33	2026-09-13T14:35:33.939023+00:00	BLUE	Flag	Driver			2026-09-13T14:35:32|Flag|WAVED BLUE FLAG FOR CAR 27 (HUL) TIMED AT 16:35:31	WAVED BLUE FLAG FOR CAR 27 (HUL) TIMED AT 16:35:31	WAVED BLUE FLAG FOR CAR 27 (HUL) TIMED AT 16:35:31
09-13 22:36:39	2026-09-13T14:36:39.186276+00:00	BLUE	Flag	Driver			2026-09-13T14:36:36|Flag|WAVED BLUE FLAG FOR CAR 14 (ALO) TIMED AT 16:36:36	WAVED BLUE FLAG FOR CAR 14 (ALO) TIMED AT 16:36:36	WAVED BLUE FLAG FOR CAR 14 (ALO) TIMED AT 16:36:36
09-13 22:38:30	2026-09-13T14:38:30.256814+00:00	CHEQUERED	Flag	Track			2026-09-13T14:38:28|Flag|CHEQUERED FLAG	CHEQUERED FLAG	CHEQUERED FLAG
09-13 22:38:37	2026-09-13T14:38:37.081325+00:00	BLUE	Flag	Driver			2026-09-13T14:38:35|Flag|WAVED BLUE FLAG FOR CAR 5 (BOR) TIMED AT 16:38:34	WAVED BLUE FLAG FOR CAR 5 (BOR) TIMED AT 16:38:34	WAVED BLUE FLAG FOR CAR 5 (BOR) TIMED AT 16:38:34
09-13 22:38:57	2026-09-13T14:38:57.646713+00:00		Other				2026-09-13T14:38:55|Other|TURN 1 INCIDENT INVOLVING CARS 41 (LIN) AND 27 (HUL) NOTED - FORCING ANOTHER DRIVER OFF THE TRACK (16:35:23)	TURN 1 INCIDENT INVOLVING CARS 41 (LIN) AND 27 (HUL) NOTED - FORCING ANOTHER DRIVER OFF THE TRACK (16:35:23)	TURN 1 INCIDENT INVOLVING CARS 41 (LIN) AND 27 (HUL) NOTED - FORCING ANOTHER DRIVER OFF THE TRACK (16:35:23)
09-13 22:39:17	2026-09-13T14:39:17.744804+00:00		Other				2026-09-13T14:39:15|Other|TURN 5 INCIDENT INVOLVING CAR 3 (VER) NOTED - LEAVING THE TRACK AND GAINING AN ADVANTAGE (16:35:42)	TURN 5 INCIDENT INVOLVING CAR 3 (VER) NOTED - LEAVING THE TRACK AND GAINING AN ADVANTAGE (16:35:42)	TURN 5 INCIDENT INVOLVING CAR 3 (VER) NOTED - LEAVING THE TRACK AND GAINING AN ADVANTAGE (16:35:42)
09-13 22:39:31	2026-09-13T14:39:31.313888+00:00		Other				2026-09-13T14:39:29|Other|CAR 27 (HUL) TIME 1:42.637 DELETED - TRACK LIMITS AT TURN 2 LAP 55 16:35:25	CAR 27 (HUL) TIME 1:42.637 DELETED - TRACK LIMITS AT TURN 2 LAP 55 16:35:25	CAR 27 (HUL) TIME 1:42.637 DELETED - TRACK LIMITS AT TURN 2 LAP 55 16:35:25
09-13 22:39:34	2026-09-13T14:39:34.400123+00:00	BLUE	Flag	Driver			2026-09-13T14:39:32|Flag|WAVED BLUE FLAG FOR CAR 23 (ALB) TIMED AT 16:39:32	WAVED BLUE FLAG FOR CAR 23 (ALB) TIMED AT 16:39:32	WAVED BLUE FLAG FOR CAR 23 (ALB) TIMED AT 16:39:32
09-13 22:39:34	2026-09-13T14:39:34.602680+00:00		Other				2026-09-13T14:39:32|Other|CAR 3 (VER) TIME 1:37.837 DELETED - TRACK LIMITS AT TURN 6 LAP 56 16:35:43	CAR 3 (VER) TIME 1:37.837 DELETED - TRACK LIMITS AT TURN 6 LAP 56 16:35:43	CAR 3 (VER) TIME 1:37.837 DELETED - TRACK LIMITS AT TURN 6 LAP 56 16:35:43
09-13 22:39:42	2026-09-13T14:39:42.426600+00:00		Other				2026-09-13T14:39:40|Other|FIA STEWARDS: TURN 1 INCIDENT INVOLVING CARS 41 (LIN) AND 27 (HUL) REVIEWED NO FURTHER INVESTIGATION - FORCING ANOTHER DRIVER OFF THE TRACK (16:35:23)	FIA STEWARDS: TURN 1 INCIDENT INVOLVING CARS 41 (LIN) AND 27 (HUL) REVIEWED NO FURTHER INVESTIGATION - FORCING ANOTHER DRIVER OFF THE TRACK (16:35:23)	FIA STEWARDS: TURN 1 INCIDENT INVOLVING CARS 41 (LIN) AND 27 (HUL) REVIEWED NO FURTHER INVESTIGATION - FORCING ANOTHER DRIVER OFF THE TRACK (16:35:23)
09-13 22:41:27	2026-09-13T14:41:27.019308+00:00		Other				2026-09-13T14:41:25|Other|ALL PASS HOLDERS MAY ACCESS THE PIT LANE	ALL PASS HOLDERS MAY ACCESS THE PIT LANE	ALL PASS HOLDERS MAY ACCESS THE PIT LANE
09-13 22:41:33	2026-09-13T14:41:33.170385+00:00		Other				2026-09-13T14:41:31|Other|FIA STEWARDS: TURN 5 INCIDENT INVOLVING CAR 3 (VER) REVIEWED NO FURTHER INVESTIGATION - LEAVING THE TRACK AND GAINING AN ADVANTAGE (16:35:42)	FIA STEWARDS: TURN 5 INCIDENT INVOLVING CAR 3 (VER) REVIEWED NO FURTHER INVESTIGATION - LEAVING THE TRACK AND GAINING AN ADVANTAGE (16:35:42)	FIA STEWARDS: TURN 5 INCIDENT INVOLVING CAR 3 (VER) REVIEWED NO FURTHER INVESTIGATION - LEAVING THE TRACK AND GAINING AN ADVANTAGE (16:35:42)
09-13 22:43:03	2026-09-13T14:43:03.871133+00:00		Other				2026-09-13T14:43:01|Other|INCIDENT INVOLVING CAR 10 (GAS) NOTED - SPEEDING IN THE PIT LANE (16:37:16)	INCIDENT INVOLVING CAR 10 (GAS) NOTED - SPEEDING IN THE PIT LANE (16:37:16)	INCIDENT INVOLVING CAR 10 (GAS) NOTED - SPEEDING IN THE PIT LANE (16:37:16)
09-13 22:43:11	2026-09-13T14:43:11.956610+00:00		Other				2026-09-13T14:43:10|Other|FIA STEWARDS: INCIDENT INVOLVING CAR 10 (GAS) UNDER INVESTIGATION - SPEEDING IN THE PIT LANE (16:37:16)	FIA STEWARDS: INCIDENT INVOLVING CAR 10 (GAS) UNDER INVESTIGATION - SPEEDING IN THE PIT LANE (16:37:16)	FIA STEWARDS: INCIDENT INVOLVING CAR 10 (GAS) UNDER INVESTIGATION - SPEEDING IN THE PIT LANE (16:37:16)
09-13 22:43:40	2026-09-13T14:43:40.715761+00:00		Other				2026-09-13T14:43:38|Other|FIA STEWARDS: 5 SECOND TIME PENALTY FOR CAR 10 (GAS) - SPEEDING IN THE PIT LANE (16:37:16)	FIA STEWARDS: 5 SECOND TIME PENALTY FOR CAR 10 (GAS) - SPEEDING IN THE PIT LANE (16:37:16)	FIA STEWARDS: 5 SECOND TIME PENALTY FOR CAR 10 (GAS) - SPEEDING IN THE PIT LANE (16:37:16)
09-13 22:47:35	2026-09-13T14:47:35.313006+00:00	DOUBLE YELLOW	Flag	Sector	4		2026-09-13T14:47:33|Flag|DOUBLE YELLOW IN TRACK SECTOR 4	DOUBLE YELLOW IN TRACK SECTOR 4	DOUBLE YELLOW IN TRACK SECTOR 4
09-13 22:47:35	2026-09-13T14:47:35.411430+00:00	YELLOW	Flag	Sector	3		2026-09-13T14:47:33|Flag|YELLOW IN TRACK SECTOR 3	YELLOW IN TRACK SECTOR 3	YELLOW IN TRACK SECTOR 3
09-13 22:47:36	2026-09-13T14:47:36.836207+00:00	DOUBLE YELLOW	Flag	Sector	6		2026-09-13T14:47:34|Flag|DOUBLE YELLOW IN TRACK SECTOR 6	DOUBLE YELLOW IN TRACK SECTOR 6	DOUBLE YELLOW IN TRACK SECTOR 6
09-13 22:47:36	2026-09-13T14:47:36.864722+00:00	YELLOW	Flag	Sector	5		2026-09-13T14:47:34|Flag|YELLOW IN TRACK SECTOR 5	YELLOW IN TRACK SECTOR 5	YELLOW IN TRACK SECTOR 5
09-13 22:47:49	2026-09-13T14:47:49.186155+00:00	CLEAR	Flag	Sector	3		2026-09-13T14:47:47|Flag|CLEAR IN TRACK SECTOR 3	CLEAR IN TRACK SECTOR 3	CLEAR IN TRACK SECTOR 3
09-13 22:47:50	2026-09-13T14:47:50.707633+00:00	CLEAR	Flag	Sector	5		2026-09-13T14:47:48|Flag|CLEAR IN TRACK SECTOR 5	CLEAR IN TRACK SECTOR 5	CLEAR IN TRACK SECTOR 5
